"","x"
"1","TMS15F1329P0005"
"2","TMS18F1163P0020"
"3","TMS18F1286P0003"
"4","TMS18F1033P0018"
"5","TMS18F1159P0011"
"6","TMS15F1279P0006"
"7","TMS18F1562P0004"
"8","TMS18F1539P0086"
"9","TMS18F1419P0037"
"10","TMS18F1331P0005"
"11","TMS18F1481P0029"
"12","TMS18F1327P0021"
"13","TMS18F1298P0026"
"14","TMS18F1299P0012"
"15","TMS15F1302P0027"
"16","TMS18F1420P0006"
"17","TMS15F1302P0020"
"18","TMS15F1474P0007"
"19","TMS18F1051P0039"
"20","TMS18F1015P0015"
"21","TMS18F1294P0011"
"22","TMS18F1279P0006"
"23","TMS15F1394P0007"
"24","TMS15F1349P0007"
"25","TMS18F1309P0044"
"26","TMS18F1288P0003"
"27","TMS14F1306P0015"
"28","TMS18F1178P0025"
"29","TMS13F1304P0003"
"30","TMS18F1047P0024"
"31","TMS18F1157P0033"
"32","TMS14F1035P0004"
"33","TMS18F1095P0041"
"34","TMS18F1289P0004"
"35","TMS18F1474P0007"
"36","TMS18F1047P0044"
"37","TMS18F1269P0003"
"38","TMS18F1059P0041"
"39","TMS15F1302p0020"
"40","TMS18F1288P0004"
"41","TMS18F1047P0027"
"42","TMS14F1285P0017"
"43","TMS15F1100P0005"
"44","TMS14F1285P0006"
"45","TMS18F1304P0003"
"46","TMS18F1329P0005"
"47","TMS14F1288P0003"
"48","TMS18F1302P0027"
"49","TMS18F1100P0005"
"50","TMS18F1325P0021"
"51","TMS18F1419P0037"
"52","TMS18F1163P0020"
