S1_2142358,1,2142358,snpME0182,QC
S2_263548,2,263548,snpME0191,QC
S3_3305736,3,3305736,snpME0204,QC
S4_20835902,4,20835902,snpME0215,QC
S5_25731301,5,25731301,snpME0228,QC
S6_22586473,6,22586473,snpME0237,QC
S7_22393636,7,22393636,snpME0247,QC
S8_33224659,8,33224659,snpME0260,QC
S9_26425140,9,26425140,snpME0267,QC
S10_647057,10,647057,snpME0271,QC
S11_9899915,11,9899915,snpME0284,QC
S12_21128,12,21128,snpME0290,QC
S13_7545581,13,7545581,snpME0303,QC
S14_449239,14,449239,snpME0311,QC
S15_19066452,15,19066452,snpME0327,QC
S16_26931390,16,26931390,snpME0339,QC
S17_1264295,17,1264295,snpME0342,QC
S18_1055086,18,1055086,snpME0352,QC
S12_7926132,12,7926132,snpME0021,QC
S14_4626854,14,4626854,snpME0025,QC
S1_23040249,1,23040249,snpME0188,QC
S2_15448754,2,15448754,snpME0198,QC
S3_26549771,3,26549771,snpME0209,QC
S4_3519082,4,3519082,snpME0213,QC
S5_1476447,5,1476447,snpME0222,QC
S6_9685143,6,9685143,snpME0233,QC
S7_6753573,7,6753573,snpME0244,QC
S8_933978,8,933978,snpME0252,QC
S9_20714251,9,20714251,snpME0265,QC
S10_24746313,10,24746313,snpME0277,QC
S11_23781175,11,23781175,snpME0287,QC
S12_31062240,12,31062240,snpME0299,QC
S13_25041602,13,25041602,snpME0307,QC
S14_21169878,14,21169878,snpME0319,QC
S15_1472229,15,1472229,snpME0321,QC
S16_24370958,16,24370958,snpME0337,QC
S17_26932699,17,26932699,snpME0349,QC
S18_10387204,18,10387204,snpME0358,QC
S1_24197219,1,24197219,snpME0027,QC
S1_24155522,1,24155522,snpME0001,QC
S1_23289948,1,23289948,,LCOLEXP
S1_23386719,1,23386719,,LCOLEXP
S1_23409212,1,23409212,,LCOLEXP
S1_23428709,1,23428709,,LCOLEXP
S1_23428709,1,23428709,,PETCOL
S1_23452638,1,23452638,,LCOLEXP
S1_23452638,1,23452638,,PETCOL
S1_23469470,1,23469470,,PETCOL
S1_3031209,1,3031209,,INNCOL
S1_3047840,1,3047840,,INNCOL
S1_3097692,1,3097692,,INNCOL
S1_3997280,1,3997280,,INNCOL
S1_3997316,1,3997316,,INNCOL
S15_10273255,15,10273255,,LFSHP
S15_10358826,15,10358826,,LFSHP
S15_10378622,15,10378622,,LFSHP
S15_10385262,15,10385262,,LFSHP
S15_10421401,15,10421401,,LFSHP
S15_10836973,15,10836973,,LFSHP
S15_20408665,15,20408665,,LFSHP
S15_20573383,15,20573383,,LFSHP
S15_20701671,15,20701671,,LFSHP
S2_13867749,2,13867749,,STMCOL
S2_13922801,2,13922801,,STMCOL
S2_13928566,2,13928566,,STMCOL
S2_13994807,2,13994807,,STMCOL
S2_6014842,2,6014842,,LCOLAPC
S2_6080956,2,6080956,,LCOLAPC
S2_6086633,2,6086633,,LCOLAPC
S2_6086714,2,6086714,,LCOLAPC
S2_6235218,2,6235218,,LCOLAPC
S2_6566608,2,6566608,,INNCOL
S2_6575377,2,6575377,,INNCOL
S2_8901472,2,8901472,,INNCOL
S2_8901551,2,8901551,,INNCOL
S3_4545104,3,4545104,,OUTCOL
S3_4545411,3,4545411,,OUTCOL
S3_4587421,3,4587421,,OUTCOL
S3_4588400,3,4588400,,OUTCOL
S3_4681160,3,4681160,,OUTCOL
S3_4745233,3,4745233,,LCOLAPC
S3_4749482,3,4749482,,LCOLAPC
S3_4749492,3,4749492,,LCOLAPC
S8_13392595,8,13392595,,STMCOL
S8_13604799,8,13604799,,STMCOL
S8_13604944,8,13604944,,STMCOL
S8_13665283,8,13665283,,STMCOL
S8_22630799,8,22630799,,STMCOL
S8_22633063,8,22633063,,STMCOL
S8_22633101,8,22633101,,STMCOL
S8_6061415,8,6061415,,LCOLAPC
S8_6061421,8,6061421,,LCOLAPC
S8_6082587,8,6082587,,LCOLAPC
S8_6409580,8,6409580,,LCOLAPC
S1_24159583,1,24159583,,PVA
S1_24160008,1,24160008,,PVA
S1_24197219,1,24197219,,DM
S1_24611696,1,24611696,,DM_PVA
S1_24636113,1,24636113,,DM_PVA
S1_28672656,1,28672656,,CGM
S1_28911996,1,28911996,,CGM
S1_30543380,1,30543380,,PVA
S1_30543962,1,30543962,,PVA
S11_5727148,11,5727148,,CGM
S11_5727254,11,5727254,,CGM
S12_5524524,12,5524524,,DM_CGM
S12_5577084,12,5577084,,DM
S12_6055847,12,6055847,,DM_CGM
S12_6651974,12,6651974,,CGM
S12_7926132,12,7926132,,CMD
S12_7926163,12,7926163,,CMD
S12_7954248,12,7954248,,CMD
S12_7954303,12,7954303,,CMD
S14_4626854,14,4626854,,CMD
S14_9004550,14,9004550,,CMD
S15_1012346,15,1012346,,DM
S15_1114243,15,1114243,,DM
S15_1139360,15,1139360,,DM
S15_1214795,15,1214795,,DM
S15_7659353,15,7659353,,PVA
S15_7659426,15,7659426,,PVA
S16_1306374,16,1306374,,CGM
S16_1501762,16,1501762,,CGM
S16_25663808,16,25663808,,DM
S16_26480202,16,26480202,,DM
S16_26498862,16,26498862,,DM
S16_26520121,16,26520121,,DM
S16_484011,16,484011,,PVA
S16_629035,16,629035,,PVA
S17_23749968,17,23749968,,CGM
S17_23841980,17,23841980,,CGM
S5_3387439,5,3387439,,PVA
S5_3387558,5,3387558,,PVA
S5_3387704,5,3387704,,PVA
S6_20588235,6,20588235,,DM
S6_20589894,6,20589894,,DM
S6_20590503,6,20590503,,DM
S8_1653601,8,1653601,,PVA
S8_25598183,8,25598183,,PVA
S8_25727351,8,25727351,,PVA
S8_4319215,8,4319215,,PVA
S8_6409580,8,6409580,,CGM
S8_6439483,8,6439483,,CGM
S8_6439935,8,6439935,,CGM
S9_1579366,9,1579366,,CGM
S9_1588034,9,1588034,,CGM
S1_24155522,1,24155522,,PVA
S16_773999,16,773999,snpME00402,HCN
S16_796041,16,796041,snpME00403,HCN
S16_800090,16,800090,snpME00404,HCN
S14_5775892,14,5775892,snpME00405,HCN
S14_6050078,14,6050078,snpME00406,HCN
S14_6070331,14,6070331,snpME00407,HCN