,GBSSNPID,CHROM,POS,INTERTEK_SNP_ID,TYPE,,,
1,S1_2142358,1,2142358,snpME0182,QC,,,
2,S2_263548,2,263548,snpME0191,QC,,,
3,S3_3305736,3,3305736,snpME0204,QC,,,
4,S4_20835902,4,20835902,snpME0215,QC,,,
5,S5_25731301,5,25731301,snpME0228,QC,,,
6,S6_22586473,6,22586473,snpME0237,QC,,,
7,S7_22393636,7,22393636,snpME0247,QC,,,
8,S8_33224659,8,33224659,snpME0260,QC,,,
9,S9_26425140,9,26425140,snpME0267,QC,,,
10,S10_647057,10,647057,snpME0271,QC,,,
11,S11_9899915,11,9899915,snpME0284,QC,,,
12,S12_21128,12,21128,snpME0290,QC,,,
13,S13_7545581,13,7545581,snpME0303,QC,,,
14,S14_449239,14,449239,snpME0311,QC,,,
15,S15_19066452,15,19066452,snpME0327,QC,,,
16,S16_26931390,16,26931390,snpME0339,QC,,,
17,S17_1264295,17,1264295,snpME0342,QC,,,
18,S18_1055086,18,1055086,snpME0352,QC,,,
19,S12_7926132,12,7926132,snpME0021,QC,,,
20,S14_4626854,14,4626854,snpME0025,QC,,,
21,S1_23040249,1,23040249,snpME0188,QC,,,
22,S2_15448754,2,15448754,snpME0198,QC,,,
23,S3_26549771,3,26549771,snpME0209,QC,,,
24,S4_3519082,4,3519082,snpME0213,QC,,,
25,S5_1476447,5,1476447,snpME0222,QC,,,
26,S6_9685143,6,9685143,snpME0233,QC,,,
27,S7_6753573,7,6753573,snpME0244,QC,,,
28,S8_933978,8,933978,snpME0252,QC,,,
29,S9_20714251,9,20714251,snpME0265,QC,,,
30,S10_24746313,10,24746313,snpME0277,QC,,,
31,S11_23781175,11,23781175,snpME0287,QC,,,
32,S12_31062240,12,31062240,snpME0299,QC,,,
33,S13_25041602,13,25041602,snpME0307,QC,,,
34,S14_21169878,14,21169878,snpME0319,QC,,,
35,S15_1472229,15,1472229,snpME0321,QC,,,
36,S16_24370958,16,24370958,snpME0337,QC,,,
37,S17_26932699,17,26932699,snpME0349,QC,,,
38,S18_10387204,18,10387204,snpME0358,QC,,,
39,S1_24197219,1,24197219,snpME0027,QC,,,
40,S1_24155522,1,24155522,snpME0001,QC,,,
41,S1_23289948,1,23289948,,LCOLEXP,,,
42,S1_23386719,1,23386719,,LCOLEXP,,,
43,S1_23409212,1,23409212,,LCOLEXP,,,
44,S1_23428709,1,23428709,,LCOLEXP,,,
45,S1_23428709,1,23428709,,PETCOL,,,
46,S1_23452638,1,23452638,,LCOLEXP,,,
47,S1_23452638,1,23452638,,PETCOL,,,
48,S1_23469470,1,23469470,,PETCOL,,,
49,S1_3031209,1,3031209,,INNCOL,,,
50,S1_3047840,1,3047840,,INNCOL,,,
51,S1_3097692,1,3097692,,INNCOL,,,
52,S1_3997280,1,3997280,,INNCOL,,,
53,S1_3997316,1,3997316,,INNCOL,,,
54,S15_10273255,15,10273255,,LFSHP,,,
55,S15_10358826,15,10358826,,LFSHP,,,
56,S15_10378622,15,10378622,,LFSHP,,,
57,S15_10385262,15,10385262,,LFSHP,,,
58,S15_10421401,15,10421401,,LFSHP,,,
59,S15_10836973,15,10836973,,LFSHP,,,
60,S15_20408665,15,20408665,,LFSHP,,,
61,S15_20573383,15,20573383,,LFSHP,,,
62,S15_20701671,15,20701671,,LFSHP,,,
63,S2_13867749,2,13867749,,STMCOL,,,
64,S2_13922801,2,13922801,,STMCOL,,,
65,S2_13928566,2,13928566,,STMCOL,,,
66,S2_13994807,2,13994807,,STMCOL,,,
67,S2_6014842,2,6014842,,LCOLAPC,,,
68,S2_6080956,2,6080956,,LCOLAPC,,,
69,S2_6086633,2,6086633,,LCOLAPC,,,
70,S2_6086714,2,6086714,,LCOLAPC,,,
71,S2_6235218,2,6235218,,LCOLAPC,,,
72,S2_6566608,2,6566608,,INNCOL,,,
73,S2_6575377,2,6575377,,INNCOL,,,
74,S2_8901472,2,8901472,,INNCOL,,,
75,S2_8901551,2,8901551,,INNCOL,,,
76,S3_4545104,3,4545104,,OUTCOL,,,
77,S3_4545411,3,4545411,,OUTCOL,,,
78,S3_4587421,3,4587421,,OUTCOL,,,
79,S3_4588400,3,4588400,,OUTCOL,,,
80,S3_4681160,3,4681160,,OUTCOL,,,
81,S3_4745233,3,4745233,,LCOLAPC,,,
82,S3_4749482,3,4749482,,LCOLAPC,,,
83,S3_4749492,3,4749492,,LCOLAPC,,,
84,S8_13392595,8,13392595,,STMCOL,,,
85,S8_13604799,8,13604799,,STMCOL,,,
86,S8_13604944,8,13604944,,STMCOL,,,
87,S8_13665283,8,13665283,,STMCOL,,,
88,S8_22630799,8,22630799,,STMCOL,,,
89,S8_22633063,8,22633063,,STMCOL,,,
90,S8_22633101,8,22633101,,STMCOL,,,
91,S8_6061415,8,6061415,,LCOLAPC,,,
92,S8_6061421,8,6061421,,LCOLAPC,,,
93,S8_6082587,8,6082587,,LCOLAPC,,,
94,S8_6409580,8,6409580,,LCOLAPC,,,
95,S1_24159583,1,24159583,,PVA,,,
96,S1_24160008,1,24160008,,PVA,,,
97,S1_24197219,1,24197219,,DM,,,
98,S1_24611696,1,24611696,,DM_PVA,,,
99,S1_24636113,1,24636113,,DM_PVA,Introgression,AltAllele,GlazAllele
100,S1_28672656,1,28672656,,CGM,GlazPoly IDM,T,A
101,S1_28911996,1,28911996,,CGM,Strict IDM,T,C
102,S1_30543380,1,30543380,,PVA,Strict IDM,G,A
103,S1_30543962,1,30543962,,PVA,GlazPoly IDM,A,G
104,S11_5727148,11,5727148,,CGM,,,
105,S11_5727254,11,5727254,,CGM,,,
106,S12_5524524,12,5524524,,DM_CGM,,,
107,S12_5577084,12,5577084,,DM,,,
108,S12_6055847,12,6055847,,DM_CGM,,,
109,S12_6651974,12,6651974,,CGM,,,
110,S12_7926132,12,7926132,,CMD,,,
111,S12_7926163,12,7926163,,CMD,,,
112,S12_7954248,12,7954248,,CMD,,,
113,S12_7954303,12,7954303,,CMD,,,
114,S14_4626854,14,4626854,,CMD,,,
115,S14_9004550,14,9004550,,CMD,,,
116,S15_1012346,15,1012346,,DM,,,
117,S15_1114243,15,1114243,,DM,,,
118,S15_1139360,15,1139360,,DM,,,
119,S15_1214795,15,1214795,,DM,,,
120,S15_7659353,15,7659353,,PVA,,,
121,S15_7659426,15,7659426,,PVA,,,
122,S16_1306374,16,1306374,,CGM,,,
123,S16_1501762,16,1501762,,CGM,,,
124,S16_25663808,16,25663808,,DM,,,
125,S16_26480202,16,26480202,,DM,,,
126,S16_26498862,16,26498862,,DM,,,
127,S16_26520121,16,26520121,,DM,,,
128,S16_484011,16,484011,,PVA,,,
129,S16_629035,16,629035,,PVA,,,
130,S17_23749968,17,23749968,,CGM,,,
131,S17_23841980,17,23841980,,CGM,,,
132,S5_3387439,5,3387439,,PVA,,,
133,S5_3387558,5,3387558,,PVA,,,
134,S5_3387704,5,3387704,,PVA,,,
135,S6_20588235,6,20588235,,DM,,,
136,S6_20589894,6,20589894,,DM,,,
137,S6_20590503,6,20590503,,DM,,,
138,S8_1653601,8,1653601,,PVA,,,
139,S8_25598183,8,25598183,,PVA,,,
140,S8_25727351,8,25727351,,PVA,,,
141,S8_4319215,8,4319215,,PVA,,,
142,S8_6409580,8,6409580,,CGM,,,
143,S8_6439483,8,6439483,,CGM,,,
144,S8_6439935,8,6439935,,CGM,,,
145,S9_1579366,9,1579366,,CGM,,,
146,S9_1588034,9,1588034,,CGM,,,
147,S1_24155522,1,24155522,,PVA,,,
148,S16_773999,16,773999,snpME00402,HCN,,,
149,S16_796041,16,796041,snpME00403,HCN,,,
150,S16_800090,16,800090,snpME00404,HCN,,,
151,S14_5775892,14,5775892,snpME00405,HCN,,,
152,S14_6050078,14,6050078,snpME00406,HCN,,,
153,S14_6070331,14,6070331,snpME00407,HCN,,,