V6_NAME,CHROM_V7,POS_V7,INTERTEK_SNP_ID,TYPE
S1_2142358,1,2503855,snpME0182,QC
S2_263548,2,326685,snpME0191,QC
S3_3305736,3,3605331,snpME0204,QC
S4_20835902,4,24621312,snpME0215,QC
S5_25731301,5,29355625,snpME0228,QC
S6_22586473,6,25308438,snpME0237,QC
S7_22393636,7,28479164,snpME0247,QC
S8_33224659,8,39767079,snpME0260,QC
S9_26425140,9,31267585,snpME0267,QC
S10_647057,10,947461,snpME0271,QC
S11_9899915,11,12460769,snpME0284,QC
S12_21128,12,25861,snpME0290,QC
S13_7545581,13,8825866,snpME0303,QC
S14_449239,14,555000,snpME0311,QC
S15_19066452,15,22507037,snpME0327,QC
S16_26931390,16,30640677,snpME0339,QC
S17_1264295,17,1852890,snpME0342,QC
S12_7926132,12,10934974,,CMD
S14_4626854,14,5066022,,CMD
S1_23040249,1,26635279,snpME0188,QC
S2_15448754,2,17590593,snpME0198,QC
S3_26549771,3,31834927,snpME0209,QC
S4_3519082,4,3923760,snpME0213,QC
S5_1476447,5,1626378,snpME0222,QC
S6_9685143,6,10674843,snpME0233,QC
S7_6753573,7,7961112,snpME0244,QC
S8_933978,8,1587257,snpME0252,QC
S9_20714251,15,23810846,snpME0265,QC
S10_24746313,10,27492728,snpME0277,QC
S11_23781175,11,29142183,snpME0287,QC
S12_31062240,12,35435091,snpME0299,QC
S13_25041602,13,29789094,snpME0307,QC
S14_21169878,14,24449388,snpME0319,QC
S15_1472229,15,1691806,snpME0321,QC
S16_24370958,16,27907479,snpME0337,QC
S17_26932699,17,29272239,snpME0349,QC
S18_10387204,18,13269641,snpME0358,QC
S1_24197219,1,27856728,,DM
S1_24155522,1,27813884,,PVA
S1_23289948,1,26903832,,LCOLEXP
S1_23386719,1,27005074,,LCOLEXP
S1_23409212,1,27027580,,LCOLEXP
S1_23428709,1,27047042,,PETCOL
S1_23428709,1,27047042,,PETCOL
S1_23452638,1,27071135,,PETCOL
S1_23452638,1,27071135,,PETCOL
S1_23469470,1,27087961,,PETCOL
S1_3031209,1,3854326,,INNCOL
S1_3047840,1,3870954,,INNCOL
S1_3097692,1,3920814,,INNCOL
S1_3997280,1,4852447,,INNCOL
S1_3997316,1,4852483,,INNCOL
S15_10273255,15,11150277,,LFSHP
S15_10358826,15,11236446,,LFSHP
S15_10378622,15,11256315,,LFSHP
S15_10385262,15,11262953,,LFSHP
S15_10421401,15,11299735,,LFSHP
S15_10836973,15,11721659,,LFSHP
S15_20408665,15,23518770,,LFSHP
S15_20573383,15,23695470,,LFSHP
S15_20701671,15,23937432,,LFSHP
S2_13867749,2,15864333,,STMCOL
S2_13922801,2,15919932,,STMCOL
S2_13928566,2,15925697,,STMCOL
S2_13994807,2,16001176,,STMCOL
S2_6014842,2,7180633,,LCOLAPC
S2_6080956,2,7246172,,LCOLAPC
S2_6086633,2,7251847,,LCOLAPC
S2_6086714,2,7251928,,LCOLAPC
S2_6235218,2,7410176,,LCOLAPC
S2_6566608,2,7835857,,INNCOL
S2_6575377,2,7844625,,INNCOL
S2_8901472,2,10219143,,INNCOL
S2_8901551,2,10219222,,INNCOL
S3_4545104,3,4882240,,OUTCOL
S3_4545411,3,4882547,,OUTCOL
S3_4587421,3,4923882,,OUTCOL
S3_4588400,3,4924861,,OUTCOL
S3_4681160,3,5098568,,OUTCOL
S3_4745233,3,5279447,,LCOLAPC
S3_4749482,3,5283696,,LCOLAPC
S3_4749492,3,5283706,,LCOLAPC
S8_13392595,8,17037113,,STMCOL
S8_13604799,8,17260775,,STMCOL
S8_13604944,8,17260920,,STMCOL
S8_13665283,8,17310722,,STMCOL
S8_22630799,8,23570701,,STMCOL
S8_22633063,8,23585042,,STMCOL
S8_22633101,8,23585080,,STMCOL
S8_6061415,8,6641254,,LCOLAPC
S8_6061421,8,6641260,,LCOLAPC
S8_6082587,8,6662404,,LCOLAPC
S8_6409580,8,7101298,,CGM
S1_24159583,1,27817930,,PVA
S1_24160008,1,27818355,,PVA
S1_24197219,1,27856728,,DM
S1_24611696,1,28272433,,DM_PVA
S1_24636113,1,28296830,,DM_PVA
S1_28672656,1,32695058,,CGM
S1_28911996,1,32932453,,CGM
S1_30543380,1,34690796,,PVA
S1_30543962,1,34691378,,PVA
S11_5727148,11,6652071,,CGM
S11_5727254,11,6652177,,CGM
S12_5524524,12,7575076,,DM_CGM
S12_5577084,12,7628150,,DM
S12_6055847,12,8617437,,DM_CGM
S12_6651974,12,9327985,,CGM
S12_7926132,12,10934974,,CMD
S12_7926163,12,10935005,,CMD
S12_7954248,12,10963087,,CMD
S12_7954303,12,10963142,,CMD
S14_4626854,14,5066022,,CMD
S14_9004550,12,8052847,,CMD
S15_1012346,15,1178924,,DM
S15_1114243,15,1280811,,DM
S15_1139360,15,1305928,,DM
S15_1214795,15,1381706,,DM
S15_7659353,15,8334267,,PVA
S15_7659426,15,8334340,,PVA
S16_1306374,16,1309629,,CGM
S16_1501762,16,1525014,,CGM
S16_25663808,16,29246357,,DM
S16_26480202,16,30170339,,DM
S16_26498862,16,30188373,,DM
S16_26520121,16,30228476,,DM
S16_484011,16,492343,,PVA
S16_629035,16,637776,,PVA
S17_23749968,17,26893609,,CGM
S17_23841980,17,26990493,,CGM
S5_3387439,5,3612020,,PVA
S5_3387558,5,3612139,,PVA
S5_3387704,5,3612285,,PVA
S6_20588235,6,23246542,,DM
S6_20589894,6,23248197,,DM
S6_20590503,6,23248806,,DM
S8_1653601,8,1965455,,PVA
S8_25598183,8,31520115,,PVA
S8_25727351,8,31674644,,PVA
S8_4319215,8,4799038,,PVA
S8_6409580,8,7101298,,CGM
S8_6439483,8,7131200,,CGM
S8_6439935,8,7131652,,CGM
S9_1579366,9,1663729,,CGM
S9_1588034,9,1672409,,CGM
S1_24155522,1,27813884,,PVA
S16_773999,16,782699,snpME00402,HCN
S16_796041,16,804741,snpME00403,HCN
S16_800090,16,808790,snpME00404,HCN
S14_5775892,14,6166016,snpME00405,HCN
S14_6050078,14,6466495,snpME00406,HCN
S14_6070331,14,6486672,snpME00407,HCN