"CHROM","POS","END"
"Chromosome04","5350551","5350651"
"Chromosome04","5350678","5350778"
"Chromosome04","5352049","5352149"
"Chromosome04","5354436","5354536"
"Chromosome04","5354460","5354560"
"Chromosome04","5411129","5411229"
"Chromosome04","5803456","5803556"
"Chromosome04","5951247","5951347"
"Chromosome04","5959330","5959430"
"Chromosome04","6067870","6067970"
"Chromosome04","6139183","6139283"
"Chromosome04","7299854","7299954"
"Chromosome04","7300067","7300167"
"Chromosome04","7333796","7333896"
"Chromosome04","7368596","7368696"
"Chromosome04","7431948","7432048"
"Chromosome04","7669252","7669352"
"Chromosome04","7700725","7700825"
"Chromosome04","7918524","7918624"
"Chromosome04","7921906","7922006"
"Chromosome04","7921914","7922014"
"Chromosome04","7922404","7922504"
"Chromosome04","7922405","7922505"
"Chromosome04","7922412","7922512"
"Chromosome04","7960957","7961057"
"Chromosome04","7961638","7961738"
"Chromosome04","7961642","7961742"
"Chromosome04","8348555","8348655"
"Chromosome04","8924643","8924743"
"Chromosome04","8924659","8924759"
"Chromosome04","8930653","8930753"
"Chromosome04","8930701","8930801"
"Chromosome04","8930703","8930803"
"Chromosome04","8931865","8931965"
"Chromosome04","9006808","9006908"
"Chromosome04","9006812","9006912"
"Chromosome04","9007917","9008017"
"Chromosome04","9008009","9008109"
"Chromosome04","9082861","9082961"
"Chromosome04","9220374","9220474"
"Chromosome04","9669626","9669726"
"Chromosome04","9960880","9960980"
"Chromosome04","10038170","10038270"
"Chromosome04","10624333","10624433"
"Chromosome04","10659924","10660024"
"Chromosome04","10659994","10660094"
"Chromosome04","10663582","10663682"
"Chromosome04","10663602","10663702"
"Chromosome04","10770586","10770686"
"Chromosome04","10770596","10770696"
"Chromosome04","10774889","10774989"
"Chromosome04","10781822","10781922"
"Chromosome04","10783519","10783619"
"Chromosome04","10974986","10975086"
"Chromosome04","10975017","10975117"
"Chromosome04","10975019","10975119"
"Chromosome04","11048147","11048247"
"Chromosome04","11048241","11048341"
"Chromosome04","11130838","11130938"
"Chromosome04","11391294","11391394"
"Chromosome04","11558470","11558570"
"Chromosome04","11558479","11558579"
"Chromosome04","11558491","11558591"
"Chromosome04","11558531","11558631"
"Chromosome04","11700459","11700559"
"Chromosome04","11700512","11700612"
"Chromosome04","11700551","11700651"
"Chromosome04","11700565","11700665"
"Chromosome04","11708975","11709075"
"Chromosome04","11716073","11716173"
"Chromosome04","11716159","11716259"
"Chromosome04","11716309","11716409"
"Chromosome04","11716336","11716436"
"Chromosome04","11717190","11717290"
"Chromosome04","11717198","11717298"
"Chromosome04","11717200","11717300"
"Chromosome04","11717233","11717333"
"Chromosome04","11729932","11730032"
"Chromosome04","11729972","11730072"
"Chromosome04","11730086","11730186"
"Chromosome04","11730132","11730232"
"Chromosome04","11737756","11737856"
"Chromosome04","11798361","11798461"
"Chromosome04","11799134","11799234"
"Chromosome04","11807869","11807969"
"Chromosome04","11808248","11808348"
"Chromosome04","11808263","11808363"
"Chromosome04","11852212","11852312"
"Chromosome04","11852234","11852334"
"Chromosome04","11852891","11852991"
"Chromosome04","12285870","12285970"
"Chromosome04","12285871","12285971"
"Chromosome04","12286080","12286180"
"Chromosome04","12288205","12288305"
"Chromosome04","12288207","12288307"
"Chromosome04","12453248","12453348"
"Chromosome04","12825329","12825429"
"Chromosome04","12826889","12826989"
"Chromosome04","13228519","13228619"
"Chromosome04","13228544","13228644"
"Chromosome04","13274900","13275000"
"Chromosome04","13275073","13275173"
"Chromosome04","13276487","13276587"
"Chromosome04","13278282","13278382"
"Chromosome04","13890756","13890856"
"Chromosome04","13890766","13890866"
"Chromosome04","14852936","14853036"
"Chromosome04","14853618","14853718"
"Chromosome04","14853684","14853784"
"Chromosome04","14853915","14854015"
"Chromosome04","14998116","14998216"
"Chromosome04","15086924","15087024"
"Chromosome04","15086933","15087033"
"Chromosome04","15208635","15208735"
"Chromosome04","16180537","16180637"
"Chromosome04","16181431","16181531"
"Chromosome04","16181691","16181791"
"Chromosome04","16196844","16196944"
"Chromosome04","16514859","16514959"
"Chromosome04","16927910","16928010"
"Chromosome04","17386126","17386226"
"Chromosome04","17386566","17386666"
"Chromosome04","17392461","17392561"
"Chromosome04","17396289","17396389"
"Chromosome04","17396300","17396400"
"Chromosome04","17396365","17396465"
"Chromosome04","17397786","17397886"
"Chromosome04","17400838","17400938"
"Chromosome04","17400840","17400940"
"Chromosome04","17400845","17400945"
"Chromosome04","17400858","17400958"
"Chromosome04","17756570","17756670"
"Chromosome04","17758722","17758822"
"Chromosome04","17965931","17966031"
"Chromosome04","17994047","17994147"
"Chromosome04","18100538","18100638"
"Chromosome04","18102362","18102462"
"Chromosome04","18528107","18528207"
"Chromosome04","18756177","18756277"
"Chromosome04","18758950","18759050"
"Chromosome04","18916948","18917048"
"Chromosome04","18916953","18917053"
"Chromosome04","18916978","18917078"
"Chromosome04","18916986","18917086"
"Chromosome04","19050012","19050112"
"Chromosome04","19078392","19078492"
"Chromosome04","19079865","19079965"
"Chromosome04","19175281","19175381"
"Chromosome04","19193134","19193234"
"Chromosome04","19198446","19198546"
"Chromosome04","19198557","19198657"
"Chromosome04","19198561","19198661"
"Chromosome04","19198605","19198705"
"Chromosome04","19198652","19198752"
"Chromosome04","19199756","19199856"
"Chromosome04","19205453","19205553"
"Chromosome04","19205536","19205636"
"Chromosome04","19205844","19205944"
"Chromosome04","19205853","19205953"
"Chromosome04","20123260","20123360"
"Chromosome04","20123298","20123398"
"Chromosome04","20182573","20182673"
"Chromosome04","21255345","21255445"
"Chromosome04","21269091","21269191"
"Chromosome04","21390803","21390903"
"Chromosome04","21390855","21390955"
"Chromosome04","21390862","21390962"
"Chromosome04","21594364","21594464"
"Chromosome04","21600281","21600381"
"Chromosome04","21693583","21693683"
"Chromosome04","21734455","21734555"
"Chromosome04","21789109","21789209"
"Chromosome04","21789140","21789240"
"Chromosome04","21837547","21837647"
"Chromosome04","21880561","21880661"
"Chromosome04","22072561","22072661"
"Chromosome04","22081156","22081256"
"Chromosome04","22081267","22081367"
"Chromosome04","22081311","22081411"
"Chromosome04","22370561","22370661"
"Chromosome04","22370572","22370672"
"Chromosome04","22382485","22382585"
"Chromosome04","22386578","22386678"
"Chromosome04","22891881","22891981"
"Chromosome04","22892338","22892438"
"Chromosome04","22892506","22892606"
"Chromosome04","22939411","22939511"
"Chromosome04","22939441","22939541"
"Chromosome04","22953185","22953285"
"Chromosome04","22953722","22953822"
"Chromosome04","22962848","22962948"
"Chromosome04","22964833","22964933"
"Chromosome04","22964869","22964969"
"Chromosome04","23058181","23058281"
"Chromosome04","23058430","23058530"
"Chromosome04","23058439","23058539"
"Chromosome04","23093650","23093750"
"Chromosome04","23188293","23188393"
"Chromosome04","23410750","23410850"
"Chromosome04","23426418","23426518"
"Chromosome04","23442240","23442340"
"Chromosome04","23444835","23444935"
"Chromosome04","23445650","23445750"
"Chromosome04","23533411","23533511"
"Chromosome04","23548431","23548531"
"Chromosome04","23549892","23549992"
"Chromosome04","23655567","23655667"
"Chromosome04","23655604","23655704"
"Chromosome04","23660820","23660920"
"Chromosome04","23670378","23670478"
"Chromosome04","23675779","23675879"
"Chromosome04","23707697","23707797"
"Chromosome04","23707748","23707848"
"Chromosome04","23707931","23708031"
"Chromosome04","23707935","23708035"
"Chromosome04","23719552","23719652"
"Chromosome04","23775243","23775343"
"Chromosome04","23775355","23775455"
"Chromosome04","23801054","23801154"
"Chromosome04","23801415","23801515"
"Chromosome04","23801446","23801546"
"Chromosome04","23804607","23804707"
"Chromosome04","23804617","23804717"
"Chromosome04","23816296","23816396"
"Chromosome04","23846481","23846581"
"Chromosome04","23957447","23957547"
"Chromosome04","23984421","23984521"
"Chromosome04","24031232","24031332"
"Chromosome04","24040631","24040731"
"Chromosome04","24166685","24166785"
"Chromosome04","24217563","24217663"
"Chromosome04","24263040","24263140"
"Chromosome04","24382080","24382180"
"Chromosome04","24484375","24484475"
"Chromosome04","24510363","24510463"
"Chromosome04","24510719","24510819"
"Chromosome04","24540468","24540568"
"Chromosome04","24581513","24581613"
"Chromosome04","24581528","24581628"
"Chromosome04","24622388","24622488"
"Chromosome04","24680622","24680722"
"Chromosome04","25194427","25194527"
"Chromosome04","25204090","25204190"
"Chromosome04","25449424","25449524"
"Chromosome04","25495295","25495395"
"Chromosome04","25495305","25495405"
"Chromosome04","25515058","25515158"
"Chromosome04","25516103","25516203"
"Chromosome04","25516125","25516225"
"Chromosome04","25527424","25527524"
"Chromosome04","25527429","25527529"
"Chromosome04","25536029","25536129"
"Chromosome04","25536173","25536273"
"Chromosome04","25536694","25536794"
"Chromosome04","25536737","25536837"
"Chromosome04","25568192","25568292"
"Chromosome04","25582526","25582626"
"Chromosome04","25607193","25607293"
"Chromosome04","25643312","25643412"
"Chromosome04","25761851","25761951"
"Chromosome04","25902691","25902791"
"Chromosome04","25902695","25902795"
"Chromosome04","25945264","25945364"
"Chromosome04","25945320","25945420"
"Chromosome04","25945321","25945421"
"Chromosome04","25958511","25958611"
"Chromosome04","25959976","25960076"
"Chromosome04","25983268","25983368"
"Chromosome04","25985509","25985609"
"Chromosome04","25986816","25986916"
"Chromosome04","25992497","25992597"
"Chromosome04","26017751","26017851"
"Chromosome04","26018368","26018468"
"Chromosome04","26019516","26019616"
"Chromosome04","26072099","26072199"
"Chromosome04","26072126","26072226"
"Chromosome04","26078730","26078830"
"Chromosome04","26086639","26086739"
"Chromosome04","26095147","26095247"
"Chromosome04","26261636","26261736"
"Chromosome04","26261644","26261744"
"Chromosome04","26261666","26261766"
"Chromosome04","26261667","26261767"
"Chromosome04","26266478","26266578"
"Chromosome04","26290464","26290564"
"Chromosome04","26308597","26308697"
"Chromosome04","26336252","26336352"
"Chromosome04","26336291","26336391"
"Chromosome04","26336294","26336394"
"Chromosome04","26338147","26338247"
"Chromosome04","26349592","26349692"
"Chromosome04","26352368","26352468"
"Chromosome04","26377977","26378077"
"Chromosome04","26554609","26554709"
"Chromosome04","26556938","26557038"
"Chromosome04","26556996","26557096"
"Chromosome04","26572195","26572295"
"Chromosome04","26572772","26572872"
"Chromosome04","26574721","26574821"
"Chromosome04","26599236","26599336"
"Chromosome04","26611588","26611688"
"Chromosome04","26664031","26664131"
"Chromosome04","26706356","26706456"
"Chromosome04","27069871","27069971"
"Chromosome04","27076404","27076504"
"Chromosome04","27152976","27153076"
"Chromosome04","27158066","27158166"
"Chromosome04","27166643","27166743"
"Chromosome04","27169296","27169396"
"Chromosome04","27172741","27172841"
"Chromosome04","27172771","27172871"
"Chromosome04","27172991","27173091"
"Chromosome04","27173012","27173112"
"Chromosome04","27173042","27173142"
"Chromosome04","27191278","27191378"
"Chromosome04","27191411","27191511"
"Chromosome04","27229242","27229342"
"Chromosome04","27249609","27249709"
"Chromosome04","27317791","27317891"
"Chromosome04","27331481","27331581"
"Chromosome04","27332811","27332911"
"Chromosome04","27332812","27332912"
"Chromosome04","27333527","27333627"
"Chromosome04","27334137","27334237"
"Chromosome04","27422552","27422652"
"Chromosome04","27428160","27428260"
"Chromosome04","27448340","27448440"
"Chromosome04","27449895","27449995"
"Chromosome04","27466735","27466835"
"Chromosome04","27466765","27466865"
"Chromosome04","27472113","27472213"
"Chromosome04","27503286","27503386"
"Chromosome04","27513114","27513214"
"Chromosome04","27513125","27513225"
"Chromosome04","27513227","27513327"
"Chromosome04","27513237","27513337"
"Chromosome04","27563296","27563396"
"Chromosome04","27604262","27604362"
"Chromosome04","27605851","27605951"
"Chromosome04","27616274","27616374"
"Chromosome04","27648995","27649095"
"Chromosome04","27652464","27652564"
"Chromosome04","27657834","27657934"
"Chromosome04","27660757","27660857"
"Chromosome04","27661878","27661978"
"Chromosome04","27668149","27668249"
"Chromosome04","27668353","27668453"
"Chromosome04","27681860","27681960"
"Chromosome04","27701390","27701490"
"Chromosome04","27746229","27746329"
"Chromosome04","27775098","27775198"
"Chromosome04","27810672","27810772"
"Chromosome04","27814927","27815027"
"Chromosome04","30732750","30732850"
"Chromosome04","30801973","30802073"
"Chromosome04","30807357","30807457"
"Chromosome04","30880475","30880575"
"Chromosome04","30884705","30884805"
"Chromosome04","30914879","30914979"
"Chromosome04","30950464","30950564"
"Chromosome04","30956204","30956304"
"Chromosome04","30956783","30956883"
"Chromosome04","31087046","31087146"
"Chromosome04","31152196","31152296"
"Chromosome04","31158932","31159032"
"Chromosome04","31171229","31171329"
"Chromosome04","31194890","31194990"
"Chromosome04","31194935","31195035"
"Chromosome04","31195511","31195611"
"Chromosome04","31205054","31205154"
"Chromosome04","31205070","31205170"
"Chromosome04","31255843","31255943"
"Chromosome04","31262670","31262770"
"Chromosome04","31362783","31362883"
"Chromosome04","31362808","31362908"
"Chromosome04","31365379","31365479"
"Chromosome04","31370761","31370861"
"Chromosome04","31388010","31388110"
"Chromosome04","31397947","31398047"
"Chromosome04","31508722","31508822"
"Chromosome04","31515540","31515640"
"Chromosome04","31533831","31533931"
"Chromosome04","31533832","31533932"
"Chromosome04","31533933","31534033"
"Chromosome04","31589323","31589423"
"Chromosome04","31590307","31590407"
"Chromosome04","31608083","31608183"
"Chromosome04","31659400","31659500"
"Chromosome04","31669542","31669642"
"Chromosome04","31674957","31675057"
"Chromosome04","31678245","31678345"
"Chromosome04","31678451","31678551"
"Chromosome04","31684124","31684224"
"Chromosome04","31718791","31718891"
"Chromosome04","31751717","31751817"
"Chromosome04","31751813","31751913"
"Chromosome04","31753478","31753578"
"Chromosome04","31782080","31782180"
"Chromosome04","31782089","31782189"
"Chromosome04","31785622","31785722"
"Chromosome04","31789376","31789476"
