"","SubjectID","27643909","28103607","29449366","31196826","32865115","34462062","35808218","37123583","38699792","39131171","row_sum","Status","accession","female.parent.accession","male.parent.accession","type","family"
"77","TMS21F1976P0001_A36776",0,0,0,0,0,0,0,0,0,0,0,"nonrecomb","TMS21F1976P0001","TMS15F1329P0005","TMS15F1100P0005","biparental","TMS15F1329P0005_TMS15F1100P0005"
"78","TMS21F1976P0003_A36777",0,0,0,0,0,0,0,0,0,0,0,"nonrecomb","TMS21F1976P0003","TMS15F1329P0005","TMS15F1100P0005","biparental","TMS15F1329P0005_TMS15F1100P0005"
"79","TMS21F1976P0006_A36778",1,1,1,1,1,1,1,1,1,1,10,"nonrecomb","TMS21F1976P0006","TMS15F1329P0005","TMS15F1100P0005","biparental","TMS15F1329P0005_TMS15F1100P0005"
"80","TMS21F1976P0008_A36779",1,1,1,1,1,1,1,1,1,2,11,"other","TMS21F1976P0008","TMS15F1329P0005","TMS15F1100P0005","biparental","TMS15F1329P0005_TMS15F1100P0005"
"81","TMS21F1976P0009_A36780",0,0,0,0,0,0,0,1,1,1,3,"other","TMS21F1976P0009","TMS15F1329P0005","TMS15F1100P0005","biparental","TMS15F1329P0005_TMS15F1100P0005"
"82","TMS21F1976P0011_A36781",0,0,0,0,0,0,0,0,0,0,0,"nonrecomb","TMS21F1976P0011","TMS15F1329P0005","TMS15F1100P0005","biparental","TMS15F1329P0005_TMS15F1100P0005"
"83","TMS21F1976P0013_A36782",1,1,1,1,1,1,0,0,0,0,6,"other","TMS21F1976P0013","TMS15F1329P0005","TMS15F1100P0005","biparental","TMS15F1329P0005_TMS15F1100P0005"
"84","TMS21F1976P0015_A36783",1,1,1,1,1,1,1,1,1,1,10,"nonrecomb","TMS21F1976P0015","TMS15F1329P0005","TMS15F1100P0005","biparental","TMS15F1329P0005_TMS15F1100P0005"
"85","TMS21F1976P0017_A36784",1,1,1,1,1,1,1,1,1,1,10,"nonrecomb","TMS21F1976P0017","TMS15F1329P0005","TMS15F1100P0005","biparental","TMS15F1329P0005_TMS15F1100P0005"
"86","TMS21F1976P0019_A36785",0,0,0,0,0,0,0,0,0,0,0,"nonrecomb","TMS21F1976P0019","TMS15F1329P0005","TMS15F1100P0005","biparental","TMS15F1329P0005_TMS15F1100P0005"
"87","TMS21F1976P0021_A36786",1,1,1,1,1,1,1,1,0,0,8,"other","TMS21F1976P0021","TMS15F1329P0005","TMS15F1100P0005","biparental","TMS15F1329P0005_TMS15F1100P0005"
"88","TMS21F1976P0022_A36787",0,0,1,1,1,1,1,2,2,2,11,"other","TMS21F1976P0022","TMS15F1329P0005","TMS15F1100P0005","biparental","TMS15F1329P0005_TMS15F1100P0005"
"128","TMS21F1980P0001_A36957",1,1,1,1,1,1,1,1,1,1,10,"nonrecomb","TMS21F1980P0001","TMS18F1163P0020","TMS15F1100P0005","biparental","TMS18F1163P0020_TMS15F1100P0005"
"129","TMS21F1980P0002_A36829",0,0,0,0,0,0,0,1,1,1,3,"other","TMS21F1980P0002","TMS18F1163P0020","TMS15F1100P0005","biparental","TMS18F1163P0020_TMS15F1100P0005"
"130","TMS21F1980P0004_A36830",2,2,2,2,2,2,1,1,1,1,16,"other","TMS21F1980P0004","TMS18F1163P0020","TMS15F1100P0005","biparental","TMS18F1163P0020_TMS15F1100P0005"
"131","TMS21F1981P0001_A36831",2,2,2,2,2,2,2,2,2,2,20,"nonrecomb","TMS21F1981P0001","TMS18F1286P0003","TMS15F1100P0005","biparental","TMS18F1286P0003_TMS15F1100P0005"
"132","TMS21F1981P0003_A36832",2,2,2,2,2,2,2,2,2,2,20,"nonrecomb","TMS21F1981P0003","TMS18F1286P0003","TMS15F1100P0005","biparental","TMS18F1286P0003_TMS15F1100P0005"
"133","TMS21F1981P0004_A36833",0,0,0,0,0,0,0,0,0,0,0,"nonrecomb","TMS21F1981P0004","TMS18F1286P0003","TMS15F1100P0005","biparental","TMS18F1286P0003_TMS15F1100P0005"
"134","TMS21F1981P0006_A36834",1,1,1,1,1,1,1,1,1,1,10,"nonrecomb","TMS21F1981P0006","TMS18F1286P0003","TMS15F1100P0005","biparental","TMS18F1286P0003_TMS15F1100P0005"
"135","TMS21F1981P0007_A36956",1,1,1,1,1,1,1,1,1,1,10,"nonrecomb","TMS21F1981P0007","TMS18F1286P0003","TMS15F1100P0005","biparental","TMS18F1286P0003_TMS15F1100P0005"
"147","TMS21F1983P0001_A36846",0,0,0,0,0,0,0,0,0,0,0,"nonrecomb","TMS21F1983P0001","TMS18F1033P0018","TMS15F1100P0005","biparental","TMS18F1033P0018_TMS15F1100P0005"
"148","TMS21F1983P0003_A36847",1,1,1,1,1,1,1,1,1,1,10,"nonrecomb","TMS21F1983P0003","TMS18F1033P0018","TMS15F1100P0005","biparental","TMS18F1033P0018_TMS15F1100P0005"
"149","TMS21F1983P0005_A36848",1,1,1,1,1,1,1,1,1,1,10,"nonrecomb","TMS21F1983P0005","TMS18F1033P0018","TMS15F1100P0005","biparental","TMS18F1033P0018_TMS15F1100P0005"
"150","TMS21F1983P0007_A36849",1,1,1,1,0,0,0,0,0,0,4,"other","TMS21F1983P0007","TMS18F1033P0018","TMS15F1100P0005","biparental","TMS18F1033P0018_TMS15F1100P0005"
"151","TMS21F1983P0009_A36850",1,1,1,1,1,1,1,1,1,1,10,"nonrecomb","TMS21F1983P0009","TMS18F1033P0018","TMS15F1100P0005","biparental","TMS18F1033P0018_TMS15F1100P0005"
"152","TMS21F1983P0011_A36851",2,2,2,2,2,2,2,2,2,2,20,"nonrecomb","TMS21F1983P0011","TMS18F1033P0018","TMS15F1100P0005","biparental","TMS18F1033P0018_TMS15F1100P0005"
"153","TMS21F1983P0013_A36852",1,1,1,1,1,1,1,1,1,1,10,"nonrecomb","TMS21F1983P0013","TMS18F1033P0018","TMS15F1100P0005","biparental","TMS18F1033P0018_TMS15F1100P0005"
"157","TMS21F1985P0001_A36856",1,1,1,1,1,1,0,0,0,0,6,"other","TMS21F1985P0001","TMS18F1159P0011","TMS15F1100P0005","biparental","TMS18F1159P0011_TMS15F1100P0005"
"158","TMS21F1985P0003_A36857",1,1,1,1,1,1,1,1,1,1,10,"nonrecomb","TMS21F1985P0003","TMS18F1159P0011","TMS15F1100P0005","biparental","TMS18F1159P0011_TMS15F1100P0005"
"159","TMS21F1985P0005_A36858",0,0,0,0,0,0,1,1,1,1,4,"other","TMS21F1985P0005","TMS18F1159P0011","TMS15F1100P0005","biparental","TMS18F1159P0011_TMS15F1100P0005"
"160","TMS21F1985P0006_A36859",1,1,1,1,1,1,1,1,1,1,10,"nonrecomb","TMS21F1985P0006","TMS18F1159P0011","TMS15F1100P0005","biparental","TMS18F1159P0011_TMS15F1100P0005"
"161","TMS21F1985P0007_A36860",1,1,1,1,1,1,1,1,1,1,10,"nonrecomb","TMS21F1985P0007","TMS18F1159P0011","TMS15F1100P0005","biparental","TMS18F1159P0011_TMS15F1100P0005"
"170","TMS21F1988P0001_A36868",1,1,1,1,1,1,1,1,1,1,10,"nonrecomb","TMS21F1988P0001","TMS15F1279P0006","TMS15F1100P0005","biparental","TMS15F1279P0006_TMS15F1100P0005"
"171","TMS21F1988P0002_A36869",1,1,1,1,1,1,1,1,1,1,10,"nonrecomb","TMS21F1988P0002","TMS15F1279P0006","TMS15F1100P0005","biparental","TMS15F1279P0006_TMS15F1100P0005"
"172","TMS21F1989P0002_A36870",2,2,2,1,1,1,1,1,1,1,13,"other","TMS21F1989P0002","TMS18F1562P0004","TMS15F1329P0005","biparental","TMS18F1562P0004_TMS15F1329P0005"
"173","TMS21F1989P0003_A36968",2,2,2,2,2,2,1,1,1,1,16,"other","TMS21F1989P0003","TMS18F1562P0004","TMS15F1329P0005","biparental","TMS18F1562P0004_TMS15F1329P0005"
"174","TMS21F1989P0004_A36871",0,0,0,0,0,0,0,0,0,0,0,"nonrecomb","TMS21F1989P0004","TMS18F1562P0004","TMS15F1329P0005","biparental","TMS18F1562P0004_TMS15F1329P0005"
"175","TMS21F1990P0001_A36872",2,2,2,2,2,2,2,1,1,1,17,"other","TMS21F1990P0001","TMS18F1562P0004","TMS18F1033P0018","biparental","TMS18F1562P0004_TMS18F1033P0018"
"176","TMS21F1990P0002_A36967",1,1,1,1,1,1,1,1,1,1,10,"nonrecomb","TMS21F1990P0002","TMS18F1562P0004","TMS18F1033P0018","biparental","TMS18F1562P0004_TMS18F1033P0018"
"177","TMS21F1990P0003_A36873",0,0,0,0,0,0,0,0,0,0,0,"nonrecomb","TMS21F1990P0003","TMS18F1562P0004","TMS18F1033P0018","biparental","TMS18F1562P0004_TMS18F1033P0018"
"185","TMS21F1993P0001_A36878",1,1,1,1,1,1,1,1,1,1,10,"nonrecomb","TMS21F1993P0001","TMS18F1562P0004","TMS15F1100P0005","biparental","TMS18F1562P0004_TMS15F1100P0005"
"186","TMS21F1994P0002_A36879",NA,NA,NA,0,NA,NA,NA,NA,NA,NA,0,NA,"TMS21F1994P0002","TMS18F1539P0086","TMS15F1100P0005","biparental","TMS18F1539P0086_TMS15F1100P0005"
"187","TMS21F1994P0003_A36963",0,0,0,0,0,0,0,0,0,0,0,"nonrecomb","TMS21F1994P0003","TMS18F1539P0086","TMS15F1100P0005","biparental","TMS18F1539P0086_TMS15F1100P0005"
"188","TMS21F1994P0004_A36880",1,1,0,0,0,0,0,0,0,0,2,"other","TMS21F1994P0004","TMS18F1539P0086","TMS15F1100P0005","biparental","TMS18F1539P0086_TMS15F1100P0005"
"189","TMS21F1994P0006_A36881",0,0,0,0,0,0,0,0,0,0,0,"nonrecomb","TMS21F1994P0006","TMS18F1539P0086","TMS15F1100P0005","biparental","TMS18F1539P0086_TMS15F1100P0005"
"190","TMS21F1994P0008_A36882",1,1,1,1,1,1,1,0,0,NA,7,"other","TMS21F1994P0008","TMS18F1539P0086","TMS15F1100P0005","biparental","TMS18F1539P0086_TMS15F1100P0005"
"191","TMS21F1994P0010_A36883",0,0,0,0,0,1,1,1,1,1,5,"other","TMS21F1994P0010","TMS18F1539P0086","TMS15F1100P0005","biparental","TMS18F1539P0086_TMS15F1100P0005"
"192","TMS21F1995P0001_A36962",0,0,0,0,0,0,0,0,0,0,0,"nonrecomb","TMS21F1995P0001","TMS18F1539P0086","TMS15F1329P0005","biparental","TMS18F1539P0086_TMS15F1329P0005"
"193","TMS21F1995P0002_A36884",1,1,1,1,1,0,0,0,0,0,5,"other","TMS21F1995P0002","TMS18F1539P0086","TMS15F1329P0005","biparental","TMS18F1539P0086_TMS15F1329P0005"
"194","TMS21F1995P0004_A36885",2,2,2,2,2,2,2,2,2,2,20,"nonrecomb","TMS21F1995P0004","TMS18F1539P0086","TMS15F1329P0005","biparental","TMS18F1539P0086_TMS15F1329P0005"
"195","TMS21F1995P0005_A36961",0,0,0,0,0,0,0,0,0,0,0,"nonrecomb","TMS21F1995P0005","TMS18F1539P0086","TMS15F1329P0005","biparental","TMS18F1539P0086_TMS15F1329P0005"
"196","TMS21F1995P0006_A36886",1,1,1,1,1,1,1,1,1,1,10,"nonrecomb","TMS21F1995P0006","TMS18F1539P0086","TMS15F1329P0005","biparental","TMS18F1539P0086_TMS15F1329P0005"
"208","TMS21F1997P0002_A36898",1,1,1,1,1,1,1,1,1,1,10,"nonrecomb","TMS21F1997P0002","TMS18F1539P0086","TMS18F1033P0018","biparental","TMS18F1539P0086_TMS18F1033P0018"
"209","TMS21F1997P0004_A36899",0,0,1,1,1,1,1,2,2,2,11,"other","TMS21F1997P0004","TMS18F1539P0086","TMS18F1033P0018","biparental","TMS18F1539P0086_TMS18F1033P0018"
"210","TMS21F1997P0005_A36900",1,1,1,1,1,0,1,1,1,1,9,"other","TMS21F1997P0005","TMS18F1539P0086","TMS18F1033P0018","biparental","TMS18F1539P0086_TMS18F1033P0018"
"211","TMS21F1997P0006_A36901",1,1,1,1,1,1,1,1,1,1,10,"nonrecomb","TMS21F1997P0006","TMS18F1539P0086","TMS18F1033P0018","biparental","TMS18F1539P0086_TMS18F1033P0018"
"220","TMS21F2000P0002_A36910",0,0,0,0,0,0,0,0,0,0,0,"nonrecomb","TMS21F2000P0002","TMS18F1419P0037","TMS18F1269P0003","biparental","TMS18F1419P0037_TMS18F1269P0003"
"221","TMS21F2000P0003_A36911",1,1,1,1,1,1,1,1,1,1,10,"nonrecomb","TMS21F2000P0003","TMS18F1419P0037","TMS18F1269P0003","biparental","TMS18F1419P0037_TMS18F1269P0003"
"222","TMS21F2001P0002_A36912",1,1,1,1,1,1,1,1,1,1,10,"nonrecomb","TMS21F2001P0002","TMS18F1419P0037","TMS15F1100P0005","biparental","TMS18F1419P0037_TMS15F1100P0005"
"223","TMS21F2001P0005_A36913",0,0,0,0,0,0,0,0,0,0,0,"nonrecomb","TMS21F2001P0005","TMS18F1419P0037","TMS15F1100P0005","biparental","TMS18F1419P0037_TMS15F1100P0005"
"224","TMS21F2001P0007_A36914",0,0,0,0,0,0,1,1,1,1,4,"other","TMS21F2001P0007","TMS18F1419P0037","TMS15F1100P0005","biparental","TMS18F1419P0037_TMS15F1100P0005"
"225","TMS21F2001P0008_A36915",0,0,0,0,0,0,0,0,0,0,0,"nonrecomb","TMS21F2001P0008","TMS18F1419P0037","TMS15F1100P0005","biparental","TMS18F1419P0037_TMS15F1100P0005"
"226","TMS21F2002P0002_A36916",2,2,2,2,1,2,2,2,2,2,19,"other","TMS21F2002P0002","TMS18F1419P0037","TMS18F1033P0018","biparental","TMS18F1419P0037_TMS18F1033P0018"
"227","TMS21F2002P0004_A36917",1,1,0,0,0,0,0,0,0,0,2,"other","TMS21F2002P0004","TMS18F1419P0037","TMS18F1033P0018","biparental","TMS18F1419P0037_TMS18F1033P0018"
"228","TMS21F2002P0006_A36918",1,1,1,1,1,1,1,1,1,1,10,"nonrecomb","TMS21F2002P0006","TMS18F1419P0037","TMS18F1033P0018","biparental","TMS18F1419P0037_TMS18F1033P0018"
"229","TMS21F2002P0008_A36919",1,1,1,1,1,1,1,1,1,1,10,"nonrecomb","TMS21F2002P0008","TMS18F1419P0037","TMS18F1033P0018","biparental","TMS18F1419P0037_TMS18F1033P0018"
"230","TMS21F2002P0010_A36920",2,2,2,2,2,1,1,1,1,1,15,"other","TMS21F2002P0010","TMS18F1419P0037","TMS18F1033P0018","biparental","TMS18F1419P0037_TMS18F1033P0018"
"231","TMS21F2002P0011_A36921",0,0,0,0,0,0,0,0,0,0,0,"nonrecomb","TMS21F2002P0011","TMS18F1419P0037","TMS18F1033P0018","biparental","TMS18F1419P0037_TMS18F1033P0018"
"232","TMS21F2002P0012_A36922",2,2,2,2,2,2,2,2,2,2,20,"nonrecomb","TMS21F2002P0012","TMS18F1419P0037","TMS18F1033P0018","biparental","TMS18F1419P0037_TMS18F1033P0018"
"237","TMS21F2004P0001_A36927",1,1,1,1,1,1,1,1,1,1,10,"nonrecomb","TMS21F2004P0001","TMS18F1331P0005","TMS18F1269P0003","biparental","TMS18F1331P0005_TMS18F1269P0003"
"238","TMS21F2004P0003_A36928",2,2,2,2,2,2,2,2,2,2,20,"nonrecomb","TMS21F2004P0003","TMS18F1331P0005","TMS18F1269P0003","biparental","TMS18F1331P0005_TMS18F1269P0003"
"239","TMS21F2006P0001_A36929",1,0,0,0,0,0,0,0,0,0,1,"other","TMS21F2006P0001","TMS18F1331P0005","TMS15F1329P0005","biparental","TMS18F1331P0005_TMS15F1329P0005"
"240","TMS21F2006P0002_A36930",2,2,2,2,2,2,2,2,2,2,20,"nonrecomb","TMS21F2006P0002","TMS18F1331P0005","TMS15F1329P0005","biparental","TMS18F1331P0005_TMS15F1329P0005"
"241","TMS21F2008P0001_A36931",1,1,1,NA,NA,NA,NA,NA,NA,NA,3,"nonrecomb","TMS21F2008P0001","TMS18F1331P0005","TMS15F1100P0005","biparental","TMS18F1331P0005_TMS15F1100P0005"
"242","TMS21F2008P0002_A36932",1,1,1,1,1,1,1,1,1,1,10,"nonrecomb","TMS21F2008P0002","TMS18F1331P0005","TMS15F1100P0005","biparental","TMS18F1331P0005_TMS15F1100P0005"
"243","TMS21F2008P0004_A36933",1,1,1,0,0,0,0,0,0,0,3,"other","TMS21F2008P0004","TMS18F1331P0005","TMS15F1100P0005","biparental","TMS18F1331P0005_TMS15F1100P0005"
"244","TMS21F2008P0007_A36934",1,1,1,1,1,1,0,0,0,0,6,"other","TMS21F2008P0007","TMS18F1331P0005","TMS15F1100P0005","biparental","TMS18F1331P0005_TMS15F1100P0005"
"245","TMS21F2008P0008_A36935",1,1,2,2,2,2,2,2,2,2,18,"other","TMS21F2008P0008","TMS18F1331P0005","TMS15F1100P0005","biparental","TMS18F1331P0005_TMS15F1100P0005"
"246","TMS21F2008P0009_A36936",0,0,0,1,1,1,1,1,1,1,7,"other","TMS21F2008P0009","TMS18F1331P0005","TMS15F1100P0005","biparental","TMS18F1331P0005_TMS15F1100P0005"
"247","TMS21F2008P0011_A36937",0,0,1,1,1,1,1,1,1,1,8,"other","TMS21F2008P0011","TMS18F1331P0005","TMS15F1100P0005","biparental","TMS18F1331P0005_TMS15F1100P0005"
"248","TMS21F2009P0002_A36938",2,2,2,2,2,2,2,2,2,2,20,"nonrecomb","TMS21F2009P0002","TMS18F1481P0029","TMS18F1033P0018","biparental","TMS18F1481P0029_TMS18F1033P0018"
"249","TMS21F2009P0004_A36939",0,0,0,1,1,1,1,1,1,1,7,"other","TMS21F2009P0004","TMS18F1481P0029","TMS18F1033P0018","biparental","TMS18F1481P0029_TMS18F1033P0018"
"250","TMS21F2009P0006_A36940",0,0,0,0,0,0,0,0,0,0,0,"nonrecomb","TMS21F2009P0006","TMS18F1481P0029","TMS18F1033P0018","biparental","TMS18F1481P0029_TMS18F1033P0018"
"251","TMS21F2009P0008_A36941",1,1,1,1,1,1,2,2,2,2,14,"other","TMS21F2009P0008","TMS18F1481P0029","TMS18F1033P0018","biparental","TMS18F1481P0029_TMS18F1033P0018"
"252","TMS21F2009P0011_A36942",1,1,1,1,1,1,1,1,1,1,10,"nonrecomb","TMS21F2009P0011","TMS18F1481P0029","TMS18F1033P0018","biparental","TMS18F1481P0029_TMS18F1033P0018"
"253","TMS21F2009P0013_A36943",1,1,1,1,1,1,1,1,1,1,10,"nonrecomb","TMS21F2009P0013","TMS18F1481P0029","TMS18F1033P0018","biparental","TMS18F1481P0029_TMS18F1033P0018"
"254","TMS21F2009P0015_A36944",0,0,0,0,0,0,0,0,0,0,0,"nonrecomb","TMS21F2009P0015","TMS18F1481P0029","TMS18F1033P0018","biparental","TMS18F1481P0029_TMS18F1033P0018"
"255","TMS21F2009P0017_A36945",0,0,0,0,0,0,0,0,0,0,0,"nonrecomb","TMS21F2009P0017","TMS18F1481P0029","TMS18F1033P0018","biparental","TMS18F1481P0029_TMS18F1033P0018"
"256","TMS21F2009P0019_A36946",0,0,0,0,0,0,1,1,1,1,4,"other","TMS21F2009P0019","TMS18F1481P0029","TMS18F1033P0018","biparental","TMS18F1481P0029_TMS18F1033P0018"
"257","TMS21F2009P0021_A36947",0,0,0,0,0,0,0,0,0,0,0,"nonrecomb","TMS21F2009P0021","TMS18F1481P0029","TMS18F1033P0018","biparental","TMS18F1481P0029_TMS18F1033P0018"
"258","TMS21F2009P0022_A36948",1,1,1,1,1,1,1,1,1,1,10,"nonrecomb","TMS21F2009P0022","TMS18F1481P0029","TMS18F1033P0018","biparental","TMS18F1481P0029_TMS18F1033P0018"
"259","TMS21F2010P0001_A36949",1,1,1,1,1,1,1,1,1,1,10,"nonrecomb","TMS21F2010P0001","TMS18F1481P0029","TMS18F1269P0003","biparental","TMS18F1481P0029_TMS18F1269P0003"
"260","TMS21F2010P0002_A36950",2,2,2,2,2,2,2,2,2,2,20,"nonrecomb","TMS21F2010P0002","TMS18F1481P0029","TMS18F1269P0003","biparental","TMS18F1481P0029_TMS18F1269P0003"
"261","TMS21F2010P0003_A36951",1,1,1,1,1,1,1,1,0,0,8,"other","TMS21F2010P0003","TMS18F1481P0029","TMS18F1269P0003","biparental","TMS18F1481P0029_TMS18F1269P0003"
"262","TMS21F2010P0005_A36991",1,1,1,1,1,1,1,1,1,1,10,"nonrecomb","TMS21F2010P0005","TMS18F1481P0029","TMS18F1269P0003","biparental","TMS18F1481P0029_TMS18F1269P0003"
"263","TMS21F2010P0006_A37067",2,2,2,2,2,2,2,2,2,2,20,"nonrecomb","TMS21F2010P0006","TMS18F1481P0029","TMS18F1269P0003","biparental","TMS18F1481P0029_TMS18F1269P0003"
"264","TMS21F2011P0001_A36992",1,1,1,1,1,1,1,1,1,1,10,"nonrecomb","TMS21F2011P0001","TMS18F1481P0029","TMS18F1159P0011","biparental","TMS18F1481P0029_TMS18F1159P0011"
"265","TMS21F2011P0002_A37068",2,2,2,2,2,1,1,0,0,0,12,"other","TMS21F2011P0002","TMS18F1481P0029","TMS18F1159P0011","biparental","TMS18F1481P0029_TMS18F1159P0011"
"266","TMS21F2011P0003_A36993",1,1,1,1,1,1,2,2,2,2,14,"other","TMS21F2011P0003","TMS18F1481P0029","TMS18F1159P0011","biparental","TMS18F1481P0029_TMS18F1159P0011"
"267","TMS21F2012P0001_A37069",0,0,0,0,0,0,1,1,1,1,4,"other","TMS21F2012P0001","TMS18F1481P0029","TMS15F1329P0005","biparental","TMS18F1481P0029_TMS15F1329P0005"
"268","TMS21F2012P0002_A36994",1,1,1,1,1,1,1,1,0,0,8,"other","TMS21F2012P0002","TMS18F1481P0029","TMS15F1329P0005","biparental","TMS18F1481P0029_TMS15F1329P0005"
"269","TMS21F2012P0004_A36995",1,1,1,1,1,1,1,1,1,1,10,"nonrecomb","TMS21F2012P0004","TMS18F1481P0029","TMS15F1329P0005","biparental","TMS18F1481P0029_TMS15F1329P0005"
"270","TMS21F2012P0006_A36996",1,1,1,1,1,1,1,2,2,2,13,"other","TMS21F2012P0006","TMS18F1481P0029","TMS15F1329P0005","biparental","TMS18F1481P0029_TMS15F1329P0005"
"271","TMS21F2012P0008_A36997",0,0,0,0,0,2,2,2,2,2,10,"other","TMS21F2012P0008","TMS18F1481P0029","TMS15F1329P0005","biparental","TMS18F1481P0029_TMS15F1329P0005"
"272","TMS21F2012P0010_A36998",1,1,1,1,1,1,1,1,1,1,10,"nonrecomb","TMS21F2012P0010","TMS18F1481P0029","TMS15F1329P0005","biparental","TMS18F1481P0029_TMS15F1329P0005"
"273","TMS21F2012P0011_A37070",0,0,0,0,0,0,1,1,1,1,4,"other","TMS21F2012P0011","TMS18F1481P0029","TMS15F1329P0005","biparental","TMS18F1481P0029_TMS15F1329P0005"
"274","TMS21F2012P0012_A36999",1,1,1,1,1,1,1,1,1,1,10,"nonrecomb","TMS21F2012P0012","TMS18F1481P0029","TMS15F1329P0005","biparental","TMS18F1481P0029_TMS15F1329P0005"
"275","TMS21F2012P0014_A37000",0,0,1,1,1,2,2,2,2,2,13,"other","TMS21F2012P0014","TMS18F1481P0029","TMS15F1329P0005","biparental","TMS18F1481P0029_TMS15F1329P0005"
"276","TMS21F2012P0017_A37001",1,1,1,1,1,1,1,1,1,1,10,"nonrecomb","TMS21F2012P0017","TMS18F1481P0029","TMS15F1329P0005","biparental","TMS18F1481P0029_TMS15F1329P0005"
"277","TMS21F2012P0018_A37002",1,1,1,1,1,2,1,1,1,1,11,"other","TMS21F2012P0018","TMS18F1481P0029","TMS15F1329P0005","biparental","TMS18F1481P0029_TMS15F1329P0005"
"278","TMS21F2012P0020_A37003",0,0,0,0,0,0,0,0,0,0,0,"nonrecomb","TMS21F2012P0020","TMS18F1481P0029","TMS15F1329P0005","biparental","TMS18F1481P0029_TMS15F1329P0005"
"279","TMS21F2012P0021_A37071",1,1,1,1,1,1,1,1,1,1,10,"nonrecomb","TMS21F2012P0021","TMS18F1481P0029","TMS15F1329P0005","biparental","TMS18F1481P0029_TMS15F1329P0005"
"280","TMS21F2012P0022_A37004",0,0,0,0,0,0,0,1,1,1,3,"other","TMS21F2012P0022","TMS18F1481P0029","TMS15F1329P0005","biparental","TMS18F1481P0029_TMS15F1329P0005"
"281","TMS21F2012P0024_A37005",1,1,1,1,1,1,1,1,1,1,10,"nonrecomb","TMS21F2012P0024","TMS18F1481P0029","TMS15F1329P0005","biparental","TMS18F1481P0029_TMS15F1329P0005"
"298","TMS21F2014P0001_A37014",1,1,1,1,1,1,1,1,1,1,10,"nonrecomb","TMS21F2014P0001","TMS18F1481P0029","TMS15F1100P0005","biparental","TMS18F1481P0029_TMS15F1100P0005"
"299","TMS21F2014P0002_A37080",1,1,1,1,1,1,1,1,1,1,10,"nonrecomb","TMS21F2014P0002","TMS18F1481P0029","TMS15F1100P0005","biparental","TMS18F1481P0029_TMS15F1100P0005"
"300","TMS21F2014P0003_A37015",0,0,0,0,0,0,0,0,0,0,0,"nonrecomb","TMS21F2014P0003","TMS18F1481P0029","TMS15F1100P0005","biparental","TMS18F1481P0029_TMS15F1100P0005"
"301","TMS21F2014P0005_A37016",0,0,0,0,0,0,0,0,0,0,0,"nonrecomb","TMS21F2014P0005","TMS18F1481P0029","TMS15F1100P0005","biparental","TMS18F1481P0029_TMS15F1100P0005"
"302","TMS21F2014P0006_A37081",0,0,0,0,0,0,0,0,0,0,0,"nonrecomb","TMS21F2014P0006","TMS18F1481P0029","TMS15F1100P0005","biparental","TMS18F1481P0029_TMS15F1100P0005"
"303","TMS21F2014P0007_A37017",1,1,1,1,1,1,1,1,1,1,10,"nonrecomb","TMS21F2014P0007","TMS18F1481P0029","TMS15F1100P0005","biparental","TMS18F1481P0029_TMS15F1100P0005"
"304","TMS21F2014P0009_A37018",1,1,1,1,1,1,1,1,1,1,10,"nonrecomb","TMS21F2014P0009","TMS18F1481P0029","TMS15F1100P0005","biparental","TMS18F1481P0029_TMS15F1100P0005"
"305","TMS21F2014P0010_A37082",0,0,0,0,0,1,1,1,1,1,5,"other","TMS21F2014P0010","TMS18F1481P0029","TMS15F1100P0005","biparental","TMS18F1481P0029_TMS15F1100P0005"
"306","TMS21F2014P0011_A37019",1,1,1,1,1,1,1,1,1,1,10,"nonrecomb","TMS21F2014P0011","TMS18F1481P0029","TMS15F1100P0005","biparental","TMS18F1481P0029_TMS15F1100P0005"
"307","TMS21F2014P0012_A37083",1,1,1,1,1,1,0,0,0,0,6,"other","TMS21F2014P0012","TMS18F1481P0029","TMS15F1100P0005","biparental","TMS18F1481P0029_TMS15F1100P0005"
"308","TMS21F2014P0013_A37020",1,1,1,1,1,1,1,1,1,1,10,"nonrecomb","TMS21F2014P0013","TMS18F1481P0029","TMS15F1100P0005","biparental","TMS18F1481P0029_TMS15F1100P0005"
"309","TMS21F2014P0014_A37084",1,1,1,1,1,1,1,1,1,1,10,"nonrecomb","TMS21F2014P0014","TMS18F1481P0029","TMS15F1100P0005","biparental","TMS18F1481P0029_TMS15F1100P0005"
"310","TMS21F2014P0015_A37021",1,1,1,1,1,1,1,1,1,1,10,"nonrecomb","TMS21F2014P0015","TMS18F1481P0029","TMS15F1100P0005","biparental","TMS18F1481P0029_TMS15F1100P0005"
"311","TMS21F2014P0017_A37022",1,1,1,1,1,1,1,1,1,1,10,"nonrecomb","TMS21F2014P0017","TMS18F1481P0029","TMS15F1100P0005","biparental","TMS18F1481P0029_TMS15F1100P0005"
"312","TMS21F2015P0001_A37023",0,0,0,0,0,0,0,1,1,1,3,"other","TMS21F2015P0001","TMS18F1327P0021","TMS15F1279P0006","biparental","TMS18F1327P0021_TMS15F1279P0006"
"328","TMS21F2017P0002_A37039",0,0,0,0,0,0,0,0,0,0,0,"nonrecomb","TMS21F2017P0002","TMS18F1327P0021","TMS18F1269P0003","biparental","TMS18F1327P0021_TMS18F1269P0003"
"329","TMS21F2018P0002_A37040",1,1,1,1,1,2,2,2,2,2,15,"other","TMS21F2018P0002","TMS18F1327P0021","TMS18F1033P0018","biparental","TMS18F1327P0021_TMS18F1033P0018"
"330","TMS21F2018P0004_A37041",1,1,1,1,1,1,1,1,1,1,10,"nonrecomb","TMS21F2018P0004","TMS18F1327P0021","TMS18F1033P0018","biparental","TMS18F1327P0021_TMS18F1033P0018"
"331","TMS21F2018P0006_A37042",1,1,1,1,1,1,1,1,1,1,10,"nonrecomb","TMS21F2018P0006","TMS18F1327P0021","TMS18F1033P0018","biparental","TMS18F1327P0021_TMS18F1033P0018"
"332","TMS21F2018P0008_A37043",1,1,1,1,1,1,1,1,1,1,10,"nonrecomb","TMS21F2018P0008","TMS18F1327P0021","TMS18F1033P0018","biparental","TMS18F1327P0021_TMS18F1033P0018"
"333","TMS21F2019P0001_A37044",1,1,1,1,1,1,1,1,1,1,10,"nonrecomb","TMS21F2019P0001","TMS18F1327P0021","TMS15F1100P0005","biparental","TMS18F1327P0021_TMS15F1100P0005"
"334","TMS21F2019P0003_A37045",2,2,2,2,1,1,1,1,0,0,12,"other","TMS21F2019P0003","TMS18F1327P0021","TMS15F1100P0005","biparental","TMS18F1327P0021_TMS15F1100P0005"
"335","TMS21F2019P0005_A37046",1,1,1,1,1,1,1,1,1,1,10,"nonrecomb","TMS21F2019P0005","TMS18F1327P0021","TMS15F1100P0005","biparental","TMS18F1327P0021_TMS15F1100P0005"
"336","TMS21F2019P0007_A37047",0,0,0,0,0,0,0,0,0,0,0,"nonrecomb","TMS21F2019P0007","TMS18F1327P0021","TMS15F1100P0005","biparental","TMS18F1327P0021_TMS15F1100P0005"
"337","TMS21F2019P0009_A37048",1,1,1,1,1,1,1,1,1,1,10,"nonrecomb","TMS21F2019P0009","TMS18F1327P0021","TMS15F1100P0005","biparental","TMS18F1327P0021_TMS15F1100P0005"
"338","TMS21F2019P0011_A37049",1,1,1,1,1,1,1,1,1,1,10,"nonrecomb","TMS21F2019P0011","TMS18F1327P0021","TMS15F1100P0005","biparental","TMS18F1327P0021_TMS15F1100P0005"
"339","TMS21F2019P0013_A37050",1,1,1,0,0,0,0,NA,0,0,3,"other","TMS21F2019P0013","TMS18F1327P0021","TMS15F1100P0005","biparental","TMS18F1327P0021_TMS15F1100P0005"
"340","TMS21F2019P0015_A37051",1,1,1,1,1,1,1,1,1,1,10,"nonrecomb","TMS21F2019P0015","TMS18F1327P0021","TMS15F1100P0005","biparental","TMS18F1327P0021_TMS15F1100P0005"
"341","TMS21F2019P0016_A37052",1,1,1,NA,1,1,1,1,1,1,9,"nonrecomb","TMS21F2019P0016","TMS18F1327P0021","TMS15F1100P0005","biparental","TMS18F1327P0021_TMS15F1100P0005"
"342","TMS21F2019P0018_A37053",0,0,0,0,0,0,0,0,0,0,0,"nonrecomb","TMS21F2019P0018","TMS18F1327P0021","TMS15F1100P0005","biparental","TMS18F1327P0021_TMS15F1100P0005"
"343","TMS21F2020P0001_A37054",2,2,2,2,2,1,1,1,1,1,15,"other","TMS21F2020P0001","TMS18F1327P0021","TMS15F1329P0005","biparental","TMS18F1327P0021_TMS15F1329P0005"
"344","TMS21F2020P0003_A37055",0,0,0,0,0,1,1,1,1,1,5,"other","TMS21F2020P0003","TMS18F1327P0021","TMS15F1329P0005","biparental","TMS18F1327P0021_TMS15F1329P0005"
"345","TMS21F2020P0005_A37056",0,0,0,0,0,0,0,0,0,0,0,"nonrecomb","TMS21F2020P0005","TMS18F1327P0021","TMS15F1329P0005","biparental","TMS18F1327P0021_TMS15F1329P0005"
"346","TMS21F2020P0007_A37057",1,1,1,1,1,2,2,2,2,2,15,"other","TMS21F2020P0007","TMS18F1327P0021","TMS15F1329P0005","biparental","TMS18F1327P0021_TMS15F1329P0005"
"347","TMS21F2020P0009_A37058",2,2,2,2,2,2,2,1,1,1,17,"other","TMS21F2020P0009","TMS18F1327P0021","TMS15F1329P0005","biparental","TMS18F1327P0021_TMS15F1329P0005"
"348","TMS21F2020P0011_A37059",0,0,0,1,1,1,1,1,1,1,7,"other","TMS21F2020P0011","TMS18F1327P0021","TMS15F1329P0005","biparental","TMS18F1327P0021_TMS15F1329P0005"
"349","TMS21F2020P0013_A37060",1,1,1,1,1,1,1,1,1,1,10,"nonrecomb","TMS21F2020P0013","TMS18F1327P0021","TMS15F1329P0005","biparental","TMS18F1327P0021_TMS15F1329P0005"
"350","TMS21F2020P0015_A37061",0,0,0,0,0,0,0,0,0,0,0,"nonrecomb","TMS21F2020P0015","TMS18F1327P0021","TMS15F1329P0005","biparental","TMS18F1327P0021_TMS15F1329P0005"
"352","TMS21F2024P0001_A37063",1,1,1,1,1,1,1,1,1,1,10,"nonrecomb","TMS21F2024P0001","TMS18F1298P0026","TMS15F1100P0005","biparental","TMS18F1298P0026_TMS15F1100P0005"
"353","TMS21F2024P0004_A37064",0,0,0,0,0,0,0,0,0,0,0,"nonrecomb","TMS21F2024P0004","TMS18F1298P0026","TMS15F1100P0005","biparental","TMS18F1298P0026_TMS15F1100P0005"
"354","TMS21F2024P0005_A37065",1,1,1,1,1,1,1,1,1,1,10,"nonrecomb","TMS21F2024P0005","TMS18F1298P0026","TMS15F1100P0005","biparental","TMS18F1298P0026_TMS15F1100P0005"
"355","TMS21F2024P0006_A37066",1,1,1,1,1,0,0,0,0,0,5,"other","TMS21F2024P0006","TMS18F1298P0026","TMS15F1100P0005","biparental","TMS18F1298P0026_TMS15F1100P0005"
"356","TMS21F2026P0001_A36970",1,1,1,1,1,1,1,1,1,1,10,"nonrecomb","TMS21F2026P0001","TMS18F1299P0012","TMS18F1269P0003","biparental","TMS18F1299P0012_TMS18F1269P0003"
"357","TMS21F2026P0003_A36971",1,1,1,1,1,1,1,1,1,1,10,"nonrecomb","TMS21F2026P0003","TMS18F1299P0012","TMS18F1269P0003","biparental","TMS18F1299P0012_TMS18F1269P0003"
"360","TMS21F2029P0002_A36974",1,1,1,1,1,1,1,1,1,1,10,"nonrecomb","TMS21F2029P0002","TMS18F1299P0012","TMS15F1329P0005","biparental","TMS18F1299P0012_TMS15F1329P0005"
"361","TMS21F2030P0002_A36975",0,0,0,0,0,0,0,0,0,0,0,"nonrecomb","TMS21F2030P0002","TMS18F1299P0012","TMS15F1100P0005","biparental","TMS18F1299P0012_TMS15F1100P0005"
"362","TMS21F2030P0004_A36976",1,1,1,1,1,1,1,1,0,0,8,"other","TMS21F2030P0004","TMS18F1299P0012","TMS15F1100P0005","biparental","TMS18F1299P0012_TMS15F1100P0005"
"363","TMS21F2030P0006_A36977",1,1,1,1,1,1,1,0,0,0,7,"other","TMS21F2030P0006","TMS18F1299P0012","TMS15F1100P0005","biparental","TMS18F1299P0012_TMS15F1100P0005"
"364","TMS21F2030P0008_A36978",1,1,1,1,1,1,0,0,0,0,6,"other","TMS21F2030P0008","TMS18F1299P0012","TMS15F1100P0005","biparental","TMS18F1299P0012_TMS15F1100P0005"
"365","TMS21F2030P0009_A36979",1,1,1,1,1,1,1,1,1,1,10,"nonrecomb","TMS21F2030P0009","TMS18F1299P0012","TMS15F1100P0005","biparental","TMS18F1299P0012_TMS15F1100P0005"
"366","TMS21F2030P0011_A36980",1,1,1,1,1,1,1,1,1,1,10,"nonrecomb","TMS21F2030P0011","TMS18F1299P0012","TMS15F1100P0005","biparental","TMS18F1299P0012_TMS15F1100P0005"
"624","TMS21F2066P0001_A37324",0,0,0,0,0,0,0,0,0,0,0,"nonrecomb","TMS21F2066P0001","TMS18F1294P0011","TMS15F1329P0005","biparental","TMS18F1294P0011_TMS15F1329P0005"
"625","TMS21F2066P0002_A37325",2,2,2,2,2,2,2,1,2,2,19,"other","TMS21F2066P0002","TMS18F1294P0011","TMS15F1329P0005","biparental","TMS18F1294P0011_TMS15F1329P0005"
"908","TMS21F2119P0001_A37608",1,1,1,1,1,1,1,1,0,0,8,"other","TMS21F2119P0001","TMS14F1035P0004","TMS15F1100P0005","biparental","TMS14F1035P0004_TMS15F1100P0005"
"909","TMS21F2119P0003_A37609",1,1,0,0,0,0,0,0,0,0,2,"other","TMS21F2119P0003","TMS14F1035P0004","TMS15F1100P0005","biparental","TMS14F1035P0004_TMS15F1100P0005"
"910","TMS21F2119P0005_A37610",0,0,0,0,0,0,0,0,0,0,0,"nonrecomb","TMS21F2119P0005","TMS14F1035P0004","TMS15F1100P0005","biparental","TMS14F1035P0004_TMS15F1100P0005"
"911","TMS21F2119P0009_A37611",1,1,1,1,1,0,0,0,0,0,5,"other","TMS21F2119P0009","TMS14F1035P0004","TMS15F1100P0005","biparental","TMS14F1035P0004_TMS15F1100P0005"
"930","TMS21F2122P0001_A37630",0,0,0,0,0,0,0,0,0,0,0,"nonrecomb","TMS21F2122P0001","TMS18F1095P0041","TMS18F1562P0004","biparental","TMS18F1095P0041_TMS18F1562P0004"
"931","TMS21F2122P0003_A37631",0,0,0,0,0,0,1,1,1,1,4,"other","TMS21F2122P0003","TMS18F1095P0041","TMS18F1562P0004","biparental","TMS18F1095P0041_TMS18F1562P0004"
"932","TMS21F2122P0004_A37632",1,1,1,1,1,1,1,1,1,1,10,"nonrecomb","TMS21F2122P0004","TMS18F1095P0041","TMS18F1562P0004","biparental","TMS18F1095P0041_TMS18F1562P0004"
"933","TMS21F2122P0005_A37633",0,0,0,0,0,0,0,0,0,0,0,"nonrecomb","TMS21F2122P0005","TMS18F1095P0041","TMS18F1562P0004","biparental","TMS18F1095P0041_TMS18F1562P0004"
"934","TMS21F2123P0001_A37634",1,1,1,1,1,1,0,0,0,0,6,"other","TMS21F2123P0001","TMS18F1157P0033","TMS18F1299P0012","biparental","TMS18F1157P0033_TMS18F1299P0012"
"935","TMS21F2123P0003_A37635",1,1,1,1,1,1,1,1,1,1,10,"nonrecomb","TMS21F2123P0003","TMS18F1157P0033","TMS18F1299P0012","biparental","TMS18F1157P0033_TMS18F1299P0012"
"936","TMS21F2123P0004_A37636",0,0,1,1,1,1,1,1,1,1,8,"other","TMS21F2123P0004","TMS18F1157P0033","TMS18F1299P0012","biparental","TMS18F1157P0033_TMS18F1299P0012"
"1065","TMS21F2163P0001_A37765",0,0,1,1,1,1,1,1,1,1,8,"other","TMS21F2163P0001","TMS15F1329P0005","TMS18F1299P0012","biparental","TMS15F1329P0005_TMS18F1299P0012"
"1070","TMS21F2167P0002_A37770",0,0,0,0,0,0,0,0,0,0,0,"nonrecomb","TMS21F2167P0002","TMS15F1329P0005","TMS18F1562P0004","biparental","TMS15F1329P0005_TMS18F1562P0004"
"1071","TMS21F2167P0005_A37771",1,1,0,0,0,0,0,0,0,0,2,"other","TMS21F2167P0005","TMS15F1329P0005","TMS18F1562P0004","biparental","TMS15F1329P0005_TMS18F1562P0004"
"1072","TMS21F2167P0006_A37772",0,0,0,0,0,1,1,1,1,1,5,"other","TMS21F2167P0006","TMS15F1329P0005","TMS18F1562P0004","biparental","TMS15F1329P0005_TMS18F1562P0004"
"1076","TMS21F2170P0002_A37776",1,1,1,1,1,1,1,1,1,1,10,"nonrecomb","TMS21F2170P0002","TMS15F1329P0005","TMS18F1562P0004","biparental","TMS15F1329P0005_TMS18F1562P0004"
"1077","TMS21F2170P0003_A37777",0,0,0,0,1,1,1,1,2,2,8,"other","TMS21F2170P0003","TMS15F1329P0005","TMS18F1562P0004","biparental","TMS15F1329P0005_TMS18F1562P0004"
"1078","TMS21F2170P0005_A37778",1,1,1,1,1,1,1,1,1,1,10,"nonrecomb","TMS21F2170P0005","TMS15F1329P0005","TMS18F1562P0004","biparental","TMS15F1329P0005_TMS18F1562P0004"
"1079","TMS21F2170P0007_A37779",0,0,0,0,1,1,1,1,1,1,6,"other","TMS21F2170P0007","TMS15F1329P0005","TMS18F1562P0004","biparental","TMS15F1329P0005_TMS18F1562P0004"
"1080","TMS21F2170P0008_A37780",1,1,1,1,1,1,1,1,1,1,10,"nonrecomb","TMS21F2170P0008","TMS15F1329P0005","TMS18F1562P0004","biparental","TMS15F1329P0005_TMS18F1562P0004"
"1082","TMS21F2172P0001_A37782",1,1,1,1,1,1,1,1,1,1,10,"nonrecomb","TMS21F2172P0001","TMS15F1329P0005","TMS18F1163P0020","biparental","TMS15F1329P0005_TMS18F1163P0020"
"1083","TMS21F2172P0003_A37783",0,0,0,0,0,0,0,2,2,2,6,"other","TMS21F2172P0003","TMS15F1329P0005","TMS18F1163P0020","biparental","TMS15F1329P0005_TMS18F1163P0020"
"1084","TMS21F2172P0004_A37784",2,2,2,2,2,2,2,2,2,2,20,"nonrecomb","TMS21F2172P0004","TMS15F1329P0005","TMS18F1163P0020","biparental","TMS15F1329P0005_TMS18F1163P0020"
"1085","TMS21F2172P0006_A37785",0,0,0,0,0,1,1,2,2,2,8,"other","TMS21F2172P0006","TMS15F1329P0005","TMS18F1163P0020","biparental","TMS15F1329P0005_TMS18F1163P0020"
"1086","TMS21F2172P0008_A37786",0,0,1,1,1,1,1,1,1,1,8,"other","TMS21F2172P0008","TMS15F1329P0005","TMS18F1163P0020","biparental","TMS15F1329P0005_TMS18F1163P0020"
"1087","TMS21F2172P0010_A37787",2,2,2,2,NA,2,2,2,2,NA,16,"nonrecomb","TMS21F2172P0010","TMS15F1329P0005","TMS18F1163P0020","biparental","TMS15F1329P0005_TMS18F1163P0020"
"1088","TMS21F2172P0013_A37788",2,2,2,2,2,2,2,2,2,2,20,"nonrecomb","TMS21F2172P0013","TMS15F1329P0005","TMS18F1163P0020","biparental","TMS15F1329P0005_TMS18F1163P0020"
"1089","TMS21F2172P0014_A37789",1,1,1,1,1,1,1,1,1,1,10,"nonrecomb","TMS21F2172P0014","TMS15F1329P0005","TMS18F1163P0020","biparental","TMS15F1329P0005_TMS18F1163P0020"
"1090","TMS21F2172P0015_A37790",1,1,1,1,1,1,1,0,0,0,7,"other","TMS21F2172P0015","TMS15F1329P0005","TMS18F1163P0020","biparental","TMS15F1329P0005_TMS18F1163P0020"
"1091","TMS21F2173P0002_A37791",NA,1,1,1,1,1,1,1,1,1,9,"nonrecomb","TMS21F2173P0002","TMS15F1329P0005","TMS18F1299P0012","biparental","TMS15F1329P0005_TMS18F1299P0012"
"1092","TMS21F2173P0004_A37792",0,0,0,0,0,0,0,0,1,1,2,"other","TMS21F2173P0004","TMS15F1329P0005","TMS18F1299P0012","biparental","TMS15F1329P0005_TMS18F1299P0012"
"1093","TMS21F2173P0005_A37793",1,1,1,1,1,1,0,0,0,0,6,"other","TMS21F2173P0005","TMS15F1329P0005","TMS18F1299P0012","biparental","TMS15F1329P0005_TMS18F1299P0012"
"1094","TMS21F2173P0007_A37794",2,2,2,2,2,2,2,1,1,1,17,"other","TMS21F2173P0007","TMS15F1329P0005","TMS18F1299P0012","biparental","TMS15F1329P0005_TMS18F1299P0012"
"1095","TMS21F2173P0010_A37795",0,0,0,0,0,0,0,0,0,0,0,"nonrecomb","TMS21F2173P0010","TMS15F1329P0005","TMS18F1299P0012","biparental","TMS15F1329P0005_TMS18F1299P0012"
"1096","TMS21F2173P0011_A37796",1,1,1,1,1,1,1,1,1,1,10,"nonrecomb","TMS21F2173P0011","TMS15F1329P0005","TMS18F1299P0012","biparental","TMS15F1329P0005_TMS18F1299P0012"
"1097","TMS21F2173P0012_A37797",0,0,0,0,0,0,0,1,1,1,3,"other","TMS21F2173P0012","TMS15F1329P0005","TMS18F1299P0012","biparental","TMS15F1329P0005_TMS18F1299P0012"
"1156","TMS21F2196P0001_A37856",1,1,1,1,1,0,0,1,2,2,10,"other","TMS21F2196P0001","TMS18F1047P0024","TMS18F1033P0018","biparental","TMS18F1047P0024_TMS18F1033P0018"
"1157","TMS21F2197P0001_A37857",2,2,2,1,1,1,1,1,0,0,11,"other","TMS21F2197P0001","TMS14F1035P0004","TMS18F1159P0011","biparental","TMS14F1035P0004_TMS18F1159P0011"
"1158","TMS21F2199P0002_A37858",0,0,0,0,0,0,0,0,0,0,0,"nonrecomb","TMS21F2199P0002","TMS18F1289P0004","TMS18F1299P0012","biparental","TMS18F1289P0004_TMS18F1299P0012"
"1159","TMS21F2200P0002_A37859",0,0,0,0,0,0,0,0,0,0,0,"nonrecomb","TMS21F2200P0002","TMS18F1269P0003","TMS18F1163P0020","biparental","TMS18F1269P0003_TMS18F1163P0020"
"1160","TMS21F2202P0002_A37860",1,1,1,1,1,1,1,1,0,0,8,"other","TMS21F2202P0002","TMS14F1035P0004","TMS18F1269P0003","biparental","TMS14F1035P0004_TMS18F1269P0003"
"1161","TMS21F2203P0001_A37861",1,1,1,1,1,1,1,1,1,1,10,"nonrecomb","TMS21F2203P0001","TMS18F1095P0041","TMS18F1299P0012","biparental","TMS18F1095P0041_TMS18F1299P0012"
"1162","TMS21F2204P0002_A37862",0,0,0,0,0,0,0,0,0,0,0,"nonrecomb","TMS21F2204P0002","TMS18F1157P0033","TMS15F1100P0005","biparental","TMS18F1157P0033_TMS15F1100P0005"
"1163","TMS21F2204P0004_A37863",0,0,0,0,0,0,0,0,0,0,0,"nonrecomb","TMS21F2204P0004","TMS18F1157P0033","TMS15F1100P0005","biparental","TMS18F1157P0033_TMS15F1100P0005"
"1164","TMS21F2204P0006_A37864",1,1,1,1,1,1,0,0,0,0,6,"other","TMS21F2204P0006","TMS18F1157P0033","TMS15F1100P0005","biparental","TMS18F1157P0033_TMS15F1100P0005"
"1165","TMS21F2204P0008_A37865",1,1,1,1,1,1,1,1,1,1,10,"nonrecomb","TMS21F2204P0008","TMS18F1157P0033","TMS15F1100P0005","biparental","TMS18F1157P0033_TMS15F1100P0005"
"1166","TMS21F2204P0010_A37866",0,0,0,0,0,0,0,0,0,0,0,"nonrecomb","TMS21F2204P0010","TMS18F1157P0033","TMS15F1100P0005","biparental","TMS18F1157P0033_TMS15F1100P0005"
"1167","TMS21F2204P0012_A37867",1,1,1,1,1,1,0,0,0,0,6,"other","TMS21F2204P0012","TMS18F1157P0033","TMS15F1100P0005","biparental","TMS18F1157P0033_TMS15F1100P0005"
"1168","TMS21F2205P0002_A37868",1,1,1,1,1,1,1,1,0,0,8,"other","TMS21F2205P0002","TMS14F1035P0004","TMS18F1298P0026","biparental","TMS14F1035P0004_TMS18F1298P0026"
"1169","TMS21F2206P0002_A37869",1,1,1,1,1,1,0,0,0,0,6,"other","TMS21F2206P0002","TMS18F1157P0033","TMS18F1539P0086","biparental","TMS18F1157P0033_TMS18F1539P0086"
"1173","TMS21F2209P0002_A37873",1,1,1,1,1,0,0,0,0,0,5,"other","TMS21F2209P0002","TMS18F1289P0004","TMS15F1100P0005","biparental","TMS18F1289P0004_TMS15F1100P0005"
"1174","TMS21F2210P0001_A37874",1,0,0,0,0,0,0,0,0,0,1,"other","TMS21F2210P0001","TMS18F1157P0033","TMS18F1269P0003","biparental","TMS18F1157P0033_TMS18F1269P0003"
"1175","TMS21F2211P0001_A37875",2,2,2,2,1,1,0,0,0,0,10,"other","TMS21F2211P0001","TMS18F1157P0033","TMS18F1481P0029","biparental","TMS18F1157P0033_TMS18F1481P0029"
"1176","TMS21F2211P0003_A37876",1,1,1,1,1,1,1,1,1,1,10,"nonrecomb","TMS21F2211P0003","TMS18F1157P0033","TMS18F1481P0029","biparental","TMS18F1157P0033_TMS18F1481P0029"
"1177","TMS21F2211P0004_A37877",2,2,2,1,1,1,1,1,1,1,13,"other","TMS21F2211P0004","TMS18F1157P0033","TMS18F1481P0029","biparental","TMS18F1157P0033_TMS18F1481P0029"
"1178","TMS21F2212P0002_A37878",1,1,1,1,0,0,0,0,0,0,4,"other","TMS21F2212P0002","TMS18F1095P0041","TMS18F1299P0012","biparental","TMS18F1095P0041_TMS18F1299P0012"
"1179","TMS21F2212P0003_A37879",2,2,2,2,2,2,1,1,1,1,16,"other","TMS21F2212P0003","TMS18F1095P0041","TMS18F1299P0012","biparental","TMS18F1095P0041_TMS18F1299P0012"
"1180","TMS21F2213P0002_A37880",0,0,0,0,1,1,1,1,1,1,6,"other","TMS21F2213P0002","TMS15F1329P0005","TMS18F1298P0026","biparental","TMS15F1329P0005_TMS18F1298P0026"
"1181","TMS21F2213P0004_A37881",0,0,0,0,0,0,0,0,0,0,0,"nonrecomb","TMS21F2213P0004","TMS15F1329P0005","TMS18F1298P0026","biparental","TMS15F1329P0005_TMS18F1298P0026"
"1182","TMS21F2214P0002_A37882",1,1,1,1,1,1,1,2,1,1,11,"other","TMS21F2214P0002","TMS14F1035P0004","TMS18F1481P0029","biparental","TMS14F1035P0004_TMS18F1481P0029"
"1183","TMS21F2214P0004_A37883",2,2,2,2,2,2,2,2,1,1,18,"other","TMS21F2214P0004","TMS14F1035P0004","TMS18F1481P0029","biparental","TMS14F1035P0004_TMS18F1481P0029"
"1184","TMS21F2214P0006_A37884",1,1,0,0,0,0,0,0,0,0,2,"other","TMS21F2214P0006","TMS14F1035P0004","TMS18F1481P0029","biparental","TMS14F1035P0004_TMS18F1481P0029"
"1185","TMS21F2215P0002_A37885",0,0,0,0,0,0,0,0,0,NA,0,"nonrecomb","TMS21F2215P0002","TMS18F1047P0024","TMS15F1100P0005","biparental","TMS18F1047P0024_TMS15F1100P0005"
"1186","TMS21F2216P0001_A37886",1,1,1,1,1,0,0,0,1,1,7,"other","TMS21F2216P0001","TMS18F1047P0024","TMS18F1562P0004","biparental","TMS18F1047P0024_TMS18F1562P0004"
"1187","TMS21F2216P0003_A37887",0,0,0,0,0,0,0,0,0,0,0,"nonrecomb","TMS21F2216P0003","TMS18F1047P0024","TMS18F1562P0004","biparental","TMS18F1047P0024_TMS18F1562P0004"
"1188","TMS21F2216P0005_A37888",1,1,1,1,1,0,0,0,0,0,5,"other","TMS21F2216P0005","TMS18F1047P0024","TMS18F1562P0004","biparental","TMS18F1047P0024_TMS18F1562P0004"
"1189","TMS21F2216P0007_A37889",0,0,0,0,0,0,0,0,0,0,0,"nonrecomb","TMS21F2216P0007","TMS18F1047P0024","TMS18F1562P0004","biparental","TMS18F1047P0024_TMS18F1562P0004"
"1190","TMS21F2216P0009_A37890",2,2,2,2,2,1,1,1,2,2,17,"other","TMS21F2216P0009","TMS18F1047P0024","TMS18F1562P0004","biparental","TMS18F1047P0024_TMS18F1562P0004"
"1191","TMS21F2216P0010_A37891",0,0,0,0,0,1,1,1,1,1,5,"other","TMS21F2216P0010","TMS18F1047P0024","TMS18F1562P0004","biparental","TMS18F1047P0024_TMS18F1562P0004"
"1197","TMS21F2220P0002_A37897",2,2,2,2,2,2,1,1,1,1,16,"other","TMS21F2220P0002","TMS18F1157P0033","TMS18F1163P0020","biparental","TMS18F1157P0033_TMS18F1163P0020"
"1198","TMS21F2220P0005_A37898",1,1,1,1,1,1,0,0,0,0,6,"other","TMS21F2220P0005","TMS18F1157P0033","TMS18F1163P0020","biparental","TMS18F1157P0033_TMS18F1163P0020"
"1199","TMS21F2220P0007_A37899",1,1,1,0,0,0,0,0,0,0,3,"other","TMS21F2220P0007","TMS18F1157P0033","TMS18F1163P0020","biparental","TMS18F1157P0033_TMS18F1163P0020"
"1200","TMS21F2220P0009_A37900",0,0,0,0,0,0,0,0,0,0,0,"nonrecomb","TMS21F2220P0009","TMS18F1157P0033","TMS18F1163P0020","biparental","TMS18F1157P0033_TMS18F1163P0020"
"1201","TMS21F2220P0011_A37901",1,1,1,1,2,2,0,0,0,0,8,"other","TMS21F2220P0011","TMS18F1157P0033","TMS18F1163P0020","biparental","TMS18F1157P0033_TMS18F1163P0020"
"1205","TMS21F2222P0002_A37905",1,1,1,1,1,1,1,1,0,0,8,"other","TMS21F2222P0002","TMS14F1035P0004","TMS18F1299P0012","biparental","TMS14F1035P0004_TMS18F1299P0012"
"1206","TMS21F2222P0004_A37906",1,1,1,1,1,2,2,2,1,1,13,"other","TMS21F2222P0004","TMS14F1035P0004","TMS18F1299P0012","biparental","TMS14F1035P0004_TMS18F1299P0012"
"1207","TMS21F2223P0002_A37907",1,1,1,1,0,0,0,0,0,0,4,"other","TMS21F2223P0002","TMS15F1329P0005","TMS18F1481P0029","biparental","TMS15F1329P0005_TMS18F1481P0029"
"1208","TMS21F2223P0004_A37908",0,0,0,0,0,0,0,0,0,0,0,"nonrecomb","TMS21F2223P0004","TMS15F1329P0005","TMS18F1481P0029","biparental","TMS15F1329P0005_TMS18F1481P0029"
"1209","TMS21F2223P0006_A37909",0,0,0,NA,0,1,1,1,1,1,5,"other","TMS21F2223P0006","TMS15F1329P0005","TMS18F1481P0029","biparental","TMS15F1329P0005_TMS18F1481P0029"
"1210","TMS21F2223P0008_A37910",2,2,2,2,2,1,1,1,1,1,15,"other","TMS21F2223P0008","TMS15F1329P0005","TMS18F1481P0029","biparental","TMS15F1329P0005_TMS18F1481P0029"
"1211","TMS21F2223P0010_A37911",2,2,2,1,1,1,1,1,1,1,13,"other","TMS21F2223P0010","TMS15F1329P0005","TMS18F1481P0029","biparental","TMS15F1329P0005_TMS18F1481P0029"
"1212","TMS21F2223P0012_A37912",1,1,1,1,2,2,2,2,2,2,16,"other","TMS21F2223P0012","TMS15F1329P0005","TMS18F1481P0029","biparental","TMS15F1329P0005_TMS18F1481P0029"
"1213","TMS21F2223P0014_A37913",1,1,0,0,0,0,0,0,0,0,2,"other","TMS21F2223P0014","TMS15F1329P0005","TMS18F1481P0029","biparental","TMS15F1329P0005_TMS18F1481P0029"
"1214","TMS21F2223P0015_A37914",1,1,1,1,1,1,1,1,1,1,10,"nonrecomb","TMS21F2223P0015","TMS15F1329P0005","TMS18F1481P0029","biparental","TMS15F1329P0005_TMS18F1481P0029"
"1215","TMS21F2223P0016_A37915",0,0,0,0,0,0,0,0,0,0,0,"nonrecomb","TMS21F2223P0016","TMS15F1329P0005","TMS18F1481P0029","biparental","TMS15F1329P0005_TMS18F1481P0029"
"1216","TMS21F2223P0017_A37916",1,1,1,1,1,1,1,1,1,1,10,"nonrecomb","TMS21F2223P0017","TMS15F1329P0005","TMS18F1481P0029","biparental","TMS15F1329P0005_TMS18F1481P0029"
"1217","TMS21F2223P0018_A37917",0,0,0,0,0,0,0,0,0,0,0,"nonrecomb","TMS21F2223P0018","TMS15F1329P0005","TMS18F1481P0029","biparental","TMS15F1329P0005_TMS18F1481P0029"
"1218","TMS21F2223P0019_A37918",1,1,1,1,1,1,1,1,1,1,10,"nonrecomb","TMS21F2223P0019","TMS15F1329P0005","TMS18F1481P0029","biparental","TMS15F1329P0005_TMS18F1481P0029"
"1219","TMS21F2223P0020_A37919",1,1,1,2,2,NA,NA,2,NA,2,11,"other","TMS21F2223P0020","TMS15F1329P0005","TMS18F1481P0029","biparental","TMS15F1329P0005_TMS18F1481P0029"
"1220","TMS21F2223P0021_A37920",1,1,1,1,1,1,1,1,1,1,10,"nonrecomb","TMS21F2223P0021","TMS15F1329P0005","TMS18F1481P0029","biparental","TMS15F1329P0005_TMS18F1481P0029"
"1221","TMS21F2223P0022_A37921",1,1,1,1,1,1,1,1,0,0,8,"other","TMS21F2223P0022","TMS15F1329P0005","TMS18F1481P0029","biparental","TMS15F1329P0005_TMS18F1481P0029"
"1222","TMS21F2223P0023_A37922",1,1,1,1,1,1,1,1,1,1,10,"nonrecomb","TMS21F2223P0023","TMS15F1329P0005","TMS18F1481P0029","biparental","TMS15F1329P0005_TMS18F1481P0029"
"1223","TMS21F2223P0024_A37923",1,1,1,1,1,1,1,1,1,1,10,"nonrecomb","TMS21F2223P0024","TMS15F1329P0005","TMS18F1481P0029","biparental","TMS15F1329P0005_TMS18F1481P0029"
"1224","TMS21F2223P0025_A37924",1,1,1,1,1,2,2,2,2,2,15,"other","TMS21F2223P0025","TMS15F1329P0005","TMS18F1481P0029","biparental","TMS15F1329P0005_TMS18F1481P0029"
"1225","TMS21F2223P0026_A37925",1,1,1,1,0,0,0,0,0,0,4,"other","TMS21F2223P0026","TMS15F1329P0005","TMS18F1481P0029","biparental","TMS15F1329P0005_TMS18F1481P0029"
"1226","TMS21F2223P0027_A37926",0,0,0,0,0,0,0,0,0,0,0,"nonrecomb","TMS21F2223P0027","TMS15F1329P0005","TMS18F1481P0029","biparental","TMS15F1329P0005_TMS18F1481P0029"
"1227","TMS21F2223P0028_A37927",1,1,1,1,1,1,1,1,1,1,10,"nonrecomb","TMS21F2223P0028","TMS15F1329P0005","TMS18F1481P0029","biparental","TMS15F1329P0005_TMS18F1481P0029"
"1228","TMS21F2223P0029_A37928",1,1,1,1,1,2,2,2,2,2,15,"other","TMS21F2223P0029","TMS15F1329P0005","TMS18F1481P0029","biparental","TMS15F1329P0005_TMS18F1481P0029"
"1229","TMS21F2223P0030_A37929",1,1,1,1,1,1,1,1,1,1,10,"nonrecomb","TMS21F2223P0030","TMS15F1329P0005","TMS18F1481P0029","biparental","TMS15F1329P0005_TMS18F1481P0029"
"1230","TMS21F2223P0031_A37930",2,2,2,2,2,2,2,2,2,2,20,"nonrecomb","TMS21F2223P0031","TMS15F1329P0005","TMS18F1481P0029","biparental","TMS15F1329P0005_TMS18F1481P0029"
"1231","TMS21F2223P0032_A37931",1,1,1,1,1,1,1,1,1,1,10,"nonrecomb","TMS21F2223P0032","TMS15F1329P0005","TMS18F1481P0029","biparental","TMS15F1329P0005_TMS18F1481P0029"
"1232","TMS21F2223P0034_A37932",1,1,1,1,1,1,1,1,1,1,10,"nonrecomb","TMS21F2223P0034","TMS15F1329P0005","TMS18F1481P0029","biparental","TMS15F1329P0005_TMS18F1481P0029"
"1233","TMS21F2223P0036_A37933",0,0,0,0,0,0,0,0,0,0,0,"nonrecomb","TMS21F2223P0036","TMS15F1329P0005","TMS18F1481P0029","biparental","TMS15F1329P0005_TMS18F1481P0029"
"1234","TMS21F2223P0037_A37934",1,1,1,1,1,1,1,2,2,2,13,"other","TMS21F2223P0037","TMS15F1329P0005","TMS18F1481P0029","biparental","TMS15F1329P0005_TMS18F1481P0029"
"1235","TMS21F2223P0039_A37935",1,1,1,1,1,1,1,1,1,1,10,"nonrecomb","TMS21F2223P0039","TMS15F1329P0005","TMS18F1481P0029","biparental","TMS15F1329P0005_TMS18F1481P0029"
"1236","TMS21F2223P0041_A37936",2,2,2,2,2,2,2,2,2,2,20,"nonrecomb","TMS21F2223P0041","TMS15F1329P0005","TMS18F1481P0029","biparental","TMS15F1329P0005_TMS18F1481P0029"
"1237","TMS21F2224P0002_A37937",0,0,0,0,0,0,0,0,0,0,0,"nonrecomb","TMS21F2224P0002","TMS15F1329P0005","TMS18F1269P0003","biparental","TMS15F1329P0005_TMS18F1269P0003"
"1238","TMS21F2224P0004_A37938",1,1,1,1,1,1,1,1,1,1,10,"nonrecomb","TMS21F2224P0004","TMS15F1329P0005","TMS18F1269P0003","biparental","TMS15F1329P0005_TMS18F1269P0003"
"1239","TMS21F2224P0006_A37939",0,0,0,0,0,0,0,0,1,1,2,"other","TMS21F2224P0006","TMS15F1329P0005","TMS18F1269P0003","biparental","TMS15F1329P0005_TMS18F1269P0003"
"1240","TMS21F2224P0008_A37940",1,1,1,1,1,1,1,1,1,1,10,"nonrecomb","TMS21F2224P0008","TMS15F1329P0005","TMS18F1269P0003","biparental","TMS15F1329P0005_TMS18F1269P0003"
"1241","TMS21F2224P0010_A37941",0,0,0,0,0,0,0,0,0,0,0,"nonrecomb","TMS21F2224P0010","TMS15F1329P0005","TMS18F1269P0003","biparental","TMS15F1329P0005_TMS18F1269P0003"
"1242","TMS21F2224P0012_A37942",1,1,1,1,1,1,1,1,1,1,10,"nonrecomb","TMS21F2224P0012","TMS15F1329P0005","TMS18F1269P0003","biparental","TMS15F1329P0005_TMS18F1269P0003"
"1243","TMS21F2225P0001_A37943",1,1,1,1,1,1,1,1,0,0,8,"other","TMS21F2225P0001","TMS14F1035P0004","TMS18F1163P0020","biparental","TMS14F1035P0004_TMS18F1163P0020"
"1244","TMS21F2225P0002_A37944",0,0,0,0,0,0,0,0,0,0,0,"nonrecomb","TMS21F2225P0002","TMS14F1035P0004","TMS18F1163P0020","biparental","TMS14F1035P0004_TMS18F1163P0020"
"1245","TMS21F2225P0004_A37945",0,0,0,0,0,0,0,0,0,0,0,"nonrecomb","TMS21F2225P0004","TMS14F1035P0004","TMS18F1163P0020","biparental","TMS14F1035P0004_TMS18F1163P0020"
"1246","TMS21F2225P0006_A37946",1,1,1,1,1,1,1,1,0,0,8,"other","TMS21F2225P0006","TMS14F1035P0004","TMS18F1163P0020","biparental","TMS14F1035P0004_TMS18F1163P0020"
"1247","TMS21F2225P0008_A37947",2,2,2,2,2,2,1,1,0,0,14,"other","TMS21F2225P0008","TMS14F1035P0004","TMS18F1163P0020","biparental","TMS14F1035P0004_TMS18F1163P0020"
"1248","TMS21F2225P0010_A37948",2,2,2,2,2,2,2,2,1,1,18,"other","TMS21F2225P0010","TMS14F1035P0004","TMS18F1163P0020","biparental","TMS14F1035P0004_TMS18F1163P0020"
