"POS","REF","ALT"
29598735,"C","."
29598736,"G","."
29598737,"A","."
29598738,"T","."
29598739,"A","."
29598740,"A","."
29598741,"T","."
29598742,"T","."
29598743,"C","."
29598744,"A","."
29598745,"C","."
29598746,"T","."
29598747,"A","."
29598748,"C","A"
29598749,"A","."
29598750,"A","."
29598751,"T","."
29598752,"A","."
29598753,"T","."
29598754,"A","."
29598755,"T","."
29598756,"A","."
29598757,"T","."
29598758,"G","."
29598759,"C","."
29598760,"A","."
29598761,"T","."
29598762,"A","."
29598763,"T","."
29598764,"A","."
29598765,"A","G"
29598766,"T","."
29598767,"C","."
29598768,"C","."
29598769,"T","."
29598770,"T","."
29598771,"A","T"
29598772,"A","."
29598773,"A","."
29598774,"A","."
29598775,"A","."
29598776,"A","."
29598777,"A","."
29598778,"T","."
29598779,"T","."
29598780,"G","."
29598781,"C","."
29598782,"T","."
29598783,"G","."
29598784,"T","."
29598785,"C","G"
29598786,"A","."
29598787,"T","."
29598788,"C","."
29598789,"G","."
29598790,"A","."
29598791,"A","."
29598792,"A","."
29598793,"T","."
29598794,"T","."
29598795,"G","."
29598796,"G","."
29598797,"G","."
29598798,"G","."
29598799,"T","."
29598800,"T","."
29598801,"A","."
29598802,"C","."
29598803,"T","."
29598804,"T","."
29598805,"C","."
29598806,"T","."
29598807,"T","."
29598808,"C","."
29598809,"A","."
29598810,"G","."
29598811,"C","."
29598812,"A","."
29598813,"G","."
29598814,"A","."
29598815,"A","."
29598816,"A","."
29598817,"C","."
29598818,"T","."
29598819,"G","."
29598820,"A","."
29598821,"G","."
29598822,"A","."
29598823,"T","."
29598824,"C","."
29598825,"T","."
29598826,"C","."
29598827,"G","."
29598828,"T","."
29598829,"T","."
29598830,"G","."
29598831,"G","."
29598832,"C","."
29598833,"C","."
29598834,"T","."
29598835,"T","."
