plot_name,accession_name,plot_number,block_number,is_a_control,rep_number,row_number,col_number,sprout,vigor,cmd1s,cmd1i
2022-21.GS.C5.CE.1060.IB-rep1-TMS21F2142P0002_561,TMS21F2142P0002,561,15,,1,29,1,5,5,3,5
2022-21.GS.C5.CE.1060.IB-rep1-TMS21F2239P0008_562,TMS21F2239P0008,562,15,,1,29,2,5,7,1,0
2022-21.GS.C5.CE.1060.IB-rep1-IITA-TMS-IBA000070_563,IITA-TMS-IBA000070,563,15,1,1,29,3,5,5,1,0
2022-21.GS.C5.CE.1060.IB-rep1-TMS21F2088P0012_564,TMS21F2088P0012,564,15,,1,29,4,5,7,1,0
2022-21.GS.C5.CE.1060.IB-rep1-TMS14F1035P0004_565,TMS14F1035P0004,565,15,,1,29,5,4,5,1,0
2022-21.GS.C5.CE.1060.IB-rep1-TMS21F2039P0003_566,TMS21F2039P0003,566,15,,1,29,6,5,7,1,0
2022-21.GS.C5.CE.1060.IB-rep1-TMS21F1985P0001_567,TMS21F1985P0001,567,15,,1,29,7,5,5,3,5
2022-21.GS.C5.CE.1060.IB-rep1-TMS21F2082P0010_568,TMS21F2082P0010,568,15,,1,29,8,4,3,1,0
2022-21.GS.C5.CE.1060.IB-rep1-TMS21F2037P0001_569,TMS21F2037P0001,569,15,,1,29,9,3,3,2,3
2022-21.GS.C5.CE.1060.IB-rep1-TMS21F2031P0037_570,TMS21F2031P0037,570,15,,1,29,10,5,5,1,0
2022-21.GS.C5.CE.1060.IB-rep1-TMS21F2006P0001_571,TMS21F2006P0001,571,15,,1,29,11,5,5,1,0
2022-21.GS.C5.CE.1060.IB-rep1-TMS13F1343P0022_572,TMS13F1343P0022,572,15,1,1,29,12,5,5,1,0
2022-21.GS.C5.CE.1060.IB-rep1-TMS18F1309P0044_573,TMS18F1309P0044,573,15,,1,29,13,5,7,1,0
2022-21.GS.C5.CE.1060.IB-rep1-TMS21F2148P0003_574,TMS21F2148P0003,574,15,,1,29,14,4,3,3,2
2022-21.GS.C5.CE.1060.IB-rep1-TMS21F2133P0002_575,TMS21F2133P0002,575,15,,1,29,15,5,3,1,0
2022-21.GS.C5.CE.1060.IB-rep1-TMS21F2057P0009_576,TMS21F2057P0009,576,15,,1,29,16,5,7,2,1
2022-21.GS.C5.CE.1060.IB-rep1-TMS21F2107P0017_577,TMS21F2107P0017,577,15,,1,29,17,5,7,1,0
2022-21.GS.C5.CE.1060.IB-rep1-TMS21F2240P0016_578,TMS21F2240P0016,578,15,,1,29,18,5,7,1,0
2022-21.GS.C5.CE.1060.IB-rep1-TMS21F2248P0060_579,TMS21F2248P0060,579,15,,1,29,19,5,7,1,0
2022-21.GS.C5.CE.1060.IB-rep1-TMS21F2066P0002_580,TMS21F2066P0002,580,15,,1,29,20,5,3,1,0
2022-21.GS.C5.CE.1060.IB-rep1-TMS21F2012P0005_581,TMS21F2012P0005,581,15,,1,30,20,5,5,3,5
2022-21.GS.C5.CE.1060.IB-rep1-TMS21F2247P0030_582,TMS21F2247P0030,582,15,,1,30,19,5,5,1,0
2022-21.GS.C5.CE.1060.IB-rep1-TMS21F2081P0002_583,TMS21F2081P0002,583,15,,1,30,18,4,5,1,0
2022-21.GS.C5.CE.1060.IB-rep1-TMEB419 _584,TMEB419 ,584,15,1,1,30,17,5,5,1,0
2022-21.GS.C5.CE.1060.IB-rep1-TMS15F1474P0007_585,TMS15F1474P0007,585,15,,1,30,16,5,7,1,0
2022-21.GS.C5.CE.1060.IB-rep1-TMS21F2251P0023_586,TMS21F2251P0023,586,15,,1,30,15,5,5,1,0
2022-21.GS.C5.CE.1060.IB-rep1-TMS21F2222P0004_587,TMS21F2222P0004,587,15,,1,30,14,5,5,1,0
2022-21.GS.C5.CE.1060.IB-rep1-TMS21F2207P0003_588,TMS21F2207P0003,588,15,,1,30,13,4,3,1,0
2022-21.GS.C5.CE.1060.IB-rep1-TMS21F2254P0029_589,TMS21F2254P0029,589,15,,1,30,12,5,7,1,0
2022-21.GS.C5.CE.1060.IB-rep1-TMS21F2044P0010_590,TMS21F2044P0010,590,15,,1,30,11,4,3,4,4
2022-21.GS.C5.CE.1060.IB-rep1-TMS21F2242P0064_591,TMS21F2242P0064,591,15,,1,30,10,5,5,3,2
2022-21.GS.C5.CE.1060.IB-rep1-TMS14F1306P0015_592,TMS14F1306P0015,592,15,,1,30,9,5,5,1,0
2022-21.GS.C5.CE.1060.IB-rep1-IITA-TMS-IBA070593_593,IITA-TMS-IBA070593,593,15,1,1,30,8,5,7,1,0
2022-21.GS.C5.CE.1060.IB-rep1-TMS21F2042P0003_594,TMS21F2042P0003,594,15,,1,30,7,5,5,4,5
2022-21.GS.C5.CE.1060.IB-rep1-TMS21F2065P0001_595,TMS21F2065P0001,595,15,,1,30,6,5,3,4,5
2022-21.GS.C5.CE.1060.IB-rep1-TMS21F2121P0011_596,TMS21F2121P0011,596,15,,1,30,5,5,7,1,0
2022-21.GS.C5.CE.1060.IB-rep1-TMS21F2122P0003_597,TMS21F2122P0003,597,15,,1,30,4,5,5,4,5
2022-21.GS.C5.CE.1060.IB-rep1-TMS21F2056P0004_598,TMS21F2056P0004,598,15,,1,30,3,5,5,1,0
2022-21.GS.C5.CE.1060.IB-rep1-TMS21F2038P0006_599,TMS21F2038P0006,599,15,,1,30,2,2,3,1,0
2022-21.GS.C5.CE.1060.IB-rep1-TMS21F2070P0003_600,TMS21F2070P0003,600,15,,1,30,1,5,7,1,0
2022-21.GS.C5.CE.1060.IB-rep1-IITA-TMS-IBA000070_601,IITA-TMS-IBA000070,601,16,1,1,31,1,4,7,1,0
2022-21.GS.C5.CE.1060.IB-rep1-TMS21F2119P0005_602,TMS21F2119P0005,602,16,,1,31,2,5,7,3,5
2022-21.GS.C5.CE.1060.IB-rep1-TMS21F2169P0001_603,TMS21F2169P0001,603,16,,1,31,3,5,7,3,5
2022-21.GS.C5.CE.1060.IB-rep1-TMS21F2072P0006_604,TMS21F2072P0006,604,16,,1,31,4,5,7,1,0
2022-21.GS.C5.CE.1060.IB-rep1-TMS21F2059P0004_605,TMS21F2059P0004,605,16,,1,31,5,5,7,1,0
2022-21.GS.C5.CE.1060.IB-rep1-TMS21F2108P0001_606,TMS21F2108P0001,606,16,,1,31,6,4,5,1,0
2022-21.GS.C5.CE.1060.IB-rep1-TMS21F2116P0001_607,TMS21F2116P0001,607,16,,1,31,7,5,5,4,5
2022-21.GS.C5.CE.1060.IB-rep1-TMS21F2250P0106_608,TMS21F2250P0106,608,16,,1,31,8,5,3,1,0
2022-21.GS.C5.CE.1060.IB-rep1-TMS21F2186P0006_609,TMS21F2186P0006,609,16,,1,31,9,4,5,1,0
2022-21.GS.C5.CE.1060.IB-rep1-TMS21F2248P0074_610,TMS21F2248P0074,610,16,,1,31,10,5,7,1,0
2022-21.GS.C5.CE.1060.IB-rep1-TMS21F2196P0001_611,TMS21F2196P0001,611,16,,1,31,11,5,5,3,5
2022-21.GS.C5.CE.1060.IB-rep1-TMS21F2254P0066_612,TMS21F2254P0066,612,16,,1,31,12,5,3,1,0
2022-21.GS.C5.CE.1060.IB-rep1-TMS13F1343P0022_613,TMS13F1343P0022,613,16,1,1,31,13,5,5,1,0
2022-21.GS.C5.CE.1060.IB-rep1-TMS21F1269P0003_614,TMS21F1269P0003,614,16,,1,31,14,5,5,1,0
2022-21.GS.C5.CE.1060.IB-rep1-TMS21F2251P0014_615,TMS21F2251P0014,615,16,,1,31,15,5,3,1,0
2022-21.GS.C5.CE.1060.IB-rep1-TMS21F2233P0004_616,TMS21F2233P0004,616,16,,1,31,16,5,5,2,2
2022-21.GS.C5.CE.1060.IB-rep1-TMS21F2130P0005_617,TMS21F2130P0005,617,16,,1,31,17,5,3,1,0
2022-21.GS.C5.CE.1060.IB-rep1-TMS21F2242P0017_618,TMS21F2242P0017,618,16,,1,31,18,5,5,2,1
2022-21.GS.C5.CE.1060.IB-rep1-TMS21F1294P0011_619,TMS21F1294P0011,619,16,,1,31,19,5,5,1,0
2022-21.GS.C5.CE.1060.IB-rep1-TMS21F2144P0003_620,TMS21F2144P0003,620,16,,1,31,20,5,7,1,0
2022-21.GS.C5.CE.1060.IB-rep1-TMS21F2232P0042_621,TMS21F2232P0042,621,16,,1,32,20,4,5,1,0
2022-21.GS.C5.CE.1060.IB-rep1-TMS21F2252P0010_622,TMS21F2252P0010,622,16,,1,32,19,5,5,1,0
2022-21.GS.C5.CE.1060.IB-rep1-TMEB419 _623,TMEB419 ,623,16,1,1,32,18,5,5,1,0
2022-21.GS.C5.CE.1060.IB-rep1-TMS18F1286P0003_624,TMS18F1286P0003,624,16,,1,32,17,5,7,1,0
2022-21.GS.C5.CE.1060.IB-rep1-TMS21F2251P0003_625,TMS21F2251P0003,625,16,,1,32,16,5,5,1,0
2022-21.GS.C5.CE.1060.IB-rep1-TMS21F2046P0004_626,TMS21F2046P0004,626,16,,1,32,15,5,3,4,5
2022-21.GS.C5.CE.1060.IB-rep1-TMS21F2242P0016_627,TMS21F2242P0016,627,16,,1,32,14,5,7,1,0
2022-21.GS.C5.CE.1060.IB-rep1-TMS21F2136P0003_628,TMS21F2136P0003,628,16,,1,32,13,5,7,1,0
2022-21.GS.C5.CE.1060.IB-rep1-TMS21F2185P0001_629,TMS21F2185P0001,629,16,,1,32,12,3,3,1,0
2022-21.GS.C5.CE.1060.IB-rep1-TMS21F1279P0006_630,TMS21F1279P0006,630,16,,1,32,11,5,5,1,0
2022-21.GS.C5.CE.1060.IB-rep1-TMS21F2146P0001_631,TMS21F2146P0001,631,16,,1,32,10,5,7,1,0
2022-21.GS.C5.CE.1060.IB-rep1-TMS21F2142P0014_632,TMS21F2142P0014,632,16,,1,32,9,5,5,4,5
2022-21.GS.C5.CE.1060.IB-rep1-IITA-TMS-IBA070593_633,IITA-TMS-IBA070593,633,16,1,1,32,8,5,5,1,0
2022-21.GS.C5.CE.1060.IB-rep1-TMS21F2211P0001_634,TMS21F2211P0001,634,16,,1,32,7,3,3,4,3
2022-21.GS.C5.CE.1060.IB-rep1-TMS21F2233P0003_635,TMS21F2233P0003,635,16,,1,32,6,4,3,1,0
2022-21.GS.C5.CE.1060.IB-rep1-TMS21F2134P0002_636,TMS21F2134P0002,636,16,,1,32,5,5,7,4,5
2022-21.GS.C5.CE.1060.IB-rep1-TMS21F2248P0056_637,TMS21F2248P0056,637,16,,1,32,4,5,5,1,0
2022-21.GS.C5.CE.1060.IB-rep1-TMS18F1178P0025_638,TMS18F1178P0025,638,16,,1,32,3,5,5,1,0
2022-21.GS.C5.CE.1060.IB-rep1-TMS21F2052P0002_639,TMS21F2052P0002,639,16,,1,32,2,5,7,1,0
2022-21.GS.C5.CE.1060.IB-rep1-TMS21F2250P0056_640,TMS21F2250P0056,640,16,,1,32,1,5,7,3,3
2022-21.GS.C5.CE.1060.IB-rep1-TMS21F2213P0002_641,TMS21F2213P0002,641,17,,1,33,1,5,5,4,5
2022-21.GS.C5.CE.1060.IB-rep1-TMS21F2180P0003_642,TMS21F2180P0003,642,17,,1,33,2,4,7,1,0
2022-21.GS.C5.CE.1060.IB-rep1-TMS21F2250P0042_643,TMS21F2250P0042,643,17,,1,33,3,5,3,3,5
2022-21.GS.C5.CE.1060.IB-rep1-TMS21F2242P0030_644,TMS21F2242P0030,644,17,,1,33,4,5,7,1,0
2022-21.GS.C5.CE.1060.IB-rep1-TMS21F2193P0001_645,TMS21F2193P0001,645,17,,1,33,5,5,7,3,2
2022-21.GS.C5.CE.1060.IB-rep1-TMS21F2022P0022_646,TMS21F2022P0022,646,17,,1,33,6,5,7,3,5
2022-21.GS.C5.CE.1060.IB-rep1-IITA-TMS-IBA000070_647,IITA-TMS-IBA000070,647,17,1,1,33,7,5,5,1,0
2022-21.GS.C5.CE.1060.IB-rep1-TMS18F1095P0041_648,TMS18F1095P0041,648,17,,1,33,8,5,5,1,0
2022-21.GS.C5.CE.1060.IB-rep1-TMS21F2182P0002_649,TMS21F2182P0002,649,17,,1,33,9,5,5,3,5
2022-21.GS.C5.CE.1060.IB-rep1-TMS21F2242P0003_650,TMS21F2242P0003,650,17,,1,33,10,5,7,3,5
2022-21.GS.C5.CE.1060.IB-rep1-TMS21F1978P0004_651,TMS21F1978P0004,651,17,,1,33,11,5,7,2,3
2022-21.GS.C5.CE.1060.IB-rep1-TMS21F2248P0099_652,TMS21F2248P0099,652,17,,1,33,12,5,3,4,5
2022-21.GS.C5.CE.1060.IB-rep1-TMS21F2132P0002_653,TMS21F2132P0002,653,17,,1,33,13,,,,
2022-21.GS.C5.CE.1060.IB-rep1-TMS13F1343P0022_654,TMS13F1343P0022,654,17,1,1,33,14,5,5,1,0
2022-21.GS.C5.CE.1060.IB-rep1-TMS21F2234P0036_655,TMS21F2234P0036,655,17,,1,33,15,5,3,1,0
2022-21.GS.C5.CE.1060.IB-rep1-TMS18F1157P0033_656,TMS18F1157P0033,656,17,,1,33,16,5,7,1,0
2022-21.GS.C5.CE.1060.IB-rep1-TMS21F2041P0010_657,TMS21F2041P0010,657,17,,1,33,17,5,5,4,4
2022-21.GS.C5.CE.1060.IB-rep1-TMS21F2023P0004_658,TMS21F2023P0004,658,17,,1,33,18,2,5,4,2
2022-21.GS.C5.CE.1060.IB-rep1-TMS21F2235P0041_659,TMS21F2235P0041,659,17,,1,33,19,3,5,1,0
2022-21.GS.C5.CE.1060.IB-rep1-TMS21F2233P0027_660,TMS21F2233P0027,660,17,,1,33,20,4,5,1,0
2022-21.GS.C5.CE.1060.IB-rep1-TMS21F2252P0057_661,TMS21F2252P0057,661,17,,1,34,20,3,3,1,0
2022-21.GS.C5.CE.1060.IB-rep1-TMS21F2199P0002_662,TMS21F2199P0002,662,17,,1,34,19,3,3,4,3
2022-21.GS.C5.CE.1060.IB-rep1-TMS21F2235P0004_663,TMS21F2235P0004,663,17,,1,34,18,5,5,1,0
2022-21.GS.C5.CE.1060.IB-rep1-TMS21F2197P0001_664,TMS21F2197P0001,664,17,,1,34,17,3,3,3,3
2022-21.GS.C5.CE.1060.IB-rep1-TMEB419 _665,TMEB419 ,665,17,1,1,34,16,5,7,1,0
2022-21.GS.C5.CE.1060.IB-rep1-TMS21F2227P0049_666,TMS21F2227P0049,666,17,,1,34,15,5,5,1,0
2022-21.GS.C5.CE.1060.IB-rep1-TMS21F2229P0024_667,TMS21F2229P0024,667,17,,1,34,14,5,5,1,0
2022-21.GS.C5.CE.1060.IB-rep1-TMS21F2232P0062_668,TMS21F2232P0062,668,17,,1,34,13,1,3,3,1
2022-21.GS.C5.CE.1060.IB-rep1-TMS18F1289P0004_669,TMS18F1289P0004,669,17,,1,34,12,5,5,1,0
2022-21.GS.C5.CE.1060.IB-rep1-TMS21F2252P0049_670,TMS21F2252P0049,670,17,,1,34,11,2,3,3,2
2022-21.GS.C5.CE.1060.IB-rep1-TMS21F2231P0048_671,TMS21F2231P0048,671,17,,1,34,10,2,5,1,0
2022-21.GS.C5.CE.1060.IB-rep1-TMS21F2112P0011_672,TMS21F2112P0011,672,17,,1,34,9,5,7,1,0
2022-21.GS.C5.CE.1060.IB-rep1-TMS21F2189P0002_673,TMS21F2189P0002,673,17,,1,34,8,5,5,1,0
2022-21.GS.C5.CE.1060.IB-rep1-TMS21F1976P0008_674,TMS21F1976P0008,674,17,,1,34,7,2,3,1,0
2022-21.GS.C5.CE.1060.IB-rep1-TMS21F2225P0004_675,TMS21F2225P0004,675,17,,1,34,6,4,5,1,0
2022-21.GS.C5.CE.1060.IB-rep1-TMS21F2217P0002_676,TMS21F2217P0002,676,17,,1,34,5,4,3,3,4
2022-21.GS.C5.CE.1060.IB-rep1-TMS18F1481P0029_677,TMS18F1481P0029,677,17,,1,34,4,5,5,1,0
2022-21.GS.C5.CE.1060.IB-rep1-TMS21F2192P0001_678,TMS21F2192P0001,678,17,,1,34,3,5,5,1,0
2022-21.GS.C5.CE.1060.IB-rep1-TMS21F2229P0070_679,TMS21F2229P0070,679,17,,1,34,2,5,7,4,5
2022-21.GS.C5.CE.1060.IB-rep1-IITA-TMS-IBA070593_680,IITA-TMS-IBA070593,680,17,1,1,34,1,5,7,1,0
2022-21.GS.C5.CE.1060.IB-rep1-TMS21F2170P0003_681,TMS21F2170P0003,681,18,,1,35,1,5,7,3,2
2022-21.GS.C5.CE.1060.IB-rep1-TMS21F2221P0006_682,TMS21F2221P0006,682,18,,1,35,2,2,3,3,2
2022-21.GS.C5.CE.1060.IB-rep1-TMS21F2113P0001_683,TMS21F2113P0001,683,18,,1,35,3,5,3,3,3
2022-21.GS.C5.CE.1060.IB-rep1-TMS21F2227P0076_684,TMS21F2227P0076,684,18,,1,35,4,4,5,3,3
2022-21.GS.C5.CE.1060.IB-rep1-TMS21F2225P0010_685,TMS21F2225P0010,685,18,,1,35,5,4,5,1,0
2022-21.GS.C5.CE.1060.IB-rep1-TMS21F2229P0077_686,TMS21F2229P0077,686,18,,1,35,6,5,5,1,0
2022-21.GS.C5.CE.1060.IB-rep1-TMS21F2210P0001_687,TMS21F2210P0001,687,18,,1,35,7,4,7,1,0
2022-21.GS.C5.CE.1060.IB-rep1-TMS21F2216P0010_688,TMS21F2216P0010,688,18,,1,35,8,4,7,4,4
2022-21.GS.C5.CE.1060.IB-rep1-TMS15F1302P0027_689,TMS15F1302P0027,689,18,,1,35,9,4,5,1,0
2022-21.GS.C5.CE.1060.IB-rep1-TMS21F2085P0009_690,TMS21F2085P0009,690,18,,1,35,10,5,5,3,5
2022-21.GS.C5.CE.1060.IB-rep1-IITA-TMS-IBA000070_691,IITA-TMS-IBA000070,691,18,1,1,35,11,4,5,1,0
2022-21.GS.C5.CE.1060.IB-rep1-TMS21F2172P0001_692,TMS21F2172P0001,692,18,,1,35,12,5,5,1,0
2022-21.GS.C5.CE.1060.IB-rep1-TMS21F2227P0019_693,TMS21F2227P0019,693,18,,1,35,13,5,7,1,0
2022-21.GS.C5.CE.1060.IB-rep1-TMS21F2143P0004_694,TMS21F2143P0004,694,18,,1,35,14,5,7,1,0
2022-21.GS.C5.CE.1060.IB-rep1-TMEB419 _695,TMEB419 ,695,18,1,1,35,15,5,5,1,0
2022-21.GS.C5.CE.1060.IB-rep1-TMS18F1419P0037_696,TMS18F1419P0037,696,18,,1,35,16,5,7,1,0
2022-21.GS.C5.CE.1060.IB-rep1-TMS21F1975P0073_697,TMS21F1975P0073,697,18,,1,35,17,5,3,3,2
2022-21.GS.C5.CE.1060.IB-rep1-TMS21F2206P0002_698,TMS21F2206P0002,698,18,,1,35,18,4,5,1,0
2022-21.GS.C5.CE.1060.IB-rep1-TMS21F1987P0004_699,TMS21F1987P0004,699,18,,1,35,19,5,5,1,0
2022-21.GS.C5.CE.1060.IB-rep1-TMS21F2110P0002_700,TMS21F2110P0002,700,18,,1,35,20,5,3,3,5
2022-21.GS.C5.CE.1060.IB-rep1-TMS21F2012P0012_701,TMS21F2012P0012,701,18,,1,36,20,5,3,3,5
2022-21.GS.C5.CE.1060.IB-rep1-TMS21F2045P0008_702,TMS21F2045P0008,702,18,,1,36,19,5,7,1,0
2022-21.GS.C5.CE.1060.IB-rep1-TMS13F1343P0022_703,TMS13F1343P0022,703,18,1,1,36,18,5,5,1,0
2022-21.GS.C5.CE.1060.IB-rep1-TMS21F2145P0003_704,TMS21F2145P0003,704,18,,1,36,17,4,5,1,0
2022-21.GS.C5.CE.1060.IB-rep1-TMS21F1990P0001_705,TMS21F1990P0001,705,18,,1,36,16,5,7,1,0
2022-21.GS.C5.CE.1060.IB-rep1-TMS21F2061P0006_706,TMS21F2061P0006,706,18,,1,36,15,5,5,1,0
2022-21.GS.C5.CE.1060.IB-rep1-TMS21F2244P0068_707,TMS21F2244P0068,707,18,,1,36,14,5,5,3,5
2022-21.GS.C5.CE.1060.IB-rep1-TMS21F2162P0001_708,TMS21F2162P0001,708,18,,1,36,13,5,7,1,0
2022-21.GS.C5.CE.1060.IB-rep1-TMS13F1304P0003_709,TMS13F1304P0003,709,18,,1,36,12,5,5,1,0
2022-21.GS.C5.CE.1060.IB-rep1-TMS21F2172P0003_710,TMS21F2172P0003,710,18,,1,36,11,5,5,1,0
2022-21.GS.C5.CE.1060.IB-rep1-TMS21F1975P0091_711,TMS21F1975P0091,711,18,,1,36,10,4,5,4,4
2022-21.GS.C5.CE.1060.IB-rep1-TMS21F1982P0010_712,TMS21F1982P0010,712,18,,1,36,9,5,5,2,1
2022-21.GS.C5.CE.1060.IB-rep1-TMS21F2087P0007_713,TMS21F2087P0007,713,18,,1,36,8,4,3,4,4
2022-21.GS.C5.CE.1060.IB-rep1-IITA-TMS-IBA070593_714,IITA-TMS-IBA070593,714,18,1,1,36,7,5,7,1,0
2022-21.GS.C5.CE.1060.IB-rep1-TMS21F2181P0003_715,TMS21F2181P0003,715,18,,1,36,6,4,5,3,4
2022-21.GS.C5.CE.1060.IB-rep1-TMS21F2112P0002_716,TMS21F2112P0002,716,18,,1,36,5,5,7,1,0
2022-21.GS.C5.CE.1060.IB-rep1-TMS18F1298P0026_717,TMS18F1298P0026,717,18,,1,36,4,5,3,1,0
2022-21.GS.C5.CE.1060.IB-rep1-TMS21F1997P0005_718,TMS21F1997P0005,718,18,,1,36,3,4,5,1,0
2022-21.GS.C5.CE.1060.IB-rep1-TMS21F1983P0003_719,TMS21F1983P0003,719,18,,1,36,2,5,7,1,0
2022-21.GS.C5.CE.1060.IB-rep1-TMS21F2152P0017_720,TMS21F2152P0017,720,18,,1,36,1,5,7,1,0
2022-21.GS.C5.CE.1060.IB-rep1-TMS21F2093P0012_721,TMS21F2093P0012,721,19,,1,37,1,5,7,1,0
2022-21.GS.C5.CE.1060.IB-rep1-TMS21F2241P0067_722,TMS21F2241P0067,722,19,,1,37,2,5,7,1,0
2022-21.GS.C5.CE.1060.IB-rep1-TMS21F2166P0001_723,TMS21F2166P0001,723,19,,1,37,3,5,5,1,0
2022-21.GS.C5.CE.1060.IB-rep1-IITA-TMS-IBA070593_724,IITA-TMS-IBA070593,724,19,1,1,37,4,5,5,1,0
2022-21.GS.C5.CE.1060.IB-rep1-TMS21F2238P0099_725,TMS21F2238P0099,725,19,,1,37,5,5,3,1,0
2022-21.GS.C5.CE.1060.IB-rep1-TMS21F2257P0028_726,TMS21F2257P0028,726,19,,1,37,6,5,5,1,0
2022-21.GS.C5.CE.1060.IB-rep1-TMS21F2259P0033_727,TMS21F2259P0033,727,19,,1,37,7,3,3,3,3
2022-21.GS.C5.CE.1060.IB-rep1-TMS21F2254P0010_728,TMS21F2254P0010,728,19,,1,37,8,5,5,3,1
2022-21.GS.C5.CE.1060.IB-rep1-TMS21F2175P0001_729,TMS21F2175P0001,729,19,,1,37,9,5,7,1,0
2022-21.GS.C5.CE.1060.IB-rep1-TMS18F1163P0020_730,TMS18F1163P0020,730,19,,1,37,10,5,5,1,0
2022-21.GS.C5.CE.1060.IB-rep1-TMS21F2260P0057_731,TMS21F2260P0057,731,19,,1,37,11,5,3,1,0
2022-21.GS.C5.CE.1060.IB-rep1-TMS21F2086P0013_732,TMS21F2086P0013,732,19,,1,37,12,5,5,2,3
2022-21.GS.C5.CE.1060.IB-rep1-TMS21F2045P0062_733,TMS21F2045P0062,733,19,,1,37,13,5,7,1,0
2022-21.GS.C5.CE.1060.IB-rep1-TMS21F2060P0025_734,TMS21F2060P0025,734,19,,1,37,14,5,5,1,0
2022-21.GS.C5.CE.1060.IB-rep1-TMS21F2038P0014_735,TMS21F2038P0014,735,19,,1,37,15,5,5,1,0
2022-21.GS.C5.CE.1060.IB-rep1-TMS21F2157P0003_736,TMS21F2157P0003,736,19,,1,37,16,5,3,4,5
2022-21.GS.C5.CE.1060.IB-rep1-TMS21F2107P0021_737,TMS21F2107P0021,737,19,,1,37,17,5,5,1,0
2022-21.GS.C5.CE.1060.IB-rep1-TMS21F1997P0004_738,TMS21F1997P0004,738,19,,1,37,18,5,5,1,0
2022-21.GS.C5.CE.1060.IB-rep1-TMS21F1996P0018_739,TMS21F1996P0018,739,19,,1,37,19,5,5,3,5
2022-21.GS.C5.CE.1060.IB-rep1-TMEB419 _740,TMEB419 ,740,19,1,1,37,20,5,5,1,0
2022-21.GS.C5.CE.1060.IB-rep1-TMS18F1047P0024_741,TMS18F1047P0024,741,19,,1,38,20,5,7,1,0
2022-21.GS.C5.CE.1060.IB-rep1-TMS21F2060P0003_742,TMS21F2060P0003,742,19,,1,38,19,5,5,1,0
2022-21.GS.C5.CE.1060.IB-rep1-TMS21F2002P0002_743,TMS21F2002P0002,743,19,,1,38,18,5,3,1,0
2022-21.GS.C5.CE.1060.IB-rep1-TMS21F2149P0009_744,TMS21F2149P0009,744,19,,1,38,17,5,5,1,0
2022-21.GS.C5.CE.1060.IB-rep1-TMS21F2020P0011_745,TMS21F2020P0011,745,19,,1,38,16,5,5,1,0
2022-21.GS.C5.CE.1060.IB-rep1-TMS21F2094P0003_746,TMS21F2094P0003,746,19,,1,38,15,5,3,1,0
2022-21.GS.C5.CE.1060.IB-rep1-TMS13F1343P0022_747,TMS13F1343P0022,747,19,1,1,38,14,5,5,1,0
2022-21.GS.C5.CE.1060.IB-rep1-TMS21F2200P0002_748,TMS21F2200P0002,748,19,,1,38,13,5,7,1,0
2022-21.GS.C5.CE.1060.IB-rep1-TMS21F2086P0016_749,TMS21F2086P0016,749,19,,1,38,12,5,5,1,0
2022-21.GS.C5.CE.1060.IB-rep1-TMS18F1279P0006_750,TMS18F1279P0006,750,19,,1,38,11,5,5,1,0
2022-21.GS.C5.CE.1060.IB-rep1-TMS21F2086P0021_751,TMS21F2086P0021,751,19,,1,38,10,5,5,1,0
2022-21.GS.C5.CE.1060.IB-rep1-TMS21F2238P0026_752,TMS21F2238P0026,752,19,,1,38,9,4,7,1,0
2022-21.GS.C5.CE.1060.IB-rep1-TMS21F2092P0013_753,TMS21F2092P0013,753,19,,1,38,8,5,5,1,0
2022-21.GS.C5.CE.1060.IB-rep1-IITA-TMS-IBA000070_754,IITA-TMS-IBA000070,754,19,1,1,38,7,5,3,1,0
2022-21.GS.C5.CE.1060.IB-rep1-TMS21F1991P0001_755,TMS21F1991P0001,755,19,,1,38,6,5,3,1,0
2022-21.GS.C5.CE.1060.IB-rep1-TMS21F2060P0004_756,TMS21F2060P0004,756,19,,1,38,5,5,3,1,0
2022-21.GS.C5.CE.1060.IB-rep1-TMS21F2238P0070_757,TMS21F2238P0070,757,19,,1,38,4,5,5,1,0
2022-21.GS.C5.CE.1060.IB-rep1-TMS18F1331P0005_758,TMS18F1331P0005,758,19,,1,38,3,5,5,1,0
2022-21.GS.C5.CE.1060.IB-rep1-TMS21F2151P0004_759,TMS21F2151P0004,759,19,,1,38,2,5,7,4,5
2022-21.GS.C5.CE.1060.IB-rep1-TMS21F2178P0001_760,TMS21F2178P0001,760,19,,1,38,1,5,7,1,0
2022-21.GS.C5.CE.1060.IB-rep1-TMS21F2255P0011_761,TMS21F2255P0011,761,20,,1,39,1,5,7,1,0
2022-21.GS.C5.CE.1060.IB-rep1-TMS21F2256P0068_762,TMS21F2256P0068,762,20,,1,39,2,5,7,1,0
2022-21.GS.C5.CE.1060.IB-rep1-TMS21F2090P0021_763,TMS21F2090P0021,763,20,,1,39,3,5,7,3,5
2022-21.GS.C5.CE.1060.IB-rep1-TMS21F2257P0106_764,TMS21F2257P0106,764,20,,1,39,4,3,3,1,0
2022-21.GS.C5.CE.1060.IB-rep1-TMS21F2114P0003_765,TMS21F2114P0003,765,20,,1,39,5,4,3,1,0
2022-21.GS.C5.CE.1060.IB-rep1-TMS21F2246P0022_766,TMS21F2246P0022,766,20,,1,39,6,5,7,1,0
2022-21.GS.C5.CE.1060.IB-rep1-TMS21F2014P0012_767,TMS21F2014P0012,767,20,,1,39,7,5,5,1,0
2022-21.GS.C5.CE.1060.IB-rep1-TMS21F2238P0054_768,TMS21F2238P0054,768,20,,1,39,8,5,5,1,0
2022-21.GS.C5.CE.1060.IB-rep1-TMS18F1051P0039_769,TMS18F1051P0039,769,20,,1,39,9,5,5,1,0
2022-21.GS.C5.CE.1060.IB-rep1-TMS21F2080P0003_770,TMS21F2080P0003,770,20,,1,39,10,5,5,1,0
2022-21.GS.C5.CE.1060.IB-rep1-TMEB419 _771,TMEB419 ,771,20,1,1,39,11,5,5,1,0
2022-21.GS.C5.CE.1060.IB-rep1-TMS21F2060P0006_772,TMS21F2060P0006,772,20,,1,39,12,5,3,1,0
2022-21.GS.C5.CE.1060.IB-rep1-TMS21F2220P0011_773,TMS21F2220P0011,773,20,,1,39,13,5,3,2,5
2022-21.GS.C5.CE.1060.IB-rep1-TMS21F2246P0004_774,TMS21F2246P0004,774,20,,1,39,14,5,7,2,1
2022-21.GS.C5.CE.1060.IB-rep1-TMS21F2016P0029_775,TMS21F2016P0029,775,20,,1,39,15,5,3,1,0
2022-21.GS.C5.CE.1060.IB-rep1-IITA-TMS-IBA070593_776,IITA-TMS-IBA070593,776,20,1,1,39,16,5,5,1,0
2022-21.GS.C5.CE.1060.IB-rep1-TMS18F1327P0021_777,TMS18F1327P0021,777,20,,1,39,17,5,5,1,0
2022-21.GS.C5.CE.1060.IB-rep1-TMS21F2238P0012_778,TMS21F2238P0012,778,20,,1,39,18,5,5,1,0
2022-21.GS.C5.CE.1060.IB-rep1-TMS21F2156P0008_779,TMS21F2156P0008,779,20,,1,39,19,5,5,3,5
2022-21.GS.C5.CE.1060.IB-rep1-TMS21F2154P0007_780,TMS21F2154P0007,780,20,,1,39,20,5,7,1,0
2022-21.GS.C5.CE.1060.IB-rep1-TMS21F2084P0036_781,TMS21F2084P0036,781,20,,1,40,20,4,5,1,0
2022-21.GS.C5.CE.1060.IB-rep1-TMS21F2063P0003_782,TMS21F2063P0003,782,20,,1,40,19,4,5,3,4
2022-21.GS.C5.CE.1060.IB-rep1-TMS21F2246P0073_783,TMS21F2246P0073,783,20,,1,40,18,5,5,3,5
2022-21.GS.C5.CE.1060.IB-rep1-TMS21F2156P0003_784,TMS21F2156P0003,784,20,,1,40,17,4,3,1,0
2022-21.GS.C5.CE.1060.IB-rep1-TMS21F2003P0005_785,TMS21F2003P0005,785,20,,1,40,16,3,5,3,3
2022-21.GS.C5.CE.1060.IB-rep1-TMS21F2048P0005_786,TMS21F2048P0005,786,20,,1,40,15,4,7,1,0
2022-21.GS.C5.CE.1060.IB-rep1-TMS18F1159P0011_787,TMS18F1159P0011,787,20,,1,40,14,5,5,1,0
2022-21.GS.C5.CE.1060.IB-rep1-TMS21F2060P0001_788,TMS21F2060P0001,788,20,,1,40,13,5,5,3,5
2022-21.GS.C5.CE.1060.IB-rep1-TMS21F2016P0023_789,TMS21F2016P0023,789,20,,1,40,12,5,5,4,5
2022-21.GS.C5.CE.1060.IB-rep1-TMS21F2114P0002_790,TMS21F2114P0002,790,20,,1,40,11,5,7,1,0
2022-21.GS.C5.CE.1060.IB-rep1-TMS21F2016P0005_791,TMS21F2016P0005,791,20,,1,40,10,5,7,1,0
2022-21.GS.C5.CE.1060.IB-rep1-TMS15F1329P0005_792,TMS15F1329P0005,792,20,,1,40,9,5,5,1,0
2022-21.GS.C5.CE.1060.IB-rep1-TMS13F1343P0022_793,TMS13F1343P0022,793,20,1,1,40,8,5,5,1,0
2022-21.GS.C5.CE.1060.IB-rep1-TMS21F2014P0006_794,TMS21F2014P0006,794,20,,1,40,7,5,5,1,0
2022-21.GS.C5.CE.1060.IB-rep1-TMS21F2246P0108_795,TMS21F2246P0108,795,20,,1,40,6,5,5,2,4
2022-21.GS.C5.CE.1060.IB-rep1-TMS15F1302P0020_796,TMS15F1302P0020,796,20,,1,40,5,5,5,1,0
2022-21.GS.C5.CE.1060.IB-rep1-TMS21F2114P0005_797,TMS21F2114P0005,797,20,,1,40,4,5,5,3,5
2022-21.GS.C5.CE.1060.IB-rep1-TMS21F2154P0011_798,TMS21F2154P0011,798,20,,1,40,3,5,3,3,5
2022-21.GS.C5.CE.1060.IB-rep1-IITA-TMS-IBA000070_799,IITA-TMS-IBA000070,799,20,1,1,40,2,5,5,1,0
2022-21.GS.C5.CE.1060.IB-rep1-TMS18F1299P0012_800,TMS18F1299P0012,800,20,,1,40,1,5,5,1,0
2022-21.GS.C5.CE.1060.IB-rep1-TMS21F2016P0014_801,TMS21F2016P0014,801,21,,1,41,1,5,5,1,0
2022-21.GS.C5.CE.1060.IB-rep1-TMS21F2149P0011_802,TMS21F2149P0011,802,21,,1,41,2,4,5,1,0
2022-21.GS.C5.CE.1060.IB-rep1-TMS21F2245P0024_803,TMS21F2245P0024,803,21,,1,41,3,4,3,1,0
2022-21.GS.C5.CE.1060.IB-rep1-TMS21F2090P0026_804,TMS21F2090P0026,804,21,,1,41,4,5,5,4,5
2022-21.GS.C5.CE.1060.IB-rep1-TMS18F1539P0086_805,TMS18F1539P0086,805,21,,1,41,5,5,5,1,0
2022-21.GS.C5.CE.1060.IB-rep1-TMEB419 _806,TMEB419 ,806,21,1,1,41,6,5,5,1,0
2022-21.GS.C5.CE.1060.IB-rep1-TMS21F2048P0006_807,TMS21F2048P0006,807,21,,1,41,7,5,5,1,0
2022-21.GS.C5.CE.1060.IB-rep1-TMS21F2238P0027_808,TMS21F2238P0027,808,21,,1,41,8,5,5,1,0
2022-21.GS.C5.CE.1060.IB-rep1-TMS21F2120P0005_809,TMS21F2120P0005,809,21,,1,41,9,5,5,3,5
2022-21.GS.C5.CE.1060.IB-rep1-TMS21F2251P0021_810,TMS21F2251P0021,810,21,,1,41,10,5,7,1,0
2022-21.GS.C5.CE.1060.IB-rep1-TMS21F2074P0012_811,TMS21F2074P0012,811,21,,1,41,11,5,5,1,0
2022-21.GS.C5.CE.1060.IB-rep1-TMS18F1562P0004_812,TMS18F1562P0004,812,21,,1,41,12,5,5,1,0
2022-21.GS.C5.CE.1060.IB-rep1-TMS21F2228P0044_813,TMS21F2228P0044,813,21,,1,41,13,5,5,4,5
2022-21.GS.C5.CE.1060.IB-rep1-TMS21F2184P0003_814,TMS21F2184P0003,814,21,,1,41,14,5,5,1,0
2022-21.GS.C5.CE.1060.IB-rep1-TMS21F2032P0003_815,TMS21F2032P0003,815,21,,1,41,15,5,7,1,0
2022-21.GS.C5.CE.1060.IB-rep1-TMS21F2235P0006_816,TMS21F2235P0006,816,21,,1,41,16,5,5,1,0
2022-21.GS.C5.CE.1060.IB-rep1-TMS21F2233P0078_817,TMS21F2233P0078,817,21,,1,41,17,4,3,1,0
2022-21.GS.C5.CE.1060.IB-rep1-IITA-TMS-IBA070593_818,IITA-TMS-IBA070593,818,21,1,1,41,18,5,5,1,0
2022-21.GS.C5.CE.1060.IB-rep1-TMS18F1015P0015_819,TMS18F1015P0015,819,21,,1,41,19,5,5,1,0
2022-21.GS.C5.CE.1060.IB-rep1-TMS21F2232P0026_820,TMS21F2232P0026,820,21,,1,41,20,2,3,3,2
2022-21.GS.C5.CE.1060.IB-rep1-TMS21F2033P0002_821,TMS21F2033P0002,821,21,,1,42,20,,,,
2022-21.GS.C5.CE.1060.IB-rep1-TMS21F2050P0001_822,TMS21F2050P0001,822,21,,1,42,19,5,3,3,5
2022-21.GS.C5.CE.1060.IB-rep1-TMS21F1987P0009_823,TMS21F1987P0009,823,21,,1,42,18,5,3,1,0
2022-21.GS.C5.CE.1060.IB-rep1-TMS21F1982P0021_824,TMS21F1982P0021,824,21,,1,42,17,5,5,1,0
2022-21.GS.C5.CE.1060.IB-rep1-TMS13F1343P0022_825,TMS13F1343P0022,825,21,1,1,42,16,5,5,1,0
2022-21.GS.C5.CE.1060.IB-rep1-TMS15F1100P0005_826,TMS15F1100P0005,826,21,,1,42,15,5,7,1,0
2022-21.GS.C5.CE.1060.IB-rep1-TMS21F2063P0002_827,TMS21F2063P0002,827,21,,1,42,14,5,7,1,0
2022-21.GS.C5.CE.1060.IB-rep1-TMS21F1975P0034_828,TMS21F1975P0034,828,21,,1,42,13,3,5,1,0
2022-21.GS.C5.CE.1060.IB-rep1-TMS21F2259P0012_829,TMS21F2259P0012,829,21,,1,42,12,5,3,1,0
2022-21.GS.C5.CE.1060.IB-rep1-IITA-TMS-IBA070593_830,IITA-TMS-IBA070593,830,21,1,1,42,11,5,5,1,0
2022-21.GS.C5.CE.1060.IB-rep1-TMS21F2084P0014_831,TMS21F2084P0014,831,21,,1,42,10,5,7,1,0
2022-21.GS.C5.CE.1060.IB-rep1-TMS21F2245P0083_832,TMS21F2245P0083,832,21,,1,42,9,5,5,4,5
2022-21.GS.C5.CE.1060.IB-rep1-TMS21F2084P0024_833,TMS21F2084P0024,833,21,,1,42,8,5,3,1,0
2022-21.GS.C5.CE.1060.IB-rep1-TMS21F2002P0010_834,TMS21F2002P0010,834,21,,1,42,7,1,5,1,0
2022-21.GS.C5.CE.1060.IB-rep1-TMS21F2255P0072_835,TMS21F2255P0072,835,21,,1,42,6,5,7,1,0
2022-21.GS.C5.CE.1060.IB-rep1-TMS21F2080P0005_836,TMS21F2080P0005,836,21,,1,42,5,5,5,1,0
2022-21.GS.C5.CE.1060.IB-rep1-TMS21F2147P0005_837,TMS21F2147P0005,837,21,,1,42,4,4,3,1,0
2022-21.GS.C5.CE.1060.IB-rep1-TMS21F1979P0024_838,TMS21F1979P0024,838,21,,1,42,3,4,3,1,0
2022-21.GS.C5.CE.1060.IB-rep1-TMS21F1996P0010_839,TMS21F1996P0010,839,21,,1,42,2,5,7,1,0
2022-21.GS.C5.CE.1060.IB-rep1-TMS21F2046P0001_840,TMS21F2046P0001,840,21,,1,42,1,5,7,1,0
2022-21.GS.C5.CE.1060.IB-rep1-TMS18F1286P0003_841,TMS18F1286P0003,841,22,,1,43,1,5,5,1,0
2022-21.GS.C5.CE.1060.IB-rep1-TMS21F2248P0031_842,TMS21F2248P0031,842,22,,1,43,2,5,5,4,5
2022-21.GS.C5.CE.1060.IB-rep1-TMS21F2139P0015_843,TMS21F2139P0015,843,22,,1,43,3,5,5,2,1
2022-21.GS.C5.CE.1060.IB-rep1-TMEB419 _844,TMEB419 ,844,22,1,1,43,4,5,5,1,0
2022-21.GS.C5.CE.1060.IB-rep1-TMS21F2049P0004_845,TMS21F2049P0004,845,22,,1,43,5,5,5,1,0
2022-21.GS.C5.CE.1060.IB-rep1-TMS21F2251P0035_846,TMS21F2251P0035,846,22,,1,43,6,2,5,1,0
2022-21.GS.C5.CE.1060.IB-rep1-TMS21F2028P0002_847,TMS21F2028P0002,847,22,,1,43,7,5,5,1,0
2022-21.GS.C5.CE.1060.IB-rep1-TMS21F2019P0011_848,TMS21F2019P0011,848,22,,1,43,8,5,5,1,0
2022-21.GS.C5.CE.1060.IB-rep1-TMS21F2254P0008_849,TMS21F2254P0008,849,22,,1,43,9,5,7,1,0
2022-21.GS.C5.CE.1060.IB-rep1-TMS21F2252P0041_850,TMS21F2252P0041,850,22,,1,43,10,5,7,1,0
2022-21.GS.C5.CE.1060.IB-rep1-TMS21F2241P0039_851,TMS21F2241P0039,851,22,,1,43,11,4,3,1,0
2022-21.GS.C5.CE.1060.IB-rep1-TMS21F2179P0001_852,TMS21F2179P0001,852,22,,1,43,12,5,3,3,5
2022-21.GS.C5.CE.1060.IB-rep1-TMS21F2068P0005_853,TMS21F2068P0005,853,22,,1,43,13,5,5,3,5
2022-21.GS.C5.CE.1060.IB-rep1-TMS21F2030P0008_854,TMS21F2030P0008,854,22,,1,43,14,5,7,1,0
2022-21.GS.C5.CE.1060.IB-rep1-TMS21F2229P0087_855,TMS21F2229P0087,855,22,,1,43,15,3,5,4,3
2022-21.GS.C5.CE.1060.IB-rep1-TMS21F1989P0002_856,TMS21F1989P0002,856,22,,1,43,16,5,5,4,5
2022-21.GS.C5.CE.1060.IB-rep1-TMS21F2030P0002_857,TMS21F2030P0002,857,22,,1,43,17,5,5,1,0
2022-21.GS.C5.CE.1060.IB-rep1-IITA-TMS-IBA070593_858,IITA-TMS-IBA070593,858,22,1,1,43,18,4,5,1,0
2022-21.GS.C5.CE.1060.IB-rep1-TMS21F1991P0005_859,TMS21F1991P0005,859,22,,1,43,19,5,7,1,0
2022-21.GS.C5.CE.1060.IB-rep1-TMS21F2011P0002_860,TMS21F2011P0002,860,22,,1,43,20,5,7,1,0
2022-21.GS.C5.CE.1060.IB-rep1-TMS21F2055P0025_861,TMS21F2055P0025,861,22,,1,44,20,5,5,1,0
2022-21.GS.C5.CE.1060.IB-rep1-TMS21F2003P0003_862,TMS21F2003P0003,862,22,,1,44,19,5,5,1,0
2022-21.GS.C5.CE.1060.IB-rep1-TMS21F2259P0031_863,TMS21F2259P0031,863,22,,1,44,18,4,3,1,0
2022-21.GS.C5.CE.1060.IB-rep1-TMS21F2256P0064_864,TMS21F2256P0064,864,22,,1,44,17,5,3,1,0
2022-21.GS.C5.CE.1060.IB-rep1-TMS13F1343P0022_865,TMS13F1343P0022,865,22,1,1,44,16,5,7,1,0
2022-21.GS.C5.CE.1060.IB-rep1-TMS21F2115P0001_866,TMS21F2115P0001,866,22,,1,44,15,,,,
2022-21.GS.C5.CE.1060.IB-rep1-TMS21F2154P0027_867,TMS21F2154P0027,867,22,,1,44,14,4,5,3,4
2022-21.GS.C5.CE.1060.IB-rep1-TMS21F2260P0019_868,TMS21F2260P0019,868,22,,1,44,13,4,7,1,0
2022-21.GS.C5.CE.1060.IB-rep1-TMS21F2054P0028_869,TMS21F2054P0028,869,22,,1,44,12,4,3,1,0
2022-21.GS.C5.CE.1060.IB-rep1-TMS21F2255P0041_870,TMS21F2255P0041,870,22,,1,44,11,5,7,1,0
2022-21.GS.C5.CE.1060.IB-rep1-TMS21F2220P0009_871,TMS21F2220P0009,871,22,,1,44,10,5,7,1,0
2022-21.GS.C5.CE.1060.IB-rep1-IITA-TMS-IBA000070_872,IITA-TMS-IBA000070,872,22,1,1,44,9,5,5,1,0
2022-21.GS.C5.CE.1060.IB-rep1-TMS21F2254P0003_873,TMS21F2254P0003,873,22,,1,44,8,5,5,1,0
2022-21.GS.C5.CE.1060.IB-rep1-TMS21F2243P0074_874,TMS21F2243P0074,874,22,,1,44,7,5,7,2,3
2022-21.GS.C5.CE.1060.IB-rep1-TMS21F2244P0097_875,TMS21F2244P0097,875,22,,1,44,6,5,5,3,2
2022-21.GS.C5.CE.1060.IB-rep1-TMS21F2097P0006_876,TMS21F2097P0006,876,22,,1,44,5,5,5,3,4
2022-21.GS.C5.CE.1060.IB-rep1-TMS21F2087P0006_877,TMS21F2087P0006,877,22,,1,44,4,5,3,1,0
2022-21.GS.C5.CE.1060.IB-rep1-TMS21F2250P0074_878,TMS21F2250P0074,878,22,,1,44,3,5,5,1,0
2022-21.GS.C5.CE.1060.IB-rep1-TMS21F2255P0070_879,TMS21F2255P0070,879,22,,1,44,2,5,7,1,0
2022-21.GS.C5.CE.1060.IB-rep1-TMS21F2090P0004_880,TMS21F2090P0004,880,22,,1,44,1,5,5,1,0
2022-21.GS.C5.CE.1060.IB-rep1-TMS21F1983P0002_881,TMS21F1983P0002,881,23,,1,45,1,5,5,3,1
2022-21.GS.C5.CE.1060.IB-rep1-TMS21F2095P0006_882,TMS21F2095P0006,882,23,,1,45,2,5,3,3,5
2022-21.GS.C5.CE.1060.IB-rep1-TMS21F2260P0058_883,TMS21F2260P0058,883,23,,1,45,3,5,5,3,5
2022-21.GS.C5.CE.1060.IB-rep1-TMS21F2228P0003_884,TMS21F2228P0003,884,23,,1,45,4,5,5,3,5
2022-21.GS.C5.CE.1060.IB-rep1-TMS21F2229P0040_885,TMS21F2229P0040,885,23,,1,45,5,3,5,1,0
2022-21.GS.C5.CE.1060.IB-rep1-TMS21F2117P0001_886,TMS21F2117P0001,886,23,,1,45,6,5,7,1,0
2022-21.GS.C5.CE.1060.IB-rep1-TMS21F2234P0050_887,TMS21F2234P0050,887,23,,1,45,7,5,3,1,0
2022-21.GS.C5.CE.1060.IB-rep1-TMS21F2119P0004_888,TMS21F2119P0004,888,23,,1,45,8,5,5,3,5
2022-21.GS.C5.CE.1060.IB-rep1-TMS21F1976P0021_889,TMS21F1976P0021,889,23,,1,45,9,5,5,3,2
2022-21.GS.C5.CE.1060.IB-rep1-TMS13F1343P0022_890,TMS13F1343P0022,890,23,1,1,45,10,5,5,1,0
2022-21.GS.C5.CE.1060.IB-rep1-TMS21F2090P0023_891,TMS21F2090P0023,891,23,,1,45,11,5,7,1,0
2022-21.GS.C5.CE.1060.IB-rep1-TMS21F2246P0100_892,TMS21F2246P0100,892,23,,1,45,12,5,5,2,1
2022-21.GS.C5.CE.1060.IB-rep1-TMS21F2239P0039_893,TMS21F2239P0039,893,23,,1,45,13,5,7,1,0
2022-21.GS.C5.CE.1060.IB-rep1-TMS21F2242P0054_894,TMS21F2242P0054,894,23,,1,45,14,5,7,1,0
2022-21.GS.C5.CE.1060.IB-rep1-TMS21F2245P0080_895,TMS21F2245P0080,895,23,,1,45,15,5,7,2,2
2022-21.GS.C5.CE.1060.IB-rep1-TMS21F2257P0072_896,TMS21F2257P0072,896,23,,1,45,16,5,7,1,0
2022-21.GS.C5.CE.1060.IB-rep1-TMS21F2252P0015_897,TMS21F2252P0015,897,23,,1,45,17,5,5,1,0
2022-21.GS.C5.CE.1060.IB-rep1-IITA-TMS-IBA000070_898,IITA-TMS-IBA000070,898,23,1,1,45,18,5,5,1,0
2022-21.GS.C5.CE.1060.IB-rep1-TMS21F2253P0067_899,TMS21F2253P0067,899,23,,1,45,19,5,5,3,3
2022-21.GS.C5.CE.1060.IB-rep1-TMS21F2246P0015_900,TMS21F2246P0015,900,23,,1,45,20,5,7,1,0
2022-21.GS.C5.CE.1060.IB-rep1-TMS21F2227P0016_901,TMS21F2227P0016,901,23,,1,46,20,5,3,1,0
2022-21.GS.C5.CE.1060.IB-rep1-TMS21F2242P0004_902,TMS21F2242P0004,902,23,,1,46,19,5,5,2,1
2022-21.GS.C5.CE.1060.IB-rep1-TMS21F2243P0020_903,TMS21F2243P0020,903,23,,1,46,18,5,5,2,1
2022-21.GS.C5.CE.1060.IB-rep1-TMS21F2107P0001_904,TMS21F2107P0001,904,23,,1,46,17,5,5,1,0
2022-21.GS.C5.CE.1060.IB-rep1-TMS21F2248P0095_905,TMS21F2248P0095,905,23,,1,46,16,5,5,1,0
2022-21.GS.C5.CE.1060.IB-rep1-TMS21F2233P0086_906,TMS21F2233P0086,906,23,,1,46,15,5,5,1,0
2022-21.GS.C5.CE.1060.IB-rep1-IITA-TMS-IBA070593_907,IITA-TMS-IBA070593,907,23,1,1,46,14,5,5,1,0
2022-21.GS.C5.CE.1060.IB-rep1-TMS21F2094P0001_908,TMS21F2094P0001,908,23,,1,46,13,5,5,2,2
2022-21.GS.C5.CE.1060.IB-rep1-TMS21F2019P0018_909,TMS21F2019P0018,909,23,,1,46,12,5,5,1,0
2022-21.GS.C5.CE.1060.IB-rep1-TMS21F2242P0091_910,TMS21F2242P0091,910,23,,1,46,11,5,7,3,5
2022-21.GS.C5.CE.1060.IB-rep1-TMS21F2228P0059_911,TMS21F2228P0059,911,23,,1,46,10,5,5,1,0
2022-21.GS.C5.CE.1060.IB-rep1-TMS21F1979P0023_912,TMS21F1979P0023,912,23,,1,46,9,5,7,1,0
2022-21.GS.C5.CE.1060.IB-rep1-TMS21F2024P0004_913,TMS21F2024P0004,913,23,,1,46,8,5,5,1,0
2022-21.GS.C5.CE.1060.IB-rep1-TMS21F2227P0052_914,TMS21F2227P0052,914,23,,1,46,7,5,3,1,0
2022-21.GS.C5.CE.1060.IB-rep1-TMS21F2151P0001_915,TMS21F2151P0001,915,23,,1,46,6,5,5,3,5
2022-21.GS.C5.CE.1060.IB-rep1-TMS21F2250P0102_916,TMS21F2250P0102,916,23,,1,46,5,5,5,3,5
2022-21.GS.C5.CE.1060.IB-rep1-TMS21F2244P0062_917,TMS21F2244P0062,917,23,,1,46,4,5,5,1,0
2022-21.GS.C5.CE.1060.IB-rep1-TMEB419_918,TMEB419,918,23,1,1,46,3,5,5,1,0
2022-21.GS.C5.CE.1060.IB-rep1-TMS21F2087P0016_919,TMS21F2087P0016,919,23,,1,46,2,5,3,1,0
2022-21.GS.C5.CE.1060.IB-rep1-TMS21F2243P0007_920,TMS21F2243P0007,920,23,,1,46,1,5,5,1,0
2022-21.GS.C5.CE.1060.IB-rep1-TMS21F2255P0024_921,TMS21F2255P0024,921,24,,1,47,1,5,7,1,0
2022-21.GS.C5.CE.1060.IB-rep1-TMS21F2248P0021_922,TMS21F2248P0021,922,24,,1,47,2,5,5,1,0
2022-21.GS.C5.CE.1060.IB-rep1-TMS21F2249P0074_923,TMS21F2249P0074,923,24,,1,47,3,5,5,3,4
2022-21.GS.C5.CE.1060.IB-rep1-TMS21F2250P0105_924,TMS21F2250P0105,924,24,,1,47,4,5,5,1,0
2022-21.GS.C5.CE.1060.IB-rep1-TMS21F2016P0003_925,TMS21F2016P0003,925,24,,1,47,5,5,5,1,0
2022-21.GS.C5.CE.1060.IB-rep1-IITA-TMS-IBA000070_926,IITA-TMS-IBA000070,926,24,1,1,47,6,5,5,1,0
2022-21.GS.C5.CE.1060.IB-rep1-TMS21F2043P0006_927,TMS21F2043P0006,927,24,,1,47,7,5,5,1,0
2022-21.GS.C5.CE.1060.IB-rep1-TMS21F2228P0008_928,TMS21F2228P0008,928,24,,1,47,8,5,5,1,0
2022-21.GS.C5.CE.1060.IB-rep1-TMS21F2044P0001_929,TMS21F2044P0001,929,24,,1,47,9,5,5,2,3
2022-21.GS.C5.CE.1060.IB-rep1-TMS21F2257P0108_930,TMS21F2257P0108,930,24,,1,47,10,5,5,1,0
2022-21.GS.C5.CE.1060.IB-rep1-TMS13F1343P0022_931,TMS13F1343P0022,931,24,1,1,47,11,5,3,1,0
2022-21.GS.C5.CE.1060.IB-rep1-TMS21F2084P0003_932,TMS21F2084P0003,932,24,,1,47,12,5,5,1,0
2022-21.GS.C5.CE.1060.IB-rep1-TMS21F2044P0019_933,TMS21F2044P0019,933,24,,1,47,13,5,5,1,0
2022-21.GS.C5.CE.1060.IB-rep1-TMS21F2030P0001_934,TMS21F2030P0001,934,24,,1,47,14,5,5,1,0
2022-21.GS.C5.CE.1060.IB-rep1-TMS21F2170P0008_935,TMS21F2170P0008,935,24,,1,47,15,5,5,1,0
2022-21.GS.C5.CE.1060.IB-rep1-TMS21F2228P0036_936,TMS21F2228P0036,936,24,,1,47,16,5,5,1,0
2022-21.GS.C5.CE.1060.IB-rep1-TMS21F2014P0009_937,TMS21F2014P0009,937,24,,1,47,17,5,5,1,0
2022-21.GS.C5.CE.1060.IB-rep1-TMS21F2256P0070_938,TMS21F2256P0070,938,24,,1,47,18,5,7,1,0
2022-21.GS.C5.CE.1060.IB-rep1-TMS21F1976P0116_939,TMS21F1976P0116,939,24,,1,47,19,5,5,1,0
2022-21.GS.C5.CE.1060.IB-rep1-TMS21F2014P0018_940,TMS21F2014P0018,940,24,,1,47,20,5,5,4,5
2022-21.GS.C5.CE.1060.IB-rep1-TMS21F2242P0025_941,TMS21F2242P0025,941,24,,1,48,20,5,7,1,0
2022-21.GS.C5.CE.1060.IB-rep1-TMS21F2018P0008_942,TMS21F2018P0008,942,24,,1,48,19,5,5,1,0
2022-21.GS.C5.CE.1060.IB-rep1-IITA-TMS-IBA070593_943,IITA-TMS-IBA070593,943,24,1,1,48,18,5,5,1,0
2022-21.GS.C5.CE.1060.IB-rep1-TMS21F2227P0053_944,TMS21F2227P0053,944,24,,1,48,17,5,3,3,5
2022-21.GS.C5.CE.1060.IB-rep1-TMS21F2248P0003_945,TMS21F2248P0003,945,24,,1,48,16,5,5,3,5
2022-21.GS.C5.CE.1060.IB-rep1-TMS21F2098P0001_946,TMS21F2098P0001,946,24,,1,48,15,5,5,2,1
2022-21.GS.C5.CE.1060.IB-rep1-TMS21F2031P0002_947,TMS21F2031P0002,947,24,,1,48,14,5,5,1,0
2022-21.GS.C5.CE.1060.IB-rep1-TMS21F1983P0010_948,TMS21F1983P0010,948,24,,1,48,13,5,5,3,5
2022-21.GS.C5.CE.1060.IB-rep1-TMS21F2233P0021_949,TMS21F2233P0021,949,24,,1,48,12,5,7,1,0
2022-21.GS.C5.CE.1060.IB-rep1-TMS21F2241P0007_950,TMS21F2241P0007,950,24,,1,48,11,5,5,1,0
2022-21.GS.C5.CE.1060.IB-rep1-TMS21F2246P0025_951,TMS21F2246P0025,951,24,,1,48,10,5,7,1,0
2022-21.GS.C5.CE.1060.IB-rep1-TMS21F2013P0011_952,TMS21F2013P0011,952,24,,1,48,9,4,5,3,4
2022-21.GS.C5.CE.1060.IB-rep1-TMS21F2028P0001_953,TMS21F2028P0001,953,24,,1,48,8,5,7,1,0
2022-21.GS.C5.CE.1060.IB-rep1-TMS21F2044P0025_954,TMS21F2044P0025,954,24,,1,48,7,3,3,4,3
2022-21.GS.C5.CE.1060.IB-rep1-TMS21F2121P0012_955,TMS21F2121P0012,955,24,,1,48,6,5,5,1,0
2022-21.GS.C5.CE.1060.IB-rep1-TMS21F2084P0023_956,TMS21F2084P0023,956,24,,1,48,5,5,5,1,0
2022-21.GS.C5.CE.1060.IB-rep1-TMS21F2234P0010_957,TMS21F2234P0010,957,24,,1,48,4,5,3,3,3
2022-21.GS.C5.CE.1060.IB-rep1-TMEB419_958,TMEB419,958,24,1,1,48,3,3,5,1,0
2022-21.GS.C5.CE.1060.IB-rep1-TMS21F2128P0002_959,TMS21F2128P0002,959,24,,1,48,2,5,5,1,0
2022-21.GS.C5.CE.1060.IB-rep1-TMS21F2092P0016_960,TMS21F2092P0016,960,24,,1,48,1,5,7,1,0
2022-21.GS.C5.CE.1060.IB-rep1-TMS21F2090P0024_961,TMS21F2090P0024,961,25,,1,49,1,5,5,4,5
2022-21.GS.C5.CE.1060.IB-rep1-TMS21F2020P0001_962,TMS21F2020P0001,962,25,,1,49,2,5,3,1,0
2022-21.GS.C5.CE.1060.IB-rep1-TMS21F2074P0006_963,TMS21F2074P0006,963,25,,1,49,3,5,5,1,0
2022-21.GS.C5.CE.1060.IB-rep1-TMS21F2243P0029_964,TMS21F2243P0029,964,25,,1,49,4,5,5,4,5
2022-21.GS.C5.CE.1060.IB-rep1-TMS21F2012P0002_965,TMS21F2012P0002,965,25,,1,49,5,5,3,1,0
2022-21.GS.C5.CE.1060.IB-rep1-TMS21F2019P0009_966,TMS21F2019P0009,966,25,,1,49,6,5,5,1,0
2022-21.GS.C5.CE.1060.IB-rep1-TMS21F2010P0005_967,TMS21F2010P0005,967,25,,1,49,7,4,5,4,4
2022-21.GS.C5.CE.1060.IB-rep1-TMS21F2242P0007_968,TMS21F2242P0007,968,25,,1,49,8,4,5,3,4
2022-21.GS.C5.CE.1060.IB-rep1-TMS21F2241P0072_969,TMS21F2241P0072,969,25,,1,49,9,5,5,1,0
2022-21.GS.C5.CE.1060.IB-rep1-TMEB419_970,TMEB419,970,25,1,1,49,10,5,5,1,0
2022-21.GS.C5.CE.1060.IB-rep1-TMS21F2049P0005_971,TMS21F2049P0005,971,25,,1,49,11,5,7,1,0
2022-21.GS.C5.CE.1060.IB-rep1-TMS21F2243P0060_972,TMS21F2243P0060,972,25,,1,49,12,5,5,1,0
2022-21.GS.C5.CE.1060.IB-rep1-TMS21F2019P0007_973,TMS21F2019P0007,973,25,,1,49,13,5,5,1,0
2022-21.GS.C5.CE.1060.IB-rep1-TMS21F2242P0010_974,TMS21F2242P0010,974,25,,1,49,14,5,5,1,0
2022-21.GS.C5.CE.1060.IB-rep1-TMS21F2245P0114_975,TMS21F2245P0114,975,25,,1,49,15,5,5,1,0
2022-21.GS.C5.CE.1060.IB-rep1-TMS21F2057P0011_976,TMS21F2057P0011,976,25,,1,49,16,5,5,1,0
2022-21.GS.C5.CE.1060.IB-rep1-TMS21F2019P0003_977,TMS21F2019P0003,977,25,,1,49,17,5,5,1,0
2022-21.GS.C5.CE.1060.IB-rep1-TMS21F2017P0002_978,TMS21F2017P0002,978,25,,1,49,18,5,7,1,0
2022-21.GS.C5.CE.1060.IB-rep1-TMS13F1343P0022_979,TMS13F1343P0022,979,25,1,1,49,19,5,5,1,0
2022-21.GS.C5.CE.1060.IB-rep1-TMS21F2016P0001_980,TMS21F2016P0001,980,25,,1,49,20,5,7,1,0
2022-21.GS.C5.CE.1060.IB-rep1-TMS21F2245P0079_981,TMS21F2245P0079,981,25,,1,50,20,5,7,3,3
2022-21.GS.C5.CE.1060.IB-rep1-TMS21F2056P0011_982,TMS21F2056P0011,982,25,,1,50,19,5,5,3,4
2022-21.GS.C5.CE.1060.IB-rep1-TMS21F2061P0002_983,TMS21F2061P0002,983,25,,1,50,18,5,7,1,0
2022-21.GS.C5.CE.1060.IB-rep1-IITA-TMS-IBA070593_984,IITA-TMS-IBA070593,984,25,1,1,50,17,5,5,1,0
2022-21.GS.C5.CE.1060.IB-rep1-TMS21F2048P0004_985,TMS21F2048P0004,985,25,,1,50,16,5,5,3,1
2022-21.GS.C5.CE.1060.IB-rep1-TMS21F2048P0003_986,TMS21F2048P0003,986,25,,1,50,15,5,5,1,0
2022-21.GS.C5.CE.1060.IB-rep1-TMS21F2048P0001_987,TMS21F2048P0001,987,25,,1,50,14,5,5,1,0
2022-21.GS.C5.CE.1060.IB-rep1-TMS21F2250P0035_988,TMS21F2250P0035,988,25,,1,50,13,5,7,1,0
2022-21.GS.C5.CE.1060.IB-rep1-TMS21F2045P0007_989,TMS21F2045P0007,989,25,,1,50,12,5,5,1,0
2022-21.GS.C5.CE.1060.IB-rep1-TMS21F2045P0061_990,TMS21F2045P0061,990,25,,1,50,11,5,5,3,2
2022-21.GS.C5.CE.1060.IB-rep1-TMS21F2040P0007_991,TMS21F2040P0007,991,25,,1,50,10,5,7,3,2
2022-21.GS.C5.CE.1060.IB-rep1-IITA-TMS-IBA000070_992,IITA-TMS-IBA000070,992,25,1,1,50,9,5,5,1,0
2022-21.GS.C5.CE.1060.IB-rep1-TMS21F2054P0024_993,TMS21F2054P0024,993,25,,1,50,8,5,5,1,0
2022-21.GS.C5.CE.1060.IB-rep1-TMS21F2045P0044_994,TMS21F2045P0044,994,25,,1,50,7,4,5,1,0
2022-21.GS.C5.CE.1060.IB-rep1-TMS21F2045P0034_995,TMS21F2045P0034,995,25,,1,50,6,5,5,1,0
2022-21.GS.C5.CE.1060.IB-rep1-TMS21F2056P0009_996,TMS21F2056P0009,996,25,,1,50,5,5,5,1,0
2022-21.GS.C5.CE.1060.IB-rep1-TMS21F2249P0026_997,TMS21F2249P0026,997,25,,1,50,4,5,5,3,5
2022-21.GS.C5.CE.1060.IB-rep1-TMS21F2249P0011_998,TMS21F2249P0011,998,25,,1,50,3,5,5,3,5
2022-21.GS.C5.CE.1060.IB-rep1-TMS21F2024P0005_999,TMS21F2024P0005,999,25,,1,50,2,5,5,2,1
2022-21.GS.C5.CE.1060.IB-rep1-TMS21F2086P0016_1000,TMS21F2086P0016,1000,25,,1,50,1,5,5,3,5
2022-21.GS.C5.CE.1060.IB-rep1-TMS21F2045P0042_1001,TMS21F2045P0042,1001,26,,1,51,1,5,5,1,0
2022-21.GS.C5.CE.1060.IB-rep1-TMEB419_1002,TMEB419,1002,26,1,1,51,2,5,7,1,0
2022-21.GS.C5.CE.1060.IB-rep1-TMS21F2045P0019_1003,TMS21F2045P0019,1003,26,,1,51,3,5,5,1,0
2022-21.GS.C5.CE.1060.IB-rep1-TMS21F2038P0011_1004,TMS21F2038P0011,1004,26,,1,51,4,5,5,1,0
2022-21.GS.C5.CE.1060.IB-rep1-TMS21F2062P0002_1005,TMS21F2062P0002,1005,26,,1,51,5,5,5,4,5
2022-21.GS.C5.CE.1060.IB-rep1-TMS21F2044P0033_1006,TMS21F2044P0033,1006,26,,1,51,6,5,3,1,0
2022-21.GS.C5.CE.1060.IB-rep1-TMS21F2242P0038_1007,TMS21F2242P0038,1007,26,,1,51,7,5,7,3,5
2022-21.GS.C5.CE.1060.IB-rep1-TMS21F2073P0003_1008,TMS21F2073P0003,1008,26,,1,51,8,4,3,1,0
2022-21.GS.C5.CE.1060.IB-rep1-TMS21F2055P0025_1009,TMS21F2055P0025,1009,26,,1,51,9,5,5,3,5
2022-21.GS.C5.CE.1060.IB-rep1-TMS21F2045P0011_1010,TMS21F2045P0011,1010,26,,1,51,10,5,3,1,0
2022-21.GS.C5.CE.1060.IB-rep1-TMS13F1343P0022_1011,TMS13F1343P0022,1011,26,1,1,51,11,5,5,1,0
2022-21.GS.C5.CE.1060.IB-rep1-TMS21F2057P0001_1012,TMS21F2057P0001,1012,26,,1,51,12,5,5,1,0
2022-21.GS.C5.CE.1060.IB-rep1-TMS21F2045P0032_1013,TMS21F2045P0032,1013,26,,1,51,13,5,5,1,0
2022-21.GS.C5.CE.1060.IB-rep1-TMS21F2058P0001_1014,TMS21F2058P0001,1014,26,,1,51,14,5,3,1,0
2022-21.GS.C5.CE.1060.IB-rep1-TMS21F2041P0008_1015,TMS21F2041P0008,1015,26,,1,51,15,5,5,3,4
2022-21.GS.C5.CE.1060.IB-rep1-TMS21F2055P0011_1016,TMS21F2055P0011,1016,26,,1,51,16,5,7,1,0
2022-21.GS.C5.CE.1060.IB-rep1-TMS21F2059P0006_1017,TMS21F2059P0006,1017,26,,1,51,17,5,5,1,0
2022-21.GS.C5.CE.1060.IB-rep1-TMS21F2090P0029_1018,TMS21F2090P0029,1018,26,,1,51,18,5,5,3,5
2022-21.GS.C5.CE.1060.IB-rep1-TMS21F2055P0006_1019,TMS21F2055P0006,1019,26,,1,51,19,5,5,1,0
2022-21.GS.C5.CE.1060.IB-rep1-TMS21F2056P0005_1020,TMS21F2056P0005,1020,26,,1,51,20,5,3,4,5
2022-21.GS.C5.CE.1060.IB-rep1-IITA-TMS-IBA000070_1021,IITA-TMS-IBA000070,1021,26,1,1,52,20,5,5,1,0
2022-21.GS.C5.CE.1060.IB-rep1-TMS21F2224P0010_1022,TMS21F2224P0010,1022,26,,1,52,19,5,5,1,0
2022-21.GS.C5.CE.1060.IB-rep1-TMS21F1975P0113_1023,TMS21F1975P0113,1023,26,,1,52,18,5,5,1,0
2022-21.GS.C5.CE.1060.IB-rep1-TMS21F2055P0019_1024,TMS21F2055P0019,1024,26,,1,52,17,5,5,1,0
2022-21.GS.C5.CE.1060.IB-rep1-TMS21F1975P0087_1025,TMS21F1975P0087,1025,26,,1,52,16,5,5,1,0
2022-21.GS.C5.CE.1060.IB-rep1-TMS21F2260P0086_1026,TMS21F2260P0086,1026,26,,1,52,15,5,3,4,5
2022-21.GS.C5.CE.1060.IB-rep1-TMS21F2045P0053_1027,TMS21F2045P0053,1027,26,,1,52,14,4,5,3,2
2022-21.GS.C5.CE.1060.IB-rep1-TMS21F1976P0022_1028,TMS21F1976P0022,1028,26,,1,52,13,5,3,4,5
2022-21.GS.C5.CE.1060.IB-rep1-TMS21F2009P0015_1029,TMS21F2009P0015,1029,26,,1,52,12,5,3,3,5
2022-21.GS.C5.CE.1060.IB-rep1-TMS21F1999P0015_1030,TMS21F1999P0015,1030,26,,1,52,11,5,5,1,0
2022-21.GS.C5.CE.1060.IB-rep1-TMS21F1975P0015_1031,TMS21F1975P0015,1031,26,,1,52,10,4,3,3,4
2022-21.GS.C5.CE.1060.IB-rep1-TMS21F2054P0011_1032,TMS21F2054P0011,1032,26,,1,52,9,5,3,1,0
2022-21.GS.C5.CE.1060.IB-rep1-TMS21F2241P0022_1033,TMS21F2241P0022,1033,26,,1,52,8,5,3,3,5
2022-21.GS.C5.CE.1060.IB-rep1-TMS21F2038P0022_1034,TMS21F2038P0022,1034,26,,1,52,7,5,7,1,0
2022-21.GS.C5.CE.1060.IB-rep1-IITA-TMS-IBA070593_1035,IITA-TMS-IBA070593,1035,26,1,1,52,6,5,5,1,0
2022-21.GS.C5.CE.1060.IB-rep1-TMS21F2012P0001_1036,TMS21F2012P0001,1036,26,,1,52,5,5,5,4,5
2022-21.GS.C5.CE.1060.IB-rep1-TMS21F2014P0017_1037,TMS21F2014P0017,1037,26,,1,52,4,5,5,1,0
2022-21.GS.C5.CE.1060.IB-rep1-TMS21F2086P0014_1038,TMS21F2086P0014,1038,26,,1,52,3,5,5,1,0
2022-21.GS.C5.CE.1060.IB-rep1-TMS21F2044P0029_1039,TMS21F2044P0029,1039,26,,1,52,2,5,5,1,0
2022-21.GS.C5.CE.1060.IB-rep1-TMS21F2045P0004_1040,TMS21F2045P0004,1040,26,,1,52,1,5,5,1,0
2022-21.GS.C5.CE.1060.IB-rep1-TMS21F2019P0005_1041,TMS21F2019P0005,1041,27,,1,53,1,4,3,1,0
2022-21.GS.C5.CE.1060.IB-rep1-TMS21F2016P0027_1042,TMS21F2016P0027,1042,27,,1,53,2,5,3,4,5
2022-21.GS.C5.CE.1060.IB-rep1-TMS21F1978P0005_1043,TMS21F1978P0005,1043,27,,1,53,3,5,7,1,0
2022-21.GS.C5.CE.1060.IB-rep1-TMS21F1977P0003_1044,TMS21F1977P0003,1044,27,,1,53,4,5,5,3,5
2022-21.GS.C5.CE.1060.IB-rep1-TMS21F1975P0059_1045,TMS21F1975P0059,1045,27,,1,53,5,5,5,3,3
2022-21.GS.C5.CE.1060.IB-rep1-TMS21F1997P0002_1046,TMS21F1997P0002,1046,27,,1,53,6,5,5,2,2
2022-21.GS.C5.CE.1060.IB-rep1-TMS21F1996P0019_1047,TMS21F1996P0019,1047,27,,1,53,7,4,5,1,0
2022-21.GS.C5.CE.1060.IB-rep1-TMS13F1343P0022_1048,TMS13F1343P0022,1048,27,1,1,53,8,5,5,1,0
2022-21.GS.C5.CE.1060.IB-rep1-TMS21F1979P0115_1049,TMS21F1979P0115,1049,27,,1,53,9,5,3,1,0
2022-21.GS.C5.CE.1060.IB-rep1-TMS21F2018P0004_1050,TMS21F2018P0004,1050,27,,1,53,10,5,7,1,0
2022-21.GS.C5.CE.1060.IB-rep1-TMS21F2239P0034_1051,TMS21F2239P0034,1051,27,,1,53,11,5,7,1,0
2022-21.GS.C5.CE.1060.IB-rep1-TMS21F2104P0001_1052,TMS21F2104P0001,1052,27,,1,53,12,5,5,3,5
2022-21.GS.C5.CE.1060.IB-rep1-TMS21F2049P0007_1053,TMS21F2049P0007,1053,27,,1,53,13,,,,
2022-21.GS.C5.CE.1060.IB-rep1-TMS21F2018P0002_1054,TMS21F2018P0002,1054,27,,1,53,14,5,5,1,0
2022-21.GS.C5.CE.1060.IB-rep1-IITA-TMS-IBA000070_1055,IITA-TMS-IBA000070,1055,27,1,1,53,15,5,7,1,0
2022-21.GS.C5.CE.1060.IB-rep1-TMS21F2107P0009_1056,TMS21F2107P0009,1056,27,,1,53,16,4,5,1,0
2022-21.GS.C5.CE.1060.IB-rep1-TMS21F2016P0016_1057,TMS21F2016P0016,1057,27,,1,53,17,5,5,4,5
2022-21.GS.C5.CE.1060.IB-rep1-TMS21F2249P0043_1058,TMS21F2249P0043,1058,27,,1,53,18,5,5,1,0
2022-21.GS.C5.CE.1060.IB-rep1-TMS21F2130P0001_1059,TMS21F2130P0001,1059,27,,1,53,19,5,5,4,5
2022-21.GS.C5.CE.1060.IB-rep1-TMS21F2019P0014_1060,TMS21F2019P0014,1060,27,,1,53,20,5,5,2,5