parent,Intertek SNP ID,Customer SNP ID,vis.exp.glaz.dose
TMS18F1481P0029 ,snpME00505,27643909,1
TMS18F1481P0029 ,snpME00506,27918064,1
TMS18F1481P0029 ,snpME00507,28103607,1
TMS18F1481P0029 ,snpME00508,28662535,1
TMS18F1481P0029 ,snpME00509,29423079,1
TMS18F1481P0029 ,snpME00510,29449366,1
TMS18F1481P0029 ,snpME00511,29598785,1
TMS18F1481P0029 ,snpME00512,29944386,1
TMS18F1481P0029 ,snpME00513,30140085,1
TMS18F1481P0029 ,snpME00514,30140110,1
TMS18F1481P0029 ,snpME00515,30312867,1
TMS18F1481P0029 ,snpME00516,31196826,1
TMS18F1481P0029 ,snpME00517,31748949,1
TMS18F1481P0029 ,snpME00518,31815133,1
TMS18F1481P0029 ,snpME00519,32476579,1
TMS18F1481P0029 ,snpME00520,32865115,1
TMS18F1481P0029 ,snpME00521,33945193,1
TMS18F1481P0029 ,snpME00522,34195405,1
TMS18F1481P0029 ,snpME00523,34240125,1
TMS18F1481P0029 ,snpME00524,34462062,1
TMS18F1481P0029 ,snpME00525,34514745,1
TMS18F1481P0029 ,snpME00526,34584904,1
TMS18F1481P0029 ,snpME00527,34584923,1
TMS18F1481P0029 ,snpME00528,34737517,1
TMS18F1481P0029 ,snpME00529,34737558,1
TMS18F1481P0029 ,snpME00530,34843970,1
TMS18F1481P0029 ,snpME00531,35045456,1
TMS18F1481P0029 ,snpME00532,35204767,1
TMS18F1481P0029 ,snpME00533,35626846,1
TMS18F1481P0029 ,snpME00534,35808218,1
TMS18F1481P0029 ,snpME00535,36155769,1
TMS18F1481P0029 ,snpME00536,37123583,1
TMS18F1481P0029 ,snpME00537,37269340,1
TMS18F1481P0029 ,snpME00538,37370715,1
TMS18F1481P0029 ,snpME00539,37863517,1
TMS18F1481P0029 ,snpME00540,38699792,1
TMS18F1481P0029 ,snpME00541,38763653,1
TMS18F1481P0029 ,snpME00542,39131171,1
TMS18F1108P0012,snpME00505,27643909,1
TMS18F1108P0012,snpME00506,27918064,1
TMS18F1108P0012,snpME00507,28103607,1
TMS18F1108P0012,snpME00508,28662535,1
TMS18F1108P0012,snpME00509,29423079,1
TMS18F1108P0012,snpME00510,29449366,1
TMS18F1108P0012,snpME00511,29598785,1
TMS18F1108P0012,snpME00512,29944386,1
TMS18F1108P0012,snpME00513,30140085,1
TMS18F1108P0012,snpME00514,30140110,1
TMS18F1108P0012,snpME00515,30312867,1
TMS18F1108P0012,snpME00516,31196826,1
TMS18F1108P0012,snpME00517,31748949,1
TMS18F1108P0012,snpME00518,31815133,1
TMS18F1108P0012,snpME00519,32476579,1
TMS18F1108P0012,snpME00520,32865115,1
TMS18F1108P0012,snpME00521,33945193,1
TMS18F1108P0012,snpME00522,34195405,1
TMS18F1108P0012,snpME00523,34240125,1
TMS18F1108P0012,snpME00524,34462062,1
TMS18F1108P0012,snpME00525,34514745,1
TMS18F1108P0012,snpME00526,34584904,1
TMS18F1108P0012,snpME00527,34584923,1
TMS18F1108P0012,snpME00528,34737517,1
TMS18F1108P0012,snpME00529,34737558,1
TMS18F1108P0012,snpME00530,34843970,1
TMS18F1108P0012,snpME00531,35045456,1
TMS18F1108P0012,snpME00532,35204767,1
TMS18F1108P0012,snpME00533,35626846,1
TMS18F1108P0012,snpME00534,35808218,1
TMS18F1108P0012,snpME00535,36155769,1
TMS18F1108P0012,snpME00536,37123583,1
TMS18F1108P0012,snpME00537,37269340,1
TMS18F1108P0012,snpME00538,37370715,1
TMS18F1108P0012,snpME00539,37863517,1
TMS18F1108P0012,snpME00540,38699792,1
TMS18F1108P0012,snpME00541,38763653,1
TMS18F1108P0012,snpME00542,39131171,1
TMS18F1269P0003,snpME00505,27643909,1
TMS18F1269P0003,snpME00506,27918064,1
TMS18F1269P0003,snpME00507,28103607,1
TMS18F1269P0003,snpME00508,28662535,1
TMS18F1269P0003,snpME00509,29423079,1
TMS18F1269P0003,snpME00510,29449366,1
TMS18F1269P0003,snpME00511,29598785,1
TMS18F1269P0003,snpME00512,29944386,1
TMS18F1269P0003,snpME00513,30140085,1
TMS18F1269P0003,snpME00514,30140110,1
TMS18F1269P0003,snpME00515,30312867,1
TMS18F1269P0003,snpME00516,31196826,1
TMS18F1269P0003,snpME00517,31748949,1
TMS18F1269P0003,snpME00518,31815133,1
TMS18F1269P0003,snpME00519,32476579,1
TMS18F1269P0003,snpME00520,32865115,1
TMS18F1269P0003,snpME00521,33945193,1
TMS18F1269P0003,snpME00522,34195405,1
TMS18F1269P0003,snpME00523,34240125,1
TMS18F1269P0003,snpME00524,34462062,1
TMS18F1269P0003,snpME00525,34514745,1
TMS18F1269P0003,snpME00526,34584904,1
TMS18F1269P0003,snpME00527,34584923,1
TMS18F1269P0003,snpME00528,34737517,1
TMS18F1269P0003,snpME00529,34737558,1
TMS18F1269P0003,snpME00530,34843970,1
TMS18F1269P0003,snpME00531,35045456,1
TMS18F1269P0003,snpME00532,35204767,1
TMS18F1269P0003,snpME00533,35626846,1
TMS18F1269P0003,snpME00534,35808218,1
TMS18F1269P0003,snpME00535,36155769,1
TMS18F1269P0003,snpME00536,37123583,1
TMS18F1269P0003,snpME00537,37269340,1
TMS18F1269P0003,snpME00538,37370715,1
TMS18F1269P0003,snpME00539,37863517,1
TMS18F1269P0003,snpME00540,38699792,1
TMS18F1269P0003,snpME00541,38763653,1
TMS18F1269P0003,snpME00542,39131171,1
TMS18F1163P0020,snpME00505,27643909,1
TMS18F1163P0020,snpME00506,27918064,1
TMS18F1163P0020,snpME00507,28103607,1
TMS18F1163P0020,snpME00508,28662535,1
TMS18F1163P0020,snpME00509,29423079,1
TMS18F1163P0020,snpME00510,29449366,1
TMS18F1163P0020,snpME00511,29598785,1
TMS18F1163P0020,snpME00512,29944386,1
TMS18F1163P0020,snpME00513,30140085,1
TMS18F1163P0020,snpME00514,30140110,1
TMS18F1163P0020,snpME00515,30312867,1
TMS18F1163P0020,snpME00516,31196826,1
TMS18F1163P0020,snpME00517,31748949,1
TMS18F1163P0020,snpME00518,31815133,1
TMS18F1163P0020,snpME00519,32476579,1
TMS18F1163P0020,snpME00520,32865115,1
TMS18F1163P0020,snpME00521,33945193,1
TMS18F1163P0020,snpME00522,34195405,1
TMS18F1163P0020,snpME00523,34240125,1
TMS18F1163P0020,snpME00524,34462062,1
TMS18F1163P0020,snpME00525,34514745,1
TMS18F1163P0020,snpME00526,34584904,1
TMS18F1163P0020,snpME00527,34584923,1
TMS18F1163P0020,snpME00528,34737517,1
TMS18F1163P0020,snpME00529,34737558,1
TMS18F1163P0020,snpME00530,34843970,1
TMS18F1163P0020,snpME00531,35045456,1
TMS18F1163P0020,snpME00532,35204767,1
TMS18F1163P0020,snpME00533,35626846,1
TMS18F1163P0020,snpME00534,35808218,1
TMS18F1163P0020,snpME00535,36155769,1
TMS18F1163P0020,snpME00536,37123583,1
TMS18F1163P0020,snpME00537,37269340,1
TMS18F1163P0020,snpME00538,37370715,1
TMS18F1163P0020,snpME00539,37863517,1
TMS18F1163P0020,snpME00540,38699792,1
TMS18F1163P0020,snpME00541,38763653,1
TMS18F1163P0020,snpME00542,39131171,1
TMS15F1279P0006,snpME00505,27643909,1
TMS15F1279P0006,snpME00506,27918064,1
TMS15F1279P0006,snpME00507,28103607,1
TMS15F1279P0006,snpME00508,28662535,1
TMS15F1279P0006,snpME00509,29423079,1
TMS15F1279P0006,snpME00510,29449366,1
TMS15F1279P0006,snpME00511,29598785,1
TMS15F1279P0006,snpME00512,29944386,1
TMS15F1279P0006,snpME00513,30140085,1
TMS15F1279P0006,snpME00514,30140110,1
TMS15F1279P0006,snpME00515,30312867,1
TMS15F1279P0006,snpME00516,31196826,1
TMS15F1279P0006,snpME00517,31748949,1
TMS15F1279P0006,snpME00518,31815133,1
TMS15F1279P0006,snpME00519,32476579,1
TMS15F1279P0006,snpME00520,32865115,1
TMS15F1279P0006,snpME00521,33945193,1
TMS15F1279P0006,snpME00522,34195405,1
TMS15F1279P0006,snpME00523,34240125,1
TMS15F1279P0006,snpME00524,34462062,1
TMS15F1279P0006,snpME00525,34514745,1
TMS15F1279P0006,snpME00526,34584904,1
TMS15F1279P0006,snpME00527,34584923,1
TMS15F1279P0006,snpME00528,34737517,1
TMS15F1279P0006,snpME00529,34737558,1
TMS15F1279P0006,snpME00530,34843970,1
TMS15F1279P0006,snpME00531,35045456,1
TMS15F1279P0006,snpME00532,35204767,1
TMS15F1279P0006,snpME00533,35626846,1
TMS15F1279P0006,snpME00534,35808218,1
TMS15F1279P0006,snpME00535,36155769,1
TMS15F1279P0006,snpME00536,37123583,1
TMS15F1279P0006,snpME00537,37269340,1
TMS15F1279P0006,snpME00538,37370715,1
TMS15F1279P0006,snpME00539,37863517,1
TMS15F1279P0006,snpME00540,38699792,1
TMS15F1279P0006,snpME00541,38763653,1
TMS15F1279P0006,snpME00542,39131171,1
TMS14F1285P0017,snpME00505,27643909,1
TMS14F1285P0017,snpME00506,27918064,1
TMS14F1285P0017,snpME00507,28103607,1
TMS14F1285P0017,snpME00508,28662535,1
TMS14F1285P0017,snpME00509,29423079,1
TMS14F1285P0017,snpME00510,29449366,1
TMS14F1285P0017,snpME00511,29598785,1
TMS14F1285P0017,snpME00512,29944386,1
TMS14F1285P0017,snpME00513,30140085,1
TMS14F1285P0017,snpME00514,30140110,1
TMS14F1285P0017,snpME00515,30312867,1
TMS14F1285P0017,snpME00516,31196826,1
TMS14F1285P0017,snpME00517,31748949,1
TMS14F1285P0017,snpME00518,31815133,1
TMS14F1285P0017,snpME00519,32476579,1
TMS14F1285P0017,snpME00520,32865115,1
TMS14F1285P0017,snpME00521,33945193,1
TMS14F1285P0017,snpME00522,34195405,1
TMS14F1285P0017,snpME00523,34240125,1
TMS14F1285P0017,snpME00524,34462062,1
TMS14F1285P0017,snpME00525,34514745,1
TMS14F1285P0017,snpME00526,34584904,1
TMS14F1285P0017,snpME00527,34584923,1
TMS14F1285P0017,snpME00528,34737517,1
TMS14F1285P0017,snpME00529,34737558,1
TMS14F1285P0017,snpME00530,34843970,1
TMS14F1285P0017,snpME00531,35045456,1
TMS14F1285P0017,snpME00532,35204767,1
TMS14F1285P0017,snpME00533,35626846,1
TMS14F1285P0017,snpME00534,35808218,1
TMS14F1285P0017,snpME00535,36155769,1
TMS14F1285P0017,snpME00536,37123583,1
TMS14F1285P0017,snpME00537,37269340,1
TMS14F1285P0017,snpME00538,37370715,1
TMS14F1285P0017,snpME00539,37863517,1
TMS14F1285P0017,snpME00540,38699792,1
TMS14F1285P0017,snpME00541,38763653,1
TMS14F1285P0017,snpME00542,39131171,1
TMS18F1331P0005,snpME00505,27643909,1
TMS18F1331P0005,snpME00506,27918064,1
TMS18F1331P0005,snpME00507,28103607,1
TMS18F1331P0005,snpME00508,28662535,1
TMS18F1331P0005,snpME00509,29423079,1
TMS18F1331P0005,snpME00510,29449366,1
TMS18F1331P0005,snpME00511,29598785,1
TMS18F1331P0005,snpME00512,29944386,1
TMS18F1331P0005,snpME00513,30140085,1
TMS18F1331P0005,snpME00514,30140110,1
TMS18F1331P0005,snpME00515,30312867,1
TMS18F1331P0005,snpME00516,31196826,1
TMS18F1331P0005,snpME00517,31748949,1
TMS18F1331P0005,snpME00518,31815133,1
TMS18F1331P0005,snpME00519,32476579,1
TMS18F1331P0005,snpME00520,32865115,1
TMS18F1331P0005,snpME00521,33945193,1
TMS18F1331P0005,snpME00522,34195405,1
TMS18F1331P0005,snpME00523,34240125,1
TMS18F1331P0005,snpME00524,34462062,1
TMS18F1331P0005,snpME00525,34514745,1
TMS18F1331P0005,snpME00526,34584904,1
TMS18F1331P0005,snpME00527,34584923,1
TMS18F1331P0005,snpME00528,34737517,1
TMS18F1331P0005,snpME00529,34737558,1
TMS18F1331P0005,snpME00530,34843970,1
TMS18F1331P0005,snpME00531,35045456,1
TMS18F1331P0005,snpME00532,35204767,1
TMS18F1331P0005,snpME00533,35626846,1
TMS18F1331P0005,snpME00534,35808218,1
TMS18F1331P0005,snpME00535,36155769,1
TMS18F1331P0005,snpME00536,37123583,1
TMS18F1331P0005,snpME00537,37269340,1
TMS18F1331P0005,snpME00538,37370715,1
TMS18F1331P0005,snpME00539,37863517,1
TMS18F1331P0005,snpME00540,38699792,1
TMS18F1331P0005,snpME00541,38763653,1
TMS18F1331P0005,snpME00542,39131171,1
TMS18F1419P0037,snpME00505,27643909,1
TMS18F1419P0037,snpME00506,27918064,1
TMS18F1419P0037,snpME00507,28103607,1
TMS18F1419P0037,snpME00508,28662535,1
TMS18F1419P0037,snpME00509,29423079,1
TMS18F1419P0037,snpME00510,29449366,1
TMS18F1419P0037,snpME00511,29598785,1
TMS18F1419P0037,snpME00512,29944386,1
TMS18F1419P0037,snpME00513,30140085,1
TMS18F1419P0037,snpME00514,30140110,1
TMS18F1419P0037,snpME00515,30312867,1
TMS18F1419P0037,snpME00516,31196826,1
TMS18F1419P0037,snpME00517,31748949,1
TMS18F1419P0037,snpME00518,31815133,1
TMS18F1419P0037,snpME00519,32476579,1
TMS18F1419P0037,snpME00520,32865115,1
TMS18F1419P0037,snpME00521,33945193,1
TMS18F1419P0037,snpME00522,34195405,1
TMS18F1419P0037,snpME00523,34240125,1
TMS18F1419P0037,snpME00524,34462062,1
TMS18F1419P0037,snpME00525,34514745,1
TMS18F1419P0037,snpME00526,34584904,1
TMS18F1419P0037,snpME00527,34584923,1
TMS18F1419P0037,snpME00528,34737517,1
TMS18F1419P0037,snpME00529,34737558,1
TMS18F1419P0037,snpME00530,34843970,1
TMS18F1419P0037,snpME00531,35045456,1
TMS18F1419P0037,snpME00532,35204767,1
TMS18F1419P0037,snpME00533,35626846,1
TMS18F1419P0037,snpME00534,35808218,1
TMS18F1419P0037,snpME00535,36155769,1
TMS18F1419P0037,snpME00536,37123583,1
TMS18F1419P0037,snpME00537,37269340,1
TMS18F1419P0037,snpME00538,37370715,1
TMS18F1419P0037,snpME00539,37863517,1
TMS18F1419P0037,snpME00540,38699792,1
TMS18F1419P0037,snpME00541,38763653,1
TMS18F1419P0037,snpME00542,39131171,1
TMS18F1175P0039,snpME00505,27643909,1
TMS18F1175P0039,snpME00506,27918064,1
TMS18F1175P0039,snpME00507,28103607,1
TMS18F1175P0039,snpME00508,28662535,1
TMS18F1175P0039,snpME00509,29423079,1
TMS18F1175P0039,snpME00510,29449366,1
TMS18F1175P0039,snpME00511,29598785,1
TMS18F1175P0039,snpME00512,29944386,1
TMS18F1175P0039,snpME00513,30140085,1
TMS18F1175P0039,snpME00514,30140110,1
TMS18F1175P0039,snpME00515,30312867,1
TMS18F1175P0039,snpME00516,31196826,1
TMS18F1175P0039,snpME00517,31748949,1
TMS18F1175P0039,snpME00518,31815133,1
TMS18F1175P0039,snpME00519,32476579,1
TMS18F1175P0039,snpME00520,32865115,1
TMS18F1175P0039,snpME00521,33945193,1
TMS18F1175P0039,snpME00522,34195405,1
TMS18F1175P0039,snpME00523,34240125,1
TMS18F1175P0039,snpME00524,34462062,1
TMS18F1175P0039,snpME00525,34514745,1
TMS18F1175P0039,snpME00526,34584904,1
TMS18F1175P0039,snpME00527,34584923,1
TMS18F1175P0039,snpME00528,34737517,1
TMS18F1175P0039,snpME00529,34737558,1
TMS18F1175P0039,snpME00530,34843970,1
TMS18F1175P0039,snpME00531,35045456,1
TMS18F1175P0039,snpME00532,35204767,1
TMS18F1175P0039,snpME00533,35626846,1
TMS18F1175P0039,snpME00534,35808218,1
TMS18F1175P0039,snpME00535,36155769,1
TMS18F1175P0039,snpME00536,37123583,1
TMS18F1175P0039,snpME00537,37269340,1
TMS18F1175P0039,snpME00538,37370715,1
TMS18F1175P0039,snpME00539,37863517,1
TMS18F1175P0039,snpME00540,38699792,1
TMS18F1175P0039,snpME00541,38763653,1
TMS18F1175P0039,snpME00542,39131171,1
TMS15F1100P0005,snpME00505,27643909,1
TMS15F1100P0005,snpME00506,27918064,1
TMS15F1100P0005,snpME00507,28103607,1
TMS15F1100P0005,snpME00508,28662535,1
TMS15F1100P0005,snpME00509,29423079,1
TMS15F1100P0005,snpME00510,29449366,1
TMS15F1100P0005,snpME00511,29598785,1
TMS15F1100P0005,snpME00512,29944386,1
TMS15F1100P0005,snpME00513,30140085,1
TMS15F1100P0005,snpME00514,30140110,1
TMS15F1100P0005,snpME00515,30312867,1
TMS15F1100P0005,snpME00516,31196826,1
TMS15F1100P0005,snpME00517,31748949,1
TMS15F1100P0005,snpME00518,31815133,1
TMS15F1100P0005,snpME00519,32476579,1
TMS15F1100P0005,snpME00520,32865115,1
TMS15F1100P0005,snpME00521,33945193,1
TMS15F1100P0005,snpME00522,34195405,1
TMS15F1100P0005,snpME00523,34240125,1
TMS15F1100P0005,snpME00524,34462062,1
TMS15F1100P0005,snpME00525,34514745,1
TMS15F1100P0005,snpME00526,34584904,1
TMS15F1100P0005,snpME00527,34584923,1
TMS15F1100P0005,snpME00528,34737517,1
TMS15F1100P0005,snpME00529,34737558,1
TMS15F1100P0005,snpME00530,34843970,1
TMS15F1100P0005,snpME00531,35045456,1
TMS15F1100P0005,snpME00532,35204767,1
TMS15F1100P0005,snpME00533,35626846,1
TMS15F1100P0005,snpME00534,35808218,1
TMS15F1100P0005,snpME00535,36155769,1
TMS15F1100P0005,snpME00536,37123583,1
TMS15F1100P0005,snpME00537,37269340,1
TMS15F1100P0005,snpME00538,37370715,1
TMS15F1100P0005,snpME00539,37863517,1
TMS15F1100P0005,snpME00540,38699792,1
TMS15F1100P0005,snpME00541,38763653,1
TMS15F1100P0005,snpME00542,39131171,1
TMS18F1286P0003,snpME00505,27643909,1
TMS18F1286P0003,snpME00506,27918064,1
TMS18F1286P0003,snpME00507,28103607,1
TMS18F1286P0003,snpME00508,28662535,1
TMS18F1286P0003,snpME00509,29423079,1
TMS18F1286P0003,snpME00510,29449366,1
TMS18F1286P0003,snpME00511,29598785,1
TMS18F1286P0003,snpME00512,29944386,1
TMS18F1286P0003,snpME00513,30140085,1
TMS18F1286P0003,snpME00514,30140110,1
TMS18F1286P0003,snpME00515,30312867,1
TMS18F1286P0003,snpME00516,31196826,1
TMS18F1286P0003,snpME00517,31748949,1
TMS18F1286P0003,snpME00518,31815133,1
TMS18F1286P0003,snpME00519,32476579,1
TMS18F1286P0003,snpME00520,32865115,1
TMS18F1286P0003,snpME00521,33945193,1
TMS18F1286P0003,snpME00522,34195405,1
TMS18F1286P0003,snpME00523,34240125,1
TMS18F1286P0003,snpME00524,34462062,1
TMS18F1286P0003,snpME00525,34514745,1
TMS18F1286P0003,snpME00526,34584904,1
TMS18F1286P0003,snpME00527,34584923,1
TMS18F1286P0003,snpME00528,34737517,1
TMS18F1286P0003,snpME00529,34737558,1
TMS18F1286P0003,snpME00530,34843970,1
TMS18F1286P0003,snpME00531,35045456,1
TMS18F1286P0003,snpME00532,35204767,1
TMS18F1286P0003,snpME00533,35626846,1
TMS18F1286P0003,snpME00534,35808218,1
TMS18F1286P0003,snpME00535,36155769,1
TMS18F1286P0003,snpME00536,37123583,1
TMS18F1286P0003,snpME00537,37269340,1
TMS18F1286P0003,snpME00538,37370715,1
TMS18F1286P0003,snpME00539,37863517,1
TMS18F1286P0003,snpME00540,38699792,1
TMS18F1286P0003,snpME00541,38763653,1
TMS18F1286P0003,snpME00542,39131171,1
TMS18F1329P0005,snpME00505,27643909,1
TMS18F1329P0005,snpME00506,27918064,1
TMS18F1329P0005,snpME00507,28103607,1
TMS18F1329P0005,snpME00508,28662535,1
TMS18F1329P0005,snpME00509,29423079,1
TMS18F1329P0005,snpME00510,29449366,1
TMS18F1329P0005,snpME00511,29598785,1
TMS18F1329P0005,snpME00512,29944386,1
TMS18F1329P0005,snpME00513,30140085,1
TMS18F1329P0005,snpME00514,30140110,1
TMS18F1329P0005,snpME00515,30312867,1
TMS18F1329P0005,snpME00516,31196826,1
TMS18F1329P0005,snpME00517,31748949,1
TMS18F1329P0005,snpME00518,31815133,1
TMS18F1329P0005,snpME00519,32476579,1
TMS18F1329P0005,snpME00520,32865115,1
TMS18F1329P0005,snpME00521,33945193,1
TMS18F1329P0005,snpME00522,34195405,1
TMS18F1329P0005,snpME00523,34240125,1
TMS18F1329P0005,snpME00524,34462062,1
TMS18F1329P0005,snpME00525,34514745,1
TMS18F1329P0005,snpME00526,34584904,1
TMS18F1329P0005,snpME00527,34584923,1
TMS18F1329P0005,snpME00528,34737517,1
TMS18F1329P0005,snpME00529,34737558,1
TMS18F1329P0005,snpME00530,34843970,1
TMS18F1329P0005,snpME00531,35045456,1
TMS18F1329P0005,snpME00532,35204767,1
TMS18F1329P0005,snpME00533,35626846,1
TMS18F1329P0005,snpME00534,35808218,1
TMS18F1329P0005,snpME00535,36155769,1
TMS18F1329P0005,snpME00536,37123583,1
TMS18F1329P0005,snpME00537,37269340,1
TMS18F1329P0005,snpME00538,37370715,1
TMS18F1329P0005,snpME00539,37863517,1
TMS18F1329P0005,snpME00540,38699792,1
TMS18F1329P0005,snpME00541,38763653,1
TMS18F1329P0005,snpME00542,39131171,1
TMS18F1275P0004,snpME00505,27643909,1
TMS18F1275P0004,snpME00506,27918064,1
TMS18F1275P0004,snpME00507,28103607,1
TMS18F1275P0004,snpME00508,28662535,1
TMS18F1275P0004,snpME00509,29423079,1
TMS18F1275P0004,snpME00510,29449366,1
TMS18F1275P0004,snpME00511,29598785,1
TMS18F1275P0004,snpME00512,29944386,1
TMS18F1275P0004,snpME00513,30140085,1
TMS18F1275P0004,snpME00514,30140110,1
TMS18F1275P0004,snpME00515,30312867,1
TMS18F1275P0004,snpME00516,31196826,1
TMS18F1275P0004,snpME00517,31748949,1
TMS18F1275P0004,snpME00518,31815133,1
TMS18F1275P0004,snpME00519,32476579,1
TMS18F1275P0004,snpME00520,32865115,1
TMS18F1275P0004,snpME00521,33945193,1
TMS18F1275P0004,snpME00522,34195405,1
TMS18F1275P0004,snpME00523,34240125,1
TMS18F1275P0004,snpME00524,34462062,1
TMS18F1275P0004,snpME00525,34514745,1
TMS18F1275P0004,snpME00526,34584904,1
TMS18F1275P0004,snpME00527,34584923,1
TMS18F1275P0004,snpME00528,34737517,1
TMS18F1275P0004,snpME00529,34737558,1
TMS18F1275P0004,snpME00530,34843970,1
TMS18F1275P0004,snpME00531,35045456,1
TMS18F1275P0004,snpME00532,35204767,1
TMS18F1275P0004,snpME00533,35626846,1
TMS18F1275P0004,snpME00534,35808218,1
TMS18F1275P0004,snpME00535,36155769,1
TMS18F1275P0004,snpME00536,37123583,1
TMS18F1275P0004,snpME00537,37269340,1
TMS18F1275P0004,snpME00538,37370715,1
TMS18F1275P0004,snpME00539,37863517,1
TMS18F1275P0004,snpME00540,38699792,1
TMS18F1275P0004,snpME00541,38763653,1
TMS18F1275P0004,snpME00542,39131171,1
TMS15F1100P0005,snpME00505,27643909,1
TMS15F1100P0005,snpME00506,27918064,1
TMS15F1100P0005,snpME00507,28103607,1
TMS15F1100P0005,snpME00508,28662535,1
TMS15F1100P0005,snpME00509,29423079,1
TMS15F1100P0005,snpME00510,29449366,1
TMS15F1100P0005,snpME00511,29598785,1
TMS15F1100P0005,snpME00512,29944386,1
TMS15F1100P0005,snpME00513,30140085,1
TMS15F1100P0005,snpME00514,30140110,1
TMS15F1100P0005,snpME00515,30312867,1
TMS15F1100P0005,snpME00516,31196826,1
TMS15F1100P0005,snpME00517,31748949,1
TMS15F1100P0005,snpME00518,31815133,1
TMS15F1100P0005,snpME00519,32476579,1
TMS15F1100P0005,snpME00520,32865115,1
TMS15F1100P0005,snpME00521,33945193,1
TMS15F1100P0005,snpME00522,34195405,1
TMS15F1100P0005,snpME00523,34240125,1
TMS15F1100P0005,snpME00524,34462062,1
TMS15F1100P0005,snpME00525,34514745,1
TMS15F1100P0005,snpME00526,34584904,1
TMS15F1100P0005,snpME00527,34584923,1
TMS15F1100P0005,snpME00528,34737517,1
TMS15F1100P0005,snpME00529,34737558,1
TMS15F1100P0005,snpME00530,34843970,1
TMS15F1100P0005,snpME00531,35045456,1
TMS15F1100P0005,snpME00532,35204767,1
TMS15F1100P0005,snpME00533,35626846,1
TMS15F1100P0005,snpME00534,35808218,1
TMS15F1100P0005,snpME00535,36155769,1
TMS15F1100P0005,snpME00536,37123583,1
TMS15F1100P0005,snpME00537,37269340,1
TMS15F1100P0005,snpME00538,37370715,1
TMS15F1100P0005,snpME00539,37863517,1
TMS15F1100P0005,snpME00540,38699792,1
TMS15F1100P0005,snpME00541,38763653,1
TMS15F1100P0005,snpME00542,39131171,1
TMS18F1033P0018,snpME00505,27643909,1
TMS18F1033P0018,snpME00506,27918064,1
TMS18F1033P0018,snpME00507,28103607,1
TMS18F1033P0018,snpME00508,28662535,1
TMS18F1033P0018,snpME00509,29423079,1
TMS18F1033P0018,snpME00510,29449366,1
TMS18F1033P0018,snpME00511,29598785,1
TMS18F1033P0018,snpME00512,29944386,1
TMS18F1033P0018,snpME00513,30140085,1
TMS18F1033P0018,snpME00514,30140110,1
TMS18F1033P0018,snpME00515,30312867,1
TMS18F1033P0018,snpME00516,31196826,1
TMS18F1033P0018,snpME00517,31748949,1
TMS18F1033P0018,snpME00518,31815133,1
TMS18F1033P0018,snpME00519,32476579,1
TMS18F1033P0018,snpME00520,32865115,1
TMS18F1033P0018,snpME00521,33945193,1
TMS18F1033P0018,snpME00522,34195405,1
TMS18F1033P0018,snpME00523,34240125,1
TMS18F1033P0018,snpME00524,34462062,1
TMS18F1033P0018,snpME00525,34514745,1
TMS18F1033P0018,snpME00526,34584904,1
TMS18F1033P0018,snpME00527,34584923,1
TMS18F1033P0018,snpME00528,34737517,1
TMS18F1033P0018,snpME00529,34737558,1
TMS18F1033P0018,snpME00530,34843970,1
TMS18F1033P0018,snpME00531,35045456,1
TMS18F1033P0018,snpME00532,35204767,1
TMS18F1033P0018,snpME00533,35626846,1
TMS18F1033P0018,snpME00534,35808218,1
TMS18F1033P0018,snpME00535,36155769,1
TMS18F1033P0018,snpME00536,37123583,1
TMS18F1033P0018,snpME00537,37269340,1
TMS18F1033P0018,snpME00538,37370715,1
TMS18F1033P0018,snpME00539,37863517,1
TMS18F1033P0018,snpME00540,38699792,1
TMS18F1033P0018,snpME00541,38763653,1
TMS18F1033P0018,snpME00542,39131171,1
TMS18F1339P0034,snpME00505,27643909,1
TMS18F1339P0034,snpME00506,27918064,1
TMS18F1339P0034,snpME00507,28103607,1
TMS18F1339P0034,snpME00508,28662535,1
TMS18F1339P0034,snpME00509,29423079,1
TMS18F1339P0034,snpME00510,29449366,1
TMS18F1339P0034,snpME00511,29598785,1
TMS18F1339P0034,snpME00512,29944386,1
TMS18F1339P0034,snpME00513,30140085,1
TMS18F1339P0034,snpME00514,30140110,1
TMS18F1339P0034,snpME00515,30312867,1
TMS18F1339P0034,snpME00516,31196826,1
TMS18F1339P0034,snpME00517,31748949,1
TMS18F1339P0034,snpME00518,31815133,1
TMS18F1339P0034,snpME00519,32476579,1
TMS18F1339P0034,snpME00520,32865115,1
TMS18F1339P0034,snpME00521,33945193,1
TMS18F1339P0034,snpME00522,34195405,1
TMS18F1339P0034,snpME00523,34240125,1
TMS18F1339P0034,snpME00524,34462062,1
TMS18F1339P0034,snpME00525,34514745,1
TMS18F1339P0034,snpME00526,34584904,1
TMS18F1339P0034,snpME00527,34584923,1
TMS18F1339P0034,snpME00528,34737517,1
TMS18F1339P0034,snpME00529,34737558,1
TMS18F1339P0034,snpME00530,34843970,1
TMS18F1339P0034,snpME00531,35045456,1
TMS18F1339P0034,snpME00532,35204767,1
TMS18F1339P0034,snpME00533,35626846,1
TMS18F1339P0034,snpME00534,35808218,1
TMS18F1339P0034,snpME00535,36155769,1
TMS18F1339P0034,snpME00536,37123583,1
TMS18F1339P0034,snpME00537,37269340,1
TMS18F1339P0034,snpME00538,37370715,1
TMS18F1339P0034,snpME00539,37863517,1
TMS18F1339P0034,snpME00540,38699792,1
TMS18F1339P0034,snpME00541,38763653,1
TMS18F1339P0034,snpME00542,39131171,1
TMS18F1159P0011,snpME00505,27643909,1
TMS18F1159P0011,snpME00506,27918064,1
TMS18F1159P0011,snpME00507,28103607,1
TMS18F1159P0011,snpME00508,28662535,1
TMS18F1159P0011,snpME00509,29423079,1
TMS18F1159P0011,snpME00510,29449366,1
TMS18F1159P0011,snpME00511,29598785,1
TMS18F1159P0011,snpME00512,29944386,1
TMS18F1159P0011,snpME00513,30140085,1
TMS18F1159P0011,snpME00514,30140110,1
TMS18F1159P0011,snpME00515,30312867,1
TMS18F1159P0011,snpME00516,31196826,1
TMS18F1159P0011,snpME00517,31748949,1
TMS18F1159P0011,snpME00518,31815133,1
TMS18F1159P0011,snpME00519,32476579,1
TMS18F1159P0011,snpME00520,32865115,1
TMS18F1159P0011,snpME00521,33945193,1
TMS18F1159P0011,snpME00522,34195405,1
TMS18F1159P0011,snpME00523,34240125,1
TMS18F1159P0011,snpME00524,34462062,1
TMS18F1159P0011,snpME00525,34514745,1
TMS18F1159P0011,snpME00526,34584904,1
TMS18F1159P0011,snpME00527,34584923,1
TMS18F1159P0011,snpME00528,34737517,1
TMS18F1159P0011,snpME00529,34737558,1
TMS18F1159P0011,snpME00530,34843970,1
TMS18F1159P0011,snpME00531,35045456,1
TMS18F1159P0011,snpME00532,35204767,1
TMS18F1159P0011,snpME00533,35626846,1
TMS18F1159P0011,snpME00534,35808218,1
TMS18F1159P0011,snpME00535,36155769,1
TMS18F1159P0011,snpME00536,37123583,1
TMS18F1159P0011,snpME00537,37269340,1
TMS18F1159P0011,snpME00538,37370715,1
TMS18F1159P0011,snpME00539,37863517,1
TMS18F1159P0011,snpME00540,38699792,1
TMS18F1159P0011,snpME00541,38763653,1
TMS18F1159P0011,snpME00542,39131171,1
TMS18F1272P0038,snpME00505,27643909,1
TMS18F1272P0038,snpME00506,27918064,1
TMS18F1272P0038,snpME00507,28103607,1
TMS18F1272P0038,snpME00508,28662535,1
TMS18F1272P0038,snpME00509,29423079,1
TMS18F1272P0038,snpME00510,29449366,1
TMS18F1272P0038,snpME00511,29598785,1
TMS18F1272P0038,snpME00512,29944386,1
TMS18F1272P0038,snpME00513,30140085,1
TMS18F1272P0038,snpME00514,30140110,1
TMS18F1272P0038,snpME00515,30312867,1
TMS18F1272P0038,snpME00516,31196826,1
TMS18F1272P0038,snpME00517,31748949,1
TMS18F1272P0038,snpME00518,31815133,1
TMS18F1272P0038,snpME00519,32476579,1
TMS18F1272P0038,snpME00520,32865115,1
TMS18F1272P0038,snpME00521,33945193,1
TMS18F1272P0038,snpME00522,34195405,1
TMS18F1272P0038,snpME00523,34240125,1
TMS18F1272P0038,snpME00524,34462062,1
TMS18F1272P0038,snpME00525,34514745,1
TMS18F1272P0038,snpME00526,34584904,1
TMS18F1272P0038,snpME00527,34584923,1
TMS18F1272P0038,snpME00528,34737517,1
TMS18F1272P0038,snpME00529,34737558,1
TMS18F1272P0038,snpME00530,34843970,1
TMS18F1272P0038,snpME00531,35045456,1
TMS18F1272P0038,snpME00532,35204767,1
TMS18F1272P0038,snpME00533,35626846,1
TMS18F1272P0038,snpME00534,35808218,1
TMS18F1272P0038,snpME00535,36155769,1
TMS18F1272P0038,snpME00536,37123583,1
TMS18F1272P0038,snpME00537,37269340,1
TMS18F1272P0038,snpME00538,37370715,1
TMS18F1272P0038,snpME00539,37863517,1
TMS18F1272P0038,snpME00540,38699792,1
TMS18F1272P0038,snpME00541,38763653,1
TMS18F1272P0038,snpME00542,39131171,1
TMS18F1562P0004,snpME00505,27643909,1
TMS18F1562P0004,snpME00506,27918064,1
TMS18F1562P0004,snpME00507,28103607,1
TMS18F1562P0004,snpME00508,28662535,1
TMS18F1562P0004,snpME00509,29423079,1
TMS18F1562P0004,snpME00510,29449366,1
TMS18F1562P0004,snpME00511,29598785,1
TMS18F1562P0004,snpME00512,29944386,1
TMS18F1562P0004,snpME00513,30140085,1
TMS18F1562P0004,snpME00514,30140110,1
TMS18F1562P0004,snpME00515,30312867,1
TMS18F1562P0004,snpME00516,31196826,1
TMS18F1562P0004,snpME00517,31748949,1
TMS18F1562P0004,snpME00518,31815133,1
TMS18F1562P0004,snpME00519,32476579,1
TMS18F1562P0004,snpME00520,32865115,1
TMS18F1562P0004,snpME00521,33945193,1
TMS18F1562P0004,snpME00522,34195405,1
TMS18F1562P0004,snpME00523,34240125,1
TMS18F1562P0004,snpME00524,34462062,1
TMS18F1562P0004,snpME00525,34514745,1
TMS18F1562P0004,snpME00526,34584904,1
TMS18F1562P0004,snpME00527,34584923,1
TMS18F1562P0004,snpME00528,34737517,1
TMS18F1562P0004,snpME00529,34737558,1
TMS18F1562P0004,snpME00530,34843970,1
TMS18F1562P0004,snpME00531,35045456,1
TMS18F1562P0004,snpME00532,35204767,1
TMS18F1562P0004,snpME00533,35626846,1
TMS18F1562P0004,snpME00534,35808218,1
TMS18F1562P0004,snpME00535,36155769,1
TMS18F1562P0004,snpME00536,37123583,1
TMS18F1562P0004,snpME00537,37269340,1
TMS18F1562P0004,snpME00538,37370715,1
TMS18F1562P0004,snpME00539,37863517,1
TMS18F1562P0004,snpME00540,38699792,1
TMS18F1562P0004,snpME00541,38763653,1
TMS18F1562P0004,snpME00542,39131171,1
TMS18F1481P0029,snpME00505,27643909,1
TMS18F1481P0029,snpME00506,27918064,1
TMS18F1481P0029,snpME00507,28103607,1
TMS18F1481P0029,snpME00508,28662535,1
TMS18F1481P0029,snpME00509,29423079,1
TMS18F1481P0029,snpME00510,29449366,1
TMS18F1481P0029,snpME00511,29598785,1
TMS18F1481P0029,snpME00512,29944386,1
TMS18F1481P0029,snpME00513,30140085,1
TMS18F1481P0029,snpME00514,30140110,1
TMS18F1481P0029,snpME00515,30312867,1
TMS18F1481P0029,snpME00516,31196826,1
TMS18F1481P0029,snpME00517,31748949,1
TMS18F1481P0029,snpME00518,31815133,1
TMS18F1481P0029,snpME00519,32476579,1
TMS18F1481P0029,snpME00520,32865115,1
TMS18F1481P0029,snpME00521,33945193,1
TMS18F1481P0029,snpME00522,34195405,1
TMS18F1481P0029,snpME00523,34240125,1
TMS18F1481P0029,snpME00524,34462062,1
TMS18F1481P0029,snpME00525,34514745,1
TMS18F1481P0029,snpME00526,34584904,1
TMS18F1481P0029,snpME00527,34584923,1
TMS18F1481P0029,snpME00528,34737517,1
TMS18F1481P0029,snpME00529,34737558,1
TMS18F1481P0029,snpME00530,34843970,1
TMS18F1481P0029,snpME00531,35045456,1
TMS18F1481P0029,snpME00532,35204767,1
TMS18F1481P0029,snpME00533,35626846,1
TMS18F1481P0029,snpME00534,35808218,1
TMS18F1481P0029,snpME00535,36155769,1
TMS18F1481P0029,snpME00536,37123583,1
TMS18F1481P0029,snpME00537,37269340,1
TMS18F1481P0029,snpME00538,37370715,1
TMS18F1481P0029,snpME00539,37863517,1
TMS18F1481P0029,snpME00540,38699792,1
TMS18F1481P0029,snpME00541,38763653,1
TMS18F1481P0029,snpME00542,39131171,1
TMS14F1285P0006,snpME00505,27643909,1
TMS14F1285P0006,snpME00506,27918064,1
TMS14F1285P0006,snpME00507,28103607,1
TMS14F1285P0006,snpME00508,28662535,1
TMS14F1285P0006,snpME00509,29423079,1
TMS14F1285P0006,snpME00510,29449366,1
TMS14F1285P0006,snpME00511,29598785,1
TMS14F1285P0006,snpME00512,29944386,1
TMS14F1285P0006,snpME00513,30140085,1
TMS14F1285P0006,snpME00514,30140110,1
TMS14F1285P0006,snpME00515,30312867,1
TMS14F1285P0006,snpME00516,31196826,1
TMS14F1285P0006,snpME00517,31748949,1
TMS14F1285P0006,snpME00518,31815133,1
TMS14F1285P0006,snpME00519,32476579,1
TMS14F1285P0006,snpME00520,32865115,1
TMS14F1285P0006,snpME00521,33945193,1
TMS14F1285P0006,snpME00522,34195405,1
TMS14F1285P0006,snpME00523,34240125,1
TMS14F1285P0006,snpME00524,34462062,1
TMS14F1285P0006,snpME00525,34514745,1
TMS14F1285P0006,snpME00526,34584904,1
TMS14F1285P0006,snpME00527,34584923,1
TMS14F1285P0006,snpME00528,34737517,1
TMS14F1285P0006,snpME00529,34737558,1
TMS14F1285P0006,snpME00530,34843970,1
TMS14F1285P0006,snpME00531,35045456,1
TMS14F1285P0006,snpME00532,35204767,1
TMS14F1285P0006,snpME00533,35626846,1
TMS14F1285P0006,snpME00534,35808218,1
TMS14F1285P0006,snpME00535,36155769,1
TMS14F1285P0006,snpME00536,37123583,1
TMS14F1285P0006,snpME00537,37269340,1
TMS14F1285P0006,snpME00538,37370715,1
TMS14F1285P0006,snpME00539,37863517,1
TMS14F1285P0006,snpME00540,38699792,1
TMS14F1285P0006,snpME00541,38763653,1
TMS14F1285P0006,snpME00542,39131171,1
TMS18F1539P0086,snpME00505,27643909,1
TMS18F1539P0086,snpME00506,27918064,1
TMS18F1539P0086,snpME00507,28103607,1
TMS18F1539P0086,snpME00508,28662535,1
TMS18F1539P0086,snpME00509,29423079,1
TMS18F1539P0086,snpME00510,29449366,1
TMS18F1539P0086,snpME00511,29598785,1
TMS18F1539P0086,snpME00512,29944386,1
TMS18F1539P0086,snpME00513,30140085,1
TMS18F1539P0086,snpME00514,30140110,1
TMS18F1539P0086,snpME00515,30312867,1
TMS18F1539P0086,snpME00516,31196826,1
TMS18F1539P0086,snpME00517,31748949,1
TMS18F1539P0086,snpME00518,31815133,1
TMS18F1539P0086,snpME00519,32476579,1
TMS18F1539P0086,snpME00520,32865115,1
TMS18F1539P0086,snpME00521,33945193,1
TMS18F1539P0086,snpME00522,34195405,1
TMS18F1539P0086,snpME00523,34240125,1
TMS18F1539P0086,snpME00524,34462062,1
TMS18F1539P0086,snpME00525,34514745,1
TMS18F1539P0086,snpME00526,34584904,1
TMS18F1539P0086,snpME00527,34584923,1
TMS18F1539P0086,snpME00528,34737517,1
TMS18F1539P0086,snpME00529,34737558,1
TMS18F1539P0086,snpME00530,34843970,1
TMS18F1539P0086,snpME00531,35045456,1
TMS18F1539P0086,snpME00532,35204767,1
TMS18F1539P0086,snpME00533,35626846,1
TMS18F1539P0086,snpME00534,35808218,1
TMS18F1539P0086,snpME00535,36155769,1
TMS18F1539P0086,snpME00536,37123583,1
TMS18F1539P0086,snpME00537,37269340,1
TMS18F1539P0086,snpME00538,37370715,1
TMS18F1539P0086,snpME00539,37863517,1
TMS18F1539P0086,snpME00540,38699792,1
TMS18F1539P0086,snpME00541,38763653,1
TMS18F1539P0086,snpME00542,39131171,1
TMS18F1298P0026,snpME00505,27643909,1
TMS18F1298P0026,snpME00506,27918064,1
TMS18F1298P0026,snpME00507,28103607,1
TMS18F1298P0026,snpME00508,28662535,1
TMS18F1298P0026,snpME00509,29423079,1
TMS18F1298P0026,snpME00510,29449366,1
TMS18F1298P0026,snpME00511,29598785,1
TMS18F1298P0026,snpME00512,29944386,1
TMS18F1298P0026,snpME00513,30140085,1
TMS18F1298P0026,snpME00514,30140110,1
TMS18F1298P0026,snpME00515,30312867,1
TMS18F1298P0026,snpME00516,31196826,1
TMS18F1298P0026,snpME00517,31748949,1
TMS18F1298P0026,snpME00518,31815133,1
TMS18F1298P0026,snpME00519,32476579,1
TMS18F1298P0026,snpME00520,32865115,1
TMS18F1298P0026,snpME00521,33945193,1
TMS18F1298P0026,snpME00522,34195405,1
TMS18F1298P0026,snpME00523,34240125,1
TMS18F1298P0026,snpME00524,34462062,1
TMS18F1298P0026,snpME00525,34514745,1
TMS18F1298P0026,snpME00526,34584904,1
TMS18F1298P0026,snpME00527,34584923,1
TMS18F1298P0026,snpME00528,34737517,1
TMS18F1298P0026,snpME00529,34737558,1
TMS18F1298P0026,snpME00530,34843970,1
TMS18F1298P0026,snpME00531,35045456,1
TMS18F1298P0026,snpME00532,35204767,1
TMS18F1298P0026,snpME00533,35626846,1
TMS18F1298P0026,snpME00534,35808218,1
TMS18F1298P0026,snpME00535,36155769,1
TMS18F1298P0026,snpME00536,37123583,1
TMS18F1298P0026,snpME00537,37269340,1
TMS18F1298P0026,snpME00538,37370715,1
TMS18F1298P0026,snpME00539,37863517,1
TMS18F1298P0026,snpME00540,38699792,1
TMS18F1298P0026,snpME00541,38763653,1
TMS18F1298P0026,snpME00542,39131171,1
TMS18F1299P0012,snpME00505,27643909,1
TMS18F1299P0012,snpME00506,27918064,1
TMS18F1299P0012,snpME00507,28103607,1
TMS18F1299P0012,snpME00508,28662535,1
TMS18F1299P0012,snpME00509,29423079,1
TMS18F1299P0012,snpME00510,29449366,1
TMS18F1299P0012,snpME00511,29598785,1
TMS18F1299P0012,snpME00512,29944386,1
TMS18F1299P0012,snpME00513,30140085,1
TMS18F1299P0012,snpME00514,30140110,1
TMS18F1299P0012,snpME00515,30312867,1
TMS18F1299P0012,snpME00516,31196826,1
TMS18F1299P0012,snpME00517,31748949,1
TMS18F1299P0012,snpME00518,31815133,1
TMS18F1299P0012,snpME00519,32476579,1
TMS18F1299P0012,snpME00520,32865115,1
TMS18F1299P0012,snpME00521,33945193,1
TMS18F1299P0012,snpME00522,34195405,1
TMS18F1299P0012,snpME00523,34240125,1
TMS18F1299P0012,snpME00524,34462062,1
TMS18F1299P0012,snpME00525,34514745,1
TMS18F1299P0012,snpME00526,34584904,1
TMS18F1299P0012,snpME00527,34584923,1
TMS18F1299P0012,snpME00528,34737517,1
TMS18F1299P0012,snpME00529,34737558,1
TMS18F1299P0012,snpME00530,34843970,1
TMS18F1299P0012,snpME00531,35045456,1
TMS18F1299P0012,snpME00532,35204767,1
TMS18F1299P0012,snpME00533,35626846,1
TMS18F1299P0012,snpME00534,35808218,1
TMS18F1299P0012,snpME00535,36155769,1
TMS18F1299P0012,snpME00536,37123583,1
TMS18F1299P0012,snpME00537,37269340,1
TMS18F1299P0012,snpME00538,37370715,1
TMS18F1299P0012,snpME00539,37863517,1
TMS18F1299P0012,snpME00540,38699792,1
TMS18F1299P0012,snpME00541,38763653,1
TMS18F1299P0012,snpME00542,39131171,1
TMS18F1327P0021,snpME00505,27643909,1
TMS18F1327P0021,snpME00506,27918064,1
TMS18F1327P0021,snpME00507,28103607,1
TMS18F1327P0021,snpME00508,28662535,1
TMS18F1327P0021,snpME00509,29423079,1
TMS18F1327P0021,snpME00510,29449366,1
TMS18F1327P0021,snpME00511,29598785,1
TMS18F1327P0021,snpME00512,29944386,1
TMS18F1327P0021,snpME00513,30140085,1
TMS18F1327P0021,snpME00514,30140110,1
TMS18F1327P0021,snpME00515,30312867,1
TMS18F1327P0021,snpME00516,31196826,1
TMS18F1327P0021,snpME00517,31748949,1
TMS18F1327P0021,snpME00518,31815133,1
TMS18F1327P0021,snpME00519,32476579,1
TMS18F1327P0021,snpME00520,32865115,1
TMS18F1327P0021,snpME00521,33945193,1
TMS18F1327P0021,snpME00522,34195405,1
TMS18F1327P0021,snpME00523,34240125,1
TMS18F1327P0021,snpME00524,34462062,1
TMS18F1327P0021,snpME00525,34514745,1
TMS18F1327P0021,snpME00526,34584904,1
TMS18F1327P0021,snpME00527,34584923,1
TMS18F1327P0021,snpME00528,34737517,1
TMS18F1327P0021,snpME00529,34737558,1
TMS18F1327P0021,snpME00530,34843970,1
TMS18F1327P0021,snpME00531,35045456,1
TMS18F1327P0021,snpME00532,35204767,1
TMS18F1327P0021,snpME00533,35626846,1
TMS18F1327P0021,snpME00534,35808218,1
TMS18F1327P0021,snpME00535,36155769,1
TMS18F1327P0021,snpME00536,37123583,1
TMS18F1327P0021,snpME00537,37269340,1
TMS18F1327P0021,snpME00538,37370715,1
TMS18F1327P0021,snpME00539,37863517,1
TMS18F1327P0021,snpME00540,38699792,1
TMS18F1327P0021,snpME00541,38763653,1
TMS18F1327P0021,snpME00542,39131171,1
TMS18F1420P00006,snpME00505,27643909,0
TMS18F1420P00006,snpME00506,27918064,0
TMS18F1420P00006,snpME00507,28103607,0.5
TMS18F1420P00006,snpME00508,28662535,1
TMS18F1420P00006,snpME00509,29423079,1
TMS18F1420P00006,snpME00510,29449366,1
TMS18F1420P00006,snpME00511,29598785,1
TMS18F1420P00006,snpME00512,29944386,1
TMS18F1420P00006,snpME00513,30140085,1
TMS18F1420P00006,snpME00514,30140110,1
TMS18F1420P00006,snpME00515,30312867,1
TMS18F1420P00006,snpME00516,31196826,1
TMS18F1420P00006,snpME00517,31748949,1
TMS18F1420P00006,snpME00518,31815133,1
TMS18F1420P00006,snpME00519,32476579,1
TMS18F1420P00006,snpME00520,32865115,1
TMS18F1420P00006,snpME00521,33945193,1
TMS18F1420P00006,snpME00522,34195405,1
TMS18F1420P00006,snpME00523,34240125,1
TMS18F1420P00006,snpME00524,34462062,1
TMS18F1420P00006,snpME00525,34514745,1
TMS18F1420P00006,snpME00526,34584904,1
TMS18F1420P00006,snpME00527,34584923,1
TMS18F1420P00006,snpME00528,34737517,1
TMS18F1420P00006,snpME00529,34737558,1
TMS18F1420P00006,snpME00530,34843970,1
TMS18F1420P00006,snpME00531,35045456,1
TMS18F1420P00006,snpME00532,35204767,1
TMS18F1420P00006,snpME00533,35626846,1
TMS18F1420P00006,snpME00534,35808218,1
TMS18F1420P00006,snpME00535,36155769,1
TMS18F1420P00006,snpME00536,37123583,1
TMS18F1420P00006,snpME00537,37269340,1
TMS18F1420P00006,snpME00538,37370715,1
TMS18F1420P00006,snpME00539,37863517,1
TMS18F1420P00006,snpME00540,38699792,1
TMS18F1420P00006,snpME00541,38763653,1
TMS18F1420P00006,snpME00542,39131171,1
TMS15F1474P00007,snpME00505,27643909,0
TMS15F1474P00007,snpME00506,27918064,0
TMS15F1474P00007,snpME00507,28103607,1
TMS15F1474P00007,snpME00508,28662535,1
TMS15F1474P00007,snpME00509,29423079,1
TMS15F1474P00007,snpME00510,29449366,1
TMS15F1474P00007,snpME00511,29598785,1
TMS15F1474P00007,snpME00512,29944386,1
TMS15F1474P00007,snpME00513,30140085,1
TMS15F1474P00007,snpME00514,30140110,1
TMS15F1474P00007,snpME00515,30312867,1
TMS15F1474P00007,snpME00516,31196826,1
TMS15F1474P00007,snpME00517,31748949,1
TMS15F1474P00007,snpME00518,31815133,1
TMS15F1474P00007,snpME00519,32476579,1
TMS15F1474P00007,snpME00520,32865115,1
TMS15F1474P00007,snpME00521,33945193,1
TMS15F1474P00007,snpME00522,34195405,1
TMS15F1474P00007,snpME00523,34240125,1
TMS15F1474P00007,snpME00524,34462062,1
TMS15F1474P00007,snpME00525,34514745,1
TMS15F1474P00007,snpME00526,34584904,1
TMS15F1474P00007,snpME00527,34584923,1
TMS15F1474P00007,snpME00528,34737517,1
TMS15F1474P00007,snpME00529,34737558,1
TMS15F1474P00007,snpME00530,34843970,1
TMS15F1474P00007,snpME00531,35045456,1
TMS15F1474P00007,snpME00532,35204767,1
TMS15F1474P00007,snpME00533,35626846,1
TMS15F1474P00007,snpME00534,35808218,1
TMS15F1474P00007,snpME00535,36155769,1
TMS15F1474P00007,snpME00536,37123583,1
TMS15F1474P00007,snpME00537,37269340,1
TMS15F1474P00007,snpME00538,37370715,1
TMS15F1474P00007,snpME00539,37863517,1
TMS15F1474P00007,snpME00540,38699792,1
TMS15F1474P00007,snpME00541,38763653,1
TMS15F1474P00007,snpME00542,39131171,1
TMS15F1310P0019,snpME00505,27643909,0
TMS15F1310P0019,snpME00506,27918064,0
TMS15F1310P0019,snpME00507,28103607,0
TMS15F1310P0019,snpME00508,28662535,1
TMS15F1310P0019,snpME00509,29423079,1
TMS15F1310P0019,snpME00510,29449366,1
TMS15F1310P0019,snpME00511,29598785,1
TMS15F1310P0019,snpME00512,29944386,1
TMS15F1310P0019,snpME00513,30140085,1
TMS15F1310P0019,snpME00514,30140110,1
TMS15F1310P0019,snpME00515,30312867,1
TMS15F1310P0019,snpME00516,31196826,1
TMS15F1310P0019,snpME00517,31748949,1
TMS15F1310P0019,snpME00518,31815133,1
TMS15F1310P0019,snpME00519,32476579,1
TMS15F1310P0019,snpME00520,32865115,1
TMS15F1310P0019,snpME00521,33945193,1
TMS15F1310P0019,snpME00522,34195405,1
TMS15F1310P0019,snpME00523,34240125,1
TMS15F1310P0019,snpME00524,34462062,1
TMS15F1310P0019,snpME00525,34514745,1
TMS15F1310P0019,snpME00526,34584904,1
TMS15F1310P0019,snpME00527,34584923,1
TMS15F1310P0019,snpME00528,34737517,1
TMS15F1310P0019,snpME00529,34737558,1
TMS15F1310P0019,snpME00530,34843970,1
TMS15F1310P0019,snpME00531,35045456,1
TMS15F1310P0019,snpME00532,35204767,1
TMS15F1310P0019,snpME00533,35626846,1
TMS15F1310P0019,snpME00534,35808218,1
TMS15F1310P0019,snpME00535,36155769,1
TMS15F1310P0019,snpME00536,37123583,1
TMS15F1310P0019,snpME00537,37269340,1
TMS15F1310P0019,snpME00538,37370715,1
TMS15F1310P0019,snpME00539,37863517,1
TMS15F1310P0019,snpME00540,38699792,1
TMS15F1310P0019,snpME00541,38763653,1
TMS15F1310P0019,snpME00542,39131171,1
TMS15F1302P0027,snpME00505,27643909,0
TMS15F1302P0027,snpME00506,27918064,0
TMS15F1302P0027,snpME00507,28103607,0
TMS15F1302P0027,snpME00508,28662535,1
TMS15F1302P0027,snpME00509,29423079,1
TMS15F1302P0027,snpME00510,29449366,1
TMS15F1302P0027,snpME00511,29598785,1
TMS15F1302P0027,snpME00512,29944386,1
TMS15F1302P0027,snpME00513,30140085,1
TMS15F1302P0027,snpME00514,30140110,1
TMS15F1302P0027,snpME00515,30312867,1
TMS15F1302P0027,snpME00516,31196826,1
TMS15F1302P0027,snpME00517,31748949,1
TMS15F1302P0027,snpME00518,31815133,1
TMS15F1302P0027,snpME00519,32476579,1
TMS15F1302P0027,snpME00520,32865115,1
TMS15F1302P0027,snpME00521,33945193,1
TMS15F1302P0027,snpME00522,34195405,1
TMS15F1302P0027,snpME00523,34240125,1
TMS15F1302P0027,snpME00524,34462062,1
TMS15F1302P0027,snpME00525,34514745,1
TMS15F1302P0027,snpME00526,34584904,1
TMS15F1302P0027,snpME00527,34584923,1
TMS15F1302P0027,snpME00528,34737517,1
TMS15F1302P0027,snpME00529,34737558,1
TMS15F1302P0027,snpME00530,34843970,1
TMS15F1302P0027,snpME00531,35045456,1
TMS15F1302P0027,snpME00532,35204767,1
TMS15F1302P0027,snpME00533,35626846,1
TMS15F1302P0027,snpME00534,35808218,1
TMS15F1302P0027,snpME00535,36155769,1
TMS15F1302P0027,snpME00536,37123583,1
TMS15F1302P0027,snpME00537,37269340,1
TMS15F1302P0027,snpME00538,37370715,1
TMS15F1302P0027,snpME00539,37863517,1
TMS15F1302P0027,snpME00540,38699792,1
TMS15F1302P0027,snpME00541,38763653,1
TMS15F1302P0027,snpME00542,39131171,1
TMS15F1302P0020,snpME00505,27643909,0
TMS15F1302P0020,snpME00506,27918064,0
TMS15F1302P0020,snpME00507,28103607,0
TMS15F1302P0020,snpME00508,28662535,1
TMS15F1302P0020,snpME00509,29423079,1
TMS15F1302P0020,snpME00510,29449366,1
TMS15F1302P0020,snpME00511,29598785,1
TMS15F1302P0020,snpME00512,29944386,1
TMS15F1302P0020,snpME00513,30140085,1
TMS15F1302P0020,snpME00514,30140110,1
TMS15F1302P0020,snpME00515,30312867,1
TMS15F1302P0020,snpME00516,31196826,1
TMS15F1302P0020,snpME00517,31748949,1
TMS15F1302P0020,snpME00518,31815133,1
TMS15F1302P0020,snpME00519,32476579,1
TMS15F1302P0020,snpME00520,32865115,1
TMS15F1302P0020,snpME00521,33945193,1
TMS15F1302P0020,snpME00522,34195405,1
TMS15F1302P0020,snpME00523,34240125,1
TMS15F1302P0020,snpME00524,34462062,1
TMS15F1302P0020,snpME00525,34514745,1
TMS15F1302P0020,snpME00526,34584904,1
TMS15F1302P0020,snpME00527,34584923,1
TMS15F1302P0020,snpME00528,34737517,1
TMS15F1302P0020,snpME00529,34737558,1
TMS15F1302P0020,snpME00530,34843970,1
TMS15F1302P0020,snpME00531,35045456,1
TMS15F1302P0020,snpME00532,35204767,1
TMS15F1302P0020,snpME00533,35626846,1
TMS15F1302P0020,snpME00534,35808218,1
TMS15F1302P0020,snpME00535,36155769,1
TMS15F1302P0020,snpME00536,37123583,1
TMS15F1302P0020,snpME00537,37269340,1
TMS15F1302P0020,snpME00538,37370715,1
TMS15F1302P0020,snpME00539,37863517,1
TMS15F1302P0020,snpME00540,38699792,1
TMS15F1302P0020,snpME00541,38763653,1
TMS15F1302P0020,snpME00542,39131171,1
TMS15F1463P0054,snpME00505,27643909,0
TMS15F1463P0054,snpME00506,27918064,0
TMS15F1463P0054,snpME00507,28103607,0.5
TMS15F1463P0054,snpME00508,28662535,1
TMS15F1463P0054,snpME00509,29423079,1
TMS15F1463P0054,snpME00510,29449366,1
TMS15F1463P0054,snpME00511,29598785,1
TMS15F1463P0054,snpME00512,29944386,1
TMS15F1463P0054,snpME00513,30140085,1
TMS15F1463P0054,snpME00514,30140110,1
TMS15F1463P0054,snpME00515,30312867,1
TMS15F1463P0054,snpME00516,31196826,1
TMS15F1463P0054,snpME00517,31748949,1
TMS15F1463P0054,snpME00518,31815133,1
TMS15F1463P0054,snpME00519,32476579,1
TMS15F1463P0054,snpME00520,32865115,1
TMS15F1463P0054,snpME00521,33945193,1
TMS15F1463P0054,snpME00522,34195405,1
TMS15F1463P0054,snpME00523,34240125,1
TMS15F1463P0054,snpME00524,34462062,1
TMS15F1463P0054,snpME00525,34514745,1
TMS15F1463P0054,snpME00526,34584904,1
TMS15F1463P0054,snpME00527,34584923,1
TMS15F1463P0054,snpME00528,34737517,1
TMS15F1463P0054,snpME00529,34737558,1
TMS15F1463P0054,snpME00530,34843970,1
TMS15F1463P0054,snpME00531,35045456,1
TMS15F1463P0054,snpME00532,35204767,1
TMS15F1463P0054,snpME00533,35626846,1
TMS15F1463P0054,snpME00534,35808218,1
TMS15F1463P0054,snpME00535,36155769,1
TMS15F1463P0054,snpME00536,37123583,1
TMS15F1463P0054,snpME00537,37269340,1
TMS15F1463P0054,snpME00538,37370715,1
TMS15F1463P0054,snpME00539,37863517,1
TMS15F1463P0054,snpME00540,38699792,1
TMS15F1463P0054,snpME00541,38763653,1
TMS15F1463P0054,snpME00542,39131171,1
TMS18F1051P0039,snpME00505,27643909,0
TMS18F1051P0039,snpME00506,27918064,0
TMS18F1051P0039,snpME00507,28103607,0
TMS18F1051P0039,snpME00508,28662535,1
TMS18F1051P0039,snpME00509,29423079,1
TMS18F1051P0039,snpME00510,29449366,1
TMS18F1051P0039,snpME00511,29598785,1
TMS18F1051P0039,snpME00512,29944386,1
TMS18F1051P0039,snpME00513,30140085,1
TMS18F1051P0039,snpME00514,30140110,1
TMS18F1051P0039,snpME00515,30312867,1
TMS18F1051P0039,snpME00516,31196826,1
TMS18F1051P0039,snpME00517,31748949,1
TMS18F1051P0039,snpME00518,31815133,1
TMS18F1051P0039,snpME00519,32476579,1
TMS18F1051P0039,snpME00520,32865115,1
TMS18F1051P0039,snpME00521,33945193,1
TMS18F1051P0039,snpME00522,34195405,1
TMS18F1051P0039,snpME00523,34240125,1
TMS18F1051P0039,snpME00524,34462062,1
TMS18F1051P0039,snpME00525,34514745,1
TMS18F1051P0039,snpME00526,34584904,1
TMS18F1051P0039,snpME00527,34584923,1
TMS18F1051P0039,snpME00528,34737517,1
TMS18F1051P0039,snpME00529,34737558,1
TMS18F1051P0039,snpME00530,34843970,1
TMS18F1051P0039,snpME00531,35045456,1
TMS18F1051P0039,snpME00532,35204767,1
TMS18F1051P0039,snpME00533,35626846,1
TMS18F1051P0039,snpME00534,35808218,1
TMS18F1051P0039,snpME00535,36155769,1
TMS18F1051P0039,snpME00536,37123583,1
TMS18F1051P0039,snpME00537,37269340,1
TMS18F1051P0039,snpME00538,37370715,1
TMS18F1051P0039,snpME00539,37863517,1
TMS18F1051P0039,snpME00540,38699792,1
TMS18F1051P0039,snpME00541,38763653,1
TMS18F1051P0039,snpME00542,39131171,1
TMS15F1394P0007,snpME00505,27643909,1
TMS15F1394P0007,snpME00506,27918064,1
TMS15F1394P0007,snpME00507,28103607,1
TMS15F1394P0007,snpME00508,28662535,1
TMS15F1394P0007,snpME00509,29423079,1
TMS15F1394P0007,snpME00510,29449366,1
TMS15F1394P0007,snpME00511,29598785,1
TMS15F1394P0007,snpME00512,29944386,1
TMS15F1394P0007,snpME00513,30140085,1
TMS15F1394P0007,snpME00514,30140110,1
TMS15F1394P0007,snpME00515,30312867,1
TMS15F1394P0007,snpME00516,31196826,1
TMS15F1394P0007,snpME00517,31748949,1
TMS15F1394P0007,snpME00518,31815133,1
TMS15F1394P0007,snpME00519,32476579,1
TMS15F1394P0007,snpME00520,32865115,1
TMS15F1394P0007,snpME00521,33945193,1
TMS15F1394P0007,snpME00522,34195405,1
TMS15F1394P0007,snpME00523,34240125,1
TMS15F1394P0007,snpME00524,34462062,1
TMS15F1394P0007,snpME00525,34514745,1
TMS15F1394P0007,snpME00526,34584904,1
TMS15F1394P0007,snpME00527,34584923,1
TMS15F1394P0007,snpME00528,34737517,1
TMS15F1394P0007,snpME00529,34737558,1
TMS15F1394P0007,snpME00530,34843970,1
TMS15F1394P0007,snpME00531,35045456,1
TMS15F1394P0007,snpME00532,35204767,1
TMS15F1394P0007,snpME00533,35626846,1
TMS15F1394P0007,snpME00534,35808218,1
TMS15F1394P0007,snpME00535,36155769,1
TMS15F1394P0007,snpME00536,37123583,0.1
TMS15F1394P0007,snpME00537,37269340,0
TMS15F1394P0007,snpME00538,37370715,0
TMS15F1394P0007,snpME00539,37863517,0.1
TMS15F1394P0007,snpME00540,38699792,1
TMS15F1394P0007,snpME00541,38763653,1
TMS15F1394P0007,snpME00542,39131171,1
TMS18F1015P0015,snpME00505,27643909,0
TMS18F1015P0015,snpME00506,27918064,0
TMS18F1015P0015,snpME00507,28103607,0
TMS18F1015P0015,snpME00508,28662535,0
TMS18F1015P0015,snpME00509,29423079,0
TMS18F1015P0015,snpME00510,29449366,0
TMS18F1015P0015,snpME00511,29598785,0
TMS18F1015P0015,snpME00512,29944386,0
TMS18F1015P0015,snpME00513,30140085,0
TMS18F1015P0015,snpME00514,30140110,0
TMS18F1015P0015,snpME00515,30312867,0
TMS18F1015P0015,snpME00516,31196826,1
TMS18F1015P0015,snpME00517,31748949,1
TMS18F1015P0015,snpME00518,31815133,1
TMS18F1015P0015,snpME00519,32476579,1
TMS18F1015P0015,snpME00520,32865115,1
TMS18F1015P0015,snpME00521,33945193,1
TMS18F1015P0015,snpME00522,34195405,1
TMS18F1015P0015,snpME00523,34240125,1
TMS18F1015P0015,snpME00524,34462062,1
TMS18F1015P0015,snpME00525,34514745,1
TMS18F1015P0015,snpME00526,34584904,1
TMS18F1015P0015,snpME00527,34584923,1
TMS18F1015P0015,snpME00528,34737517,1
TMS18F1015P0015,snpME00529,34737558,1
TMS18F1015P0015,snpME00530,34843970,1
TMS18F1015P0015,snpME00531,35045456,1
TMS18F1015P0015,snpME00532,35204767,1
TMS18F1015P0015,snpME00533,35626846,1
TMS18F1015P0015,snpME00534,35808218,1
TMS18F1015P0015,snpME00535,36155769,1
TMS18F1015P0015,snpME00536,37123583,1
TMS18F1015P0015,snpME00537,37269340,1
TMS18F1015P0015,snpME00538,37370715,1
TMS18F1015P0015,snpME00539,37863517,1
TMS18F1015P0015,snpME00540,38699792,2
TMS18F1015P0015,snpME00541,38763653,2
TMS18F1015P0015,snpME00542,39131171,2
TMS18F1294P0011,snpME00505,27643909,1
TMS18F1294P0011,snpME00506,27918064,1
TMS18F1294P0011,snpME00507,28103607,1
TMS18F1294P0011,snpME00508,28662535,1
TMS18F1294P0011,snpME00509,29423079,1
TMS18F1294P0011,snpME00510,29449366,1
TMS18F1294P0011,snpME00511,29598785,1
TMS18F1294P0011,snpME00512,29944386,1
TMS18F1294P0011,snpME00513,30140085,1
TMS18F1294P0011,snpME00514,30140110,1
TMS18F1294P0011,snpME00515,30312867,1
TMS18F1294P0011,snpME00516,31196826,1
TMS18F1294P0011,snpME00517,31748949,1
TMS18F1294P0011,snpME00518,31815133,1
TMS18F1294P0011,snpME00519,32476579,1
TMS18F1294P0011,snpME00520,32865115,1
TMS18F1294P0011,snpME00521,33945193,1
TMS18F1294P0011,snpME00522,34195405,1
TMS18F1294P0011,snpME00523,34240125,1
TMS18F1294P0011,snpME00524,34462062,1
TMS18F1294P0011,snpME00525,34514745,1
TMS18F1294P0011,snpME00526,34584904,1
TMS18F1294P0011,snpME00527,34584923,1
TMS18F1294P0011,snpME00528,34737517,1
TMS18F1294P0011,snpME00529,34737558,1
TMS18F1294P0011,snpME00530,34843970,1
TMS18F1294P0011,snpME00531,35045456,1
TMS18F1294P0011,snpME00532,35204767,1
TMS18F1294P0011,snpME00533,35626846,1
TMS18F1294P0011,snpME00534,35808218,1
TMS18F1294P0011,snpME00535,36155769,1
TMS18F1294P0011,snpME00536,37123583,0.1
TMS18F1294P0011,snpME00537,37269340,0
TMS18F1294P0011,snpME00538,37370715,0
TMS18F1294P0011,snpME00539,37863517,0.1
TMS18F1294P0011,snpME00540,38699792,1
TMS18F1294P0011,snpME00541,38763653,1
TMS18F1294P0011,snpME00542,39131171,1
TMS18F1325P0015,snpME00505,27643909,1
TMS18F1325P0015,snpME00506,27918064,1
TMS18F1325P0015,snpME00507,28103607,1
TMS18F1325P0015,snpME00508,28662535,1
TMS18F1325P0015,snpME00509,29423079,1
TMS18F1325P0015,snpME00510,29449366,1
TMS18F1325P0015,snpME00511,29598785,1
TMS18F1325P0015,snpME00512,29944386,1
TMS18F1325P0015,snpME00513,30140085,1
TMS18F1325P0015,snpME00514,30140110,1
TMS18F1325P0015,snpME00515,30312867,1
TMS18F1325P0015,snpME00516,31196826,1
TMS18F1325P0015,snpME00517,31748949,1
TMS18F1325P0015,snpME00518,31815133,1
TMS18F1325P0015,snpME00519,32476579,1
TMS18F1325P0015,snpME00520,32865115,1
TMS18F1325P0015,snpME00521,33945193,1
TMS18F1325P0015,snpME00522,34195405,1
TMS18F1325P0015,snpME00523,34240125,1
TMS18F1325P0015,snpME00524,34462062,1
TMS18F1325P0015,snpME00525,34514745,1
TMS18F1325P0015,snpME00526,34584904,1
TMS18F1325P0015,snpME00527,34584923,1
TMS18F1325P0015,snpME00528,34737517,1
TMS18F1325P0015,snpME00529,34737558,1
TMS18F1325P0015,snpME00530,34843970,1
TMS18F1325P0015,snpME00531,35045456,1
TMS18F1325P0015,snpME00532,35204767,1
TMS18F1325P0015,snpME00533,35626846,1
TMS18F1325P0015,snpME00534,35808218,1
TMS18F1325P0015,snpME00535,36155769,1
TMS18F1325P0015,snpME00536,37123583,0.1
TMS18F1325P0015,snpME00537,37269340,0
TMS18F1325P0015,snpME00538,37370715,0
TMS18F1325P0015,snpME00539,37863517,0.1
TMS18F1325P0015,snpME00540,38699792,1
TMS18F1325P0015,snpME00541,38763653,1
TMS18F1325P0015,snpME00542,39131171,1
TMS18F1178P0025,snpME00505,27643909,0
TMS18F1178P0025,snpME00506,27918064,0
TMS18F1178P0025,snpME00507,28103607,0
TMS18F1178P0025,snpME00508,28662535,0
TMS18F1178P0025,snpME00509,29423079,0
TMS18F1178P0025,snpME00510,29449366,0
TMS18F1178P0025,snpME00511,29598785,0
TMS18F1178P0025,snpME00512,29944386,0
TMS18F1178P0025,snpME00513,30140085,0.1
TMS18F1178P0025,snpME00514,30140110,0.1
TMS18F1178P0025,snpME00515,30312867,0.9
TMS18F1178P0025,snpME00516,31196826,1
TMS18F1178P0025,snpME00517,31748949,1
TMS18F1178P0025,snpME00518,31815133,1
TMS18F1178P0025,snpME00519,32476579,1
TMS18F1178P0025,snpME00520,32865115,1
TMS18F1178P0025,snpME00521,33945193,1
TMS18F1178P0025,snpME00522,34195405,1
TMS18F1178P0025,snpME00523,34240125,1
TMS18F1178P0025,snpME00524,34462062,1
TMS18F1178P0025,snpME00525,34514745,1
TMS18F1178P0025,snpME00526,34584904,1
TMS18F1178P0025,snpME00527,34584923,1
TMS18F1178P0025,snpME00528,34737517,1
TMS18F1178P0025,snpME00529,34737558,1
TMS18F1178P0025,snpME00530,34843970,1
TMS18F1178P0025,snpME00531,35045456,1
TMS18F1178P0025,snpME00532,35204767,1
TMS18F1178P0025,snpME00533,35626846,1
TMS18F1178P0025,snpME00534,35808218,1
TMS18F1178P0025,snpME00535,36155769,1
TMS18F1178P0025,snpME00536,37123583,1
TMS18F1178P0025,snpME00537,37269340,1
TMS18F1178P0025,snpME00538,37370715,1
TMS18F1178P0025,snpME00539,37863517,1
TMS18F1178P0025,snpME00540,38699792,0
TMS18F1178P0025,snpME00541,38763653,0
TMS18F1178P0025,snpME00542,39131171,0
TMS18F1288P0003,snpME00505,27643909,0
TMS18F1288P0003,snpME00506,27918064,0
TMS18F1288P0003,snpME00507,28103607,0
TMS18F1288P0003,snpME00508,28662535,0
TMS18F1288P0003,snpME00509,29423079,0
TMS18F1288P0003,snpME00510,29449366,0
TMS18F1288P0003,snpME00511,29598785,0
TMS18F1288P0003,snpME00512,29944386,0
TMS18F1288P0003,snpME00513,30140085,0
TMS18F1288P0003,snpME00514,30140110,0
TMS18F1288P0003,snpME00515,30312867,0
TMS18F1288P0003,snpME00516,31196826,0
TMS18F1288P0003,snpME00517,31748949,0.1
TMS18F1288P0003,snpME00518,31815133,0.5
TMS18F1288P0003,snpME00519,32476579,1
TMS18F1288P0003,snpME00520,32865115,1
TMS18F1288P0003,snpME00521,33945193,1
TMS18F1288P0003,snpME00522,34195405,1
TMS18F1288P0003,snpME00523,34240125,1
TMS18F1288P0003,snpME00524,34462062,1
TMS18F1288P0003,snpME00525,34514745,1
TMS18F1288P0003,snpME00526,34584904,1
TMS18F1288P0003,snpME00527,34584923,1
TMS18F1288P0003,snpME00528,34737517,1
TMS18F1288P0003,snpME00529,34737558,1
TMS18F1288P0003,snpME00530,34843970,1
TMS18F1288P0003,snpME00531,35045456,1
TMS18F1288P0003,snpME00532,35204767,1
TMS18F1288P0003,snpME00533,35626846,1
TMS18F1288P0003,snpME00534,35808218,1
TMS18F1288P0003,snpME00535,36155769,1
TMS18F1288P0003,snpME00536,37123583,1
TMS18F1288P0003,snpME00537,37269340,1
TMS18F1288P0003,snpME00538,37370715,1
TMS18F1288P0003,snpME00539,37863517,1
TMS18F1288P0003,snpME00540,38699792,1
TMS18F1288P0003,snpME00541,38763653,1
TMS18F1288P0003,snpME00542,39131171,1
TMS18F1280P0153,snpME00505,27643909,0
TMS18F1280P0153,snpME00506,27918064,0
TMS18F1280P0153,snpME00507,28103607,0
TMS18F1280P0153,snpME00508,28662535,0
TMS18F1280P0153,snpME00509,29423079,0
TMS18F1280P0153,snpME00510,29449366,0
TMS18F1280P0153,snpME00511,29598785,0
TMS18F1280P0153,snpME00512,29944386,0
TMS18F1280P0153,snpME00513,30140085,0
TMS18F1280P0153,snpME00514,30140110,0
TMS18F1280P0153,snpME00515,30312867,0
TMS18F1280P0153,snpME00516,31196826,0
TMS18F1280P0153,snpME00517,31748949,0
TMS18F1280P0153,snpME00518,31815133,0
TMS18F1280P0153,snpME00519,32476579,0
TMS18F1280P0153,snpME00520,32865115,0
TMS18F1280P0153,snpME00521,33945193,1
TMS18F1280P0153,snpME00522,34195405,1
TMS18F1280P0153,snpME00523,34240125,1
TMS18F1280P0153,snpME00524,34462062,1
TMS18F1280P0153,snpME00525,34514745,1
TMS18F1280P0153,snpME00526,34584904,1
TMS18F1280P0153,snpME00527,34584923,1
TMS18F1280P0153,snpME00528,34737517,1
TMS18F1280P0153,snpME00529,34737558,1
TMS18F1280P0153,snpME00530,34843970,1
TMS18F1280P0153,snpME00531,35045456,1
TMS18F1280P0153,snpME00532,35204767,1
TMS18F1280P0153,snpME00533,35626846,1
TMS18F1280P0153,snpME00534,35808218,1
TMS18F1280P0153,snpME00535,36155769,1
TMS18F1280P0153,snpME00536,37123583,1
TMS18F1280P0153,snpME00537,37269340,1
TMS18F1280P0153,snpME00538,37370715,1
TMS18F1280P0153,snpME00539,37863517,1
TMS18F1280P0153,snpME00540,38699792,1
TMS18F1280P0153,snpME00541,38763653,1
TMS18F1280P0153,snpME00542,39131171,1
TMS18F1309P0044,snpME00505,27643909,0
TMS18F1309P0044,snpME00506,27918064,0
TMS18F1309P0044,snpME00507,28103607,0
TMS18F1309P0044,snpME00508,28662535,0
TMS18F1309P0044,snpME00509,29423079,0
TMS18F1309P0044,snpME00510,29449366,0
TMS18F1309P0044,snpME00511,29598785,0
TMS18F1309P0044,snpME00512,29944386,0
TMS18F1309P0044,snpME00513,30140085,0
TMS18F1309P0044,snpME00514,30140110,0
TMS18F1309P0044,snpME00515,30312867,0
TMS18F1309P0044,snpME00516,31196826,0
TMS18F1309P0044,snpME00517,31748949,0
TMS18F1309P0044,snpME00518,31815133,0
TMS18F1309P0044,snpME00519,32476579,0
TMS18F1309P0044,snpME00520,32865115,0
TMS18F1309P0044,snpME00521,33945193,1
TMS18F1309P0044,snpME00522,34195405,1
TMS18F1309P0044,snpME00523,34240125,1
TMS18F1309P0044,snpME00524,34462062,1
TMS18F1309P0044,snpME00525,34514745,1
TMS18F1309P0044,snpME00526,34584904,1
TMS18F1309P0044,snpME00527,34584923,1
TMS18F1309P0044,snpME00528,34737517,1
TMS18F1309P0044,snpME00529,34737558,1
TMS18F1309P0044,snpME00530,34843970,1
TMS18F1309P0044,snpME00531,35045456,1
TMS18F1309P0044,snpME00532,35204767,1
TMS18F1309P0044,snpME00533,35626846,1
TMS18F1309P0044,snpME00534,35808218,1
TMS18F1309P0044,snpME00535,36155769,1
TMS18F1309P0044,snpME00536,37123583,1
TMS18F1309P0044,snpME00537,37269340,1
TMS18F1309P0044,snpME00538,37370715,1
TMS18F1309P0044,snpME00539,37863517,1
TMS18F1309P0044,snpME00540,38699792,1
TMS18F1309P0044,snpME00541,38763653,1
TMS18F1309P0044,snpME00542,39131171,1
TMS14F1306P0015,snpME00505,27643909,0
TMS14F1306P0015,snpME00506,27918064,0
TMS14F1306P0015,snpME00507,28103607,0
TMS14F1306P0015,snpME00508,28662535,0
TMS14F1306P0015,snpME00509,29423079,0
TMS14F1306P0015,snpME00510,29449366,0
TMS14F1306P0015,snpME00511,29598785,0
TMS14F1306P0015,snpME00512,29944386,0
TMS14F1306P0015,snpME00513,30140085,0
TMS14F1306P0015,snpME00514,30140110,0
TMS14F1306P0015,snpME00515,30312867,0
TMS14F1306P0015,snpME00516,31196826,0
TMS14F1306P0015,snpME00517,31748949,0
TMS14F1306P0015,snpME00518,31815133,0
TMS14F1306P0015,snpME00519,32476579,0
TMS14F1306P0015,snpME00520,32865115,0
TMS14F1306P0015,snpME00521,33945193,0.5
TMS14F1306P0015,snpME00522,34195405,1
TMS14F1306P0015,snpME00523,34240125,1
TMS14F1306P0015,snpME00524,34462062,1
TMS14F1306P0015,snpME00525,34514745,1
TMS14F1306P0015,snpME00526,34584904,1
TMS14F1306P0015,snpME00527,34584923,1
TMS14F1306P0015,snpME00528,34737517,1
TMS14F1306P0015,snpME00529,34737558,1
TMS14F1306P0015,snpME00530,34843970,1
TMS14F1306P0015,snpME00531,35045456,1
TMS14F1306P0015,snpME00532,35204767,1
TMS14F1306P0015,snpME00533,35626846,1
TMS14F1306P0015,snpME00534,35808218,1
TMS14F1306P0015,snpME00535,36155769,1
TMS14F1306P0015,snpME00536,37123583,1
TMS14F1306P0015,snpME00537,37269340,1
TMS14F1306P0015,snpME00538,37370715,1
TMS14F1306P0015,snpME00539,37863517,1
TMS14F1306P0015,snpME00540,38699792,1
TMS14F1306P0015,snpME00541,38763653,1
TMS14F1306P0015,snpME00542,39131171,1
TMS14F1035P0004,snpME00505,27643909,1
TMS14F1035P0004,snpME00506,27918064,1
TMS14F1035P0004,snpME00507,28103607,1
TMS14F1035P0004,snpME00508,28662535,1
TMS14F1035P0004,snpME00509,29423079,1
TMS14F1035P0004,snpME00510,29449366,1
TMS14F1035P0004,snpME00511,29598785,1
TMS14F1035P0004,snpME00512,29944386,1
TMS14F1035P0004,snpME00513,30140085,1
TMS14F1035P0004,snpME00514,30140110,1
TMS14F1035P0004,snpME00515,30312867,1
TMS14F1035P0004,snpME00516,31196826,1
TMS14F1035P0004,snpME00517,31748949,1
TMS14F1035P0004,snpME00518,31815133,1
TMS14F1035P0004,snpME00519,32476579,1
TMS14F1035P0004,snpME00520,32865115,1
TMS14F1035P0004,snpME00521,33945193,1
TMS14F1035P0004,snpME00522,34195405,1
TMS14F1035P0004,snpME00523,34240125,1
TMS14F1035P0004,snpME00524,34462062,1
TMS14F1035P0004,snpME00525,34514745,1
TMS14F1035P0004,snpME00526,34584904,1
TMS14F1035P0004,snpME00527,34584923,1
TMS14F1035P0004,snpME00528,34737517,1
TMS14F1035P0004,snpME00529,34737558,1
TMS14F1035P0004,snpME00530,34843970,1
TMS14F1035P0004,snpME00531,35045456,1
TMS14F1035P0004,snpME00532,35204767,1
TMS14F1035P0004,snpME00533,35626846,1
TMS14F1035P0004,snpME00534,35808218,1
TMS14F1035P0004,snpME00535,36155769,1
TMS14F1035P0004,snpME00536,37123583,1
TMS14F1035P0004,snpME00537,37269340,0.2
TMS14F1035P0004,snpME00538,37370715,0
TMS14F1035P0004,snpME00539,37863517,0
TMS14F1035P0004,snpME00540,38699792,0
TMS14F1035P0004,snpME00541,38763653,0
TMS14F1035P0004,snpME00542,39131171,0
TMS15F1329P0005,snpME00505,27643909,1
TMS15F1329P0005,snpME00506,27918064,1
TMS15F1329P0005,snpME00507,28103607,1
TMS15F1329P0005,snpME00508,28662535,1
TMS15F1329P0005,snpME00509,29423079,1
TMS15F1329P0005,snpME00510,29449366,1
TMS15F1329P0005,snpME00511,29598785,1
TMS15F1329P0005,snpME00512,29944386,1
TMS15F1329P0005,snpME00513,30140085,1
TMS15F1329P0005,snpME00514,30140110,1
TMS15F1329P0005,snpME00515,30312867,1
TMS15F1329P0005,snpME00516,31196826,1
TMS15F1329P0005,snpME00517,31748949,1
TMS15F1329P0005,snpME00518,31815133,1
TMS15F1329P0005,snpME00519,32476579,1
TMS15F1329P0005,snpME00520,32865115,1
TMS15F1329P0005,snpME00521,33945193,1
TMS15F1329P0005,snpME00522,34195405,1
TMS15F1329P0005,snpME00523,34240125,1
TMS15F1329P0005,snpME00524,34462062,1
TMS15F1329P0005,snpME00525,34514745,1
TMS15F1329P0005,snpME00526,34584904,1
TMS15F1329P0005,snpME00527,34584923,1
TMS15F1329P0005,snpME00528,34737517,1
TMS15F1329P0005,snpME00529,34737558,1
TMS15F1329P0005,snpME00530,34843970,1
TMS15F1329P0005,snpME00531,35045456,1
TMS15F1329P0005,snpME00532,35204767,1
TMS15F1329P0005,snpME00533,35626846,1
TMS15F1329P0005,snpME00534,35808218,1
TMS15F1329P0005,snpME00535,36155769,1
TMS15F1329P0005,snpME00536,37123583,0
TMS15F1329P0005,snpME00537,37269340,0
TMS15F1329P0005,snpME00538,37370715,0
TMS15F1329P0005,snpME00539,37863517,0
TMS15F1329P0005,snpME00540,38699792,0
TMS15F1329P0005,snpME00541,38763653,0
TMS15F1329P0005,snpME00542,39131171,0
TMS18F1047P0024,snpME00505,27643909,0
TMS18F1047P0024,snpME00506,27918064,0
TMS18F1047P0024,snpME00507,28103607,0
TMS18F1047P0024,snpME00508,28662535,0
TMS18F1047P0024,snpME00509,29423079,0
TMS18F1047P0024,snpME00510,29449366,0
TMS18F1047P0024,snpME00511,29598785,0
TMS18F1047P0024,snpME00512,29944386,0
TMS18F1047P0024,snpME00513,30140085,0.1
TMS18F1047P0024,snpME00514,30140110,0.1
TMS18F1047P0024,snpME00515,30312867,0.9
TMS18F1047P0024,snpME00516,31196826,1
TMS18F1047P0024,snpME00517,31748949,1
TMS18F1047P0024,snpME00518,31815133,1
TMS18F1047P0024,snpME00519,32476579,1
TMS18F1047P0024,snpME00520,32865115,1
TMS18F1047P0024,snpME00521,33945193,1
TMS18F1047P0024,snpME00522,34195405,1
TMS18F1047P0024,snpME00523,34240125,1
TMS18F1047P0024,snpME00524,34462062,1
TMS18F1047P0024,snpME00525,34514745,0
TMS18F1047P0024,snpME00526,34584904,0
TMS18F1047P0024,snpME00527,34584923,0
TMS18F1047P0024,snpME00528,34737517,0
TMS18F1047P0024,snpME00529,34737558,0
TMS18F1047P0024,snpME00530,34843970,0
TMS18F1047P0024,snpME00531,35045456,0
TMS18F1047P0024,snpME00532,35204767,0
TMS18F1047P0024,snpME00533,35626846,0
TMS18F1047P0024,snpME00534,35808218,0
TMS18F1047P0024,snpME00535,36155769,0
TMS18F1047P0024,snpME00536,37123583,0
TMS18F1047P0024,snpME00537,37269340,0
TMS18F1047P0024,snpME00538,37370715,0
TMS18F1047P0024,snpME00539,37863517,0.1
TMS18F1047P0024,snpME00540,38699792,1
TMS18F1047P0024,snpME00541,38763653,1
TMS18F1047P0024,snpME00542,39131171,1
TMS18F1157P0033,snpME00505,27643909,1
TMS18F1157P0033,snpME00506,27918064,1
TMS18F1157P0033,snpME00507,28103607,1
TMS18F1157P0033,snpME00508,28662535,1
TMS18F1157P0033,snpME00509,29423079,1
TMS18F1157P0033,snpME00510,29449366,1
TMS18F1157P0033,snpME00511,29598785,1
TMS18F1157P0033,snpME00512,29944386,1
TMS18F1157P0033,snpME00513,30140085,1
TMS18F1157P0033,snpME00514,30140110,1
TMS18F1157P0033,snpME00515,30312867,1
TMS18F1157P0033,snpME00516,31196826,1
TMS18F1157P0033,snpME00517,31748949,1
TMS18F1157P0033,snpME00518,31815133,1
TMS18F1157P0033,snpME00519,32476579,1
TMS18F1157P0033,snpME00520,32865115,1
TMS18F1157P0033,snpME00521,33945193,1
TMS18F1157P0033,snpME00522,34195405,1
TMS18F1157P0033,snpME00523,34240125,1
TMS18F1157P0033,snpME00524,34462062,1
TMS18F1157P0033,snpME00525,34514745,1
TMS18F1157P0033,snpME00526,34584904,1
TMS18F1157P0033,snpME00527,34584923,1
TMS18F1157P0033,snpME00528,34737517,1
TMS18F1157P0033,snpME00529,34737558,1
TMS18F1157P0033,snpME00530,34843970,1
TMS18F1157P0033,snpME00531,35045456,1
TMS18F1157P0033,snpME00532,35204767,1
TMS18F1157P0033,snpME00533,35626846,0.1
TMS18F1157P0033,snpME00534,35808218,0
TMS18F1157P0033,snpME00535,36155769,0
TMS18F1157P0033,snpME00536,37123583,0
TMS18F1157P0033,snpME00537,37269340,0
TMS18F1157P0033,snpME00538,37370715,0
TMS18F1157P0033,snpME00539,37863517,0
TMS18F1157P0033,snpME00540,38699792,0
TMS18F1157P0033,snpME00541,38763653,0
TMS18F1157P0033,snpME00542,39131171,0
TMS18F1269P0003,snpME00505,27643909,1
TMS18F1269P0003,snpME00506,27918064,1
TMS18F1269P0003,snpME00507,28103607,1
TMS18F1269P0003,snpME00508,28662535,1
TMS18F1269P0003,snpME00509,29423079,1
TMS18F1269P0003,snpME00510,29449366,1
TMS18F1269P0003,snpME00511,29598785,1
TMS18F1269P0003,snpME00512,29944386,1
TMS18F1269P0003,snpME00513,30140085,1
TMS18F1269P0003,snpME00514,30140110,1
TMS18F1269P0003,snpME00515,30312867,1
TMS18F1269P0003,snpME00516,31196826,1
TMS18F1269P0003,snpME00517,31748949,1
TMS18F1269P0003,snpME00518,31815133,1
TMS18F1269P0003,snpME00519,32476579,1
TMS18F1269P0003,snpME00520,32865115,1
TMS18F1269P0003,snpME00521,33945193,0
TMS18F1269P0003,snpME00522,34195405,0
TMS18F1269P0003,snpME00523,34240125,0
TMS18F1269P0003,snpME00524,34462062,0
TMS18F1269P0003,snpME00525,34514745,0
TMS18F1269P0003,snpME00526,34584904,0
TMS18F1269P0003,snpME00527,34584923,0
TMS18F1269P0003,snpME00528,34737517,0
TMS18F1269P0003,snpME00529,34737558,0
TMS18F1269P0003,snpME00530,34843970,0
TMS18F1269P0003,snpME00531,35045456,0
TMS18F1269P0003,snpME00532,35204767,0
TMS18F1269P0003,snpME00533,35626846,0
TMS18F1269P0003,snpME00534,35808218,0
TMS18F1269P0003,snpME00535,36155769,0
TMS18F1269P0003,snpME00536,37123583,0
TMS18F1269P0003,snpME00537,37269340,0
TMS18F1269P0003,snpME00538,37370715,0
TMS18F1269P0003,snpME00539,37863517,0
TMS18F1269P0003,snpME00540,38699792,0
TMS18F1269P0003,snpME00541,38763653,0
TMS18F1269P0003,snpME00542,39131171,0
TMS18F1095P0041,snpME00505,27643909,1
TMS18F1095P0041,snpME00506,27918064,1
TMS18F1095P0041,snpME00507,28103607,1
TMS18F1095P0041,snpME00508,28662535,1
TMS18F1095P0041,snpME00509,29423079,1
TMS18F1095P0041,snpME00510,29449366,1
TMS18F1095P0041,snpME00511,29598785,1
TMS18F1095P0041,snpME00512,29944386,1
TMS18F1095P0041,snpME00513,30140085,1
TMS18F1095P0041,snpME00514,30140110,1
TMS18F1095P0041,snpME00515,30312867,1
TMS18F1095P0041,snpME00516,31196826,1
TMS18F1095P0041,snpME00517,31748949,1
TMS18F1095P0041,snpME00518,31815133,1
TMS18F1095P0041,snpME00519,32476579,1
TMS18F1095P0041,snpME00520,32865115,1
TMS18F1095P0041,snpME00521,33945193,1
TMS18F1095P0041,snpME00522,34195405,1
TMS18F1095P0041,snpME00523,34240125,1
TMS18F1095P0041,snpME00524,34462062,1
TMS18F1095P0041,snpME00525,34514745,1
TMS18F1095P0041,snpME00526,34584904,1
TMS18F1095P0041,snpME00527,34584923,1
TMS18F1095P0041,snpME00528,34737517,1
TMS18F1095P0041,snpME00529,34737558,1
TMS18F1095P0041,snpME00530,34843970,1
TMS18F1095P0041,snpME00531,35045456,1
TMS18F1095P0041,snpME00532,35204767,0.5
TMS18F1095P0041,snpME00533,35626846,0
TMS18F1095P0041,snpME00534,35808218,0
TMS18F1095P0041,snpME00535,36155769,0
TMS18F1095P0041,snpME00536,37123583,0
TMS18F1095P0041,snpME00537,37269340,0
TMS18F1095P0041,snpME00538,37370715,0
TMS18F1095P0041,snpME00539,37863517,0
TMS18F1095P0041,snpME00540,38699792,0
TMS18F1095P0041,snpME00541,38763653,0
TMS18F1095P0041,snpME00542,39131171,0
TMS13F1304P0003,snpME00505,27643909,1
TMS13F1304P0003,snpME00506,27918064,1
TMS13F1304P0003,snpME00507,28103607,1
TMS13F1304P0003,snpME00508,28662535,1
TMS13F1304P0003,snpME00509,29423079,1
TMS13F1304P0003,snpME00510,29449366,1
TMS13F1304P0003,snpME00511,29598785,1
TMS13F1304P0003,snpME00512,29944386,1
TMS13F1304P0003,snpME00513,30140085,1
TMS13F1304P0003,snpME00514,30140110,1
TMS13F1304P0003,snpME00515,30312867,1
TMS13F1304P0003,snpME00516,31196826,1
TMS13F1304P0003,snpME00517,31748949,1
TMS13F1304P0003,snpME00518,31815133,1
TMS13F1304P0003,snpME00519,32476579,1
TMS13F1304P0003,snpME00520,32865115,1
TMS13F1304P0003,snpME00521,33945193,1
TMS13F1304P0003,snpME00522,34195405,1
TMS13F1304P0003,snpME00523,34240125,0
TMS13F1304P0003,snpME00524,34462062,0
TMS13F1304P0003,snpME00525,34514745,0
TMS13F1304P0003,snpME00526,34584904,0
TMS13F1304P0003,snpME00527,34584923,0
TMS13F1304P0003,snpME00528,34737517,0
TMS13F1304P0003,snpME00529,34737558,0
TMS13F1304P0003,snpME00530,34843970,0
TMS13F1304P0003,snpME00531,35045456,0
TMS13F1304P0003,snpME00532,35204767,0
TMS13F1304P0003,snpME00533,35626846,0
TMS13F1304P0003,snpME00534,35808218,0
TMS13F1304P0003,snpME00535,36155769,0
TMS13F1304P0003,snpME00536,37123583,0
TMS13F1304P0003,snpME00537,37269340,0
TMS13F1304P0003,snpME00538,37370715,0
TMS13F1304P0003,snpME00539,37863517,0
TMS13F1304P0003,snpME00540,38699792,0
TMS13F1304P0003,snpME00541,38763653,0
TMS13F1304P0003,snpME00542,39131171,0
TMS18F1289P0004,snpME00505,27643909,1
TMS18F1289P0004,snpME00506,27918064,1
TMS18F1289P0004,snpME00507,28103607,1
TMS18F1289P0004,snpME00508,28662535,1
TMS18F1289P0004,snpME00509,29423079,1
TMS18F1289P0004,snpME00510,29449366,1
TMS18F1289P0004,snpME00511,29598785,1
TMS18F1289P0004,snpME00512,29944386,1
TMS18F1289P0004,snpME00513,30140085,1
TMS18F1289P0004,snpME00514,30140110,1
TMS18F1289P0004,snpME00515,30312867,1
TMS18F1289P0004,snpME00516,31196826,1
TMS18F1289P0004,snpME00517,31748949,1
TMS18F1289P0004,snpME00518,31815133,1
TMS18F1289P0004,snpME00519,32476579,1
TMS18F1289P0004,snpME00520,32865115,1
TMS18F1289P0004,snpME00521,33945193,0
TMS18F1289P0004,snpME00522,34195405,0
TMS18F1289P0004,snpME00523,34240125,0
TMS18F1289P0004,snpME00524,34462062,0
TMS18F1289P0004,snpME00525,34514745,0
TMS18F1289P0004,snpME00526,34584904,0
TMS18F1289P0004,snpME00527,34584923,0
TMS18F1289P0004,snpME00528,34737517,0
TMS18F1289P0004,snpME00529,34737558,0
TMS18F1289P0004,snpME00530,34843970,0
TMS18F1289P0004,snpME00531,35045456,0
TMS18F1289P0004,snpME00532,35204767,0
TMS18F1289P0004,snpME00533,35626846,0
TMS18F1289P0004,snpME00534,35808218,0
TMS18F1289P0004,snpME00535,36155769,0
TMS18F1289P0004,snpME00536,37123583,0
TMS18F1289P0004,snpME00537,37269340,0
TMS18F1289P0004,snpME00538,37370715,0
TMS18F1289P0004,snpME00539,37863517,0
TMS18F1289P0004,snpME00540,38699792,0
TMS18F1289P0004,snpME00541,38763653,0
TMS18F1289P0004,snpME00542,39131171,0
TMS18F1016P0230,snpME00505,27643909,0
TMS18F1016P0230,snpME00506,27918064,0
TMS18F1016P0230,snpME00507,28103607,0
TMS18F1016P0230,snpME00508,28662535,0
TMS18F1016P0230,snpME00509,29423079,0
TMS18F1016P0230,snpME00510,29449366,0
TMS18F1016P0230,snpME00511,29598785,0
TMS18F1016P0230,snpME00512,29944386,0
TMS18F1016P0230,snpME00513,30140085,0
TMS18F1016P0230,snpME00514,30140110,0
TMS18F1016P0230,snpME00515,30312867,0
TMS18F1016P0230,snpME00516,31196826,0
TMS18F1016P0230,snpME00517,31748949,0
TMS18F1016P0230,snpME00518,31815133,0
TMS18F1016P0230,snpME00519,32476579,0
TMS18F1016P0230,snpME00520,32865115,0
TMS18F1016P0230,snpME00521,33945193,0
TMS18F1016P0230,snpME00522,34195405,0
TMS18F1016P0230,snpME00523,34240125,0
TMS18F1016P0230,snpME00524,34462062,0
TMS18F1016P0230,snpME00525,34514745,0
TMS18F1016P0230,snpME00526,34584904,0
TMS18F1016P0230,snpME00527,34584923,0
TMS18F1016P0230,snpME00528,34737517,0
TMS18F1016P0230,snpME00529,34737558,0
TMS18F1016P0230,snpME00530,34843970,0
TMS18F1016P0230,snpME00531,35045456,0
TMS18F1016P0230,snpME00532,35204767,0
TMS18F1016P0230,snpME00533,35626846,0
TMS18F1016P0230,snpME00534,35808218,0
TMS18F1016P0230,snpME00535,36155769,1
TMS18F1016P0230,snpME00536,37123583,1
TMS18F1016P0230,snpME00537,37269340,1
TMS18F1016P0230,snpME00538,37370715,1
TMS18F1016P0230,snpME00539,37863517,1
TMS18F1016P0230,snpME00540,38699792,1
TMS18F1016P0230,snpME00541,38763653,1
TMS18F1016P0230,snpME00542,39131171,1