"","true.cand","Range","SNP_POS","POS","REF","ALT"
"76","27643909",0,27643909,27643909,"A","G"
"529","27918064",0,27918064,27918064,"G","A"
"836","28103607",0,28103607,28103607,"A","G"
"1440","28662535",0,28662535,28662535,"T","G"
"2205","29423079",0,29423079,29423079,"C","T"
"2356","29449366",0,29449366,29449366,"C","T"
"2508","29598785",0,29598785,29598785,"C","G"
"2986","29944386",0,29944386,29944386,"C","T"
"3290"," 30140085",0,30140085,30140085,"A","G"
"3466","30312867",0,30312867,30312867,"A","G"
"3919","31196826",0,31196826,31196826,"C","T"
"4526","31748949",0,31748949,31748949,"G","A"
"4678","31815133",0,31815133,31815133,"T","C"
"NA",NA,NA,NA,NA,NA,NA
"4830","32476579",0,32476579,32476579,"T","C"
"5283","32865115",0,32865115,32865115,"A","G"
"5740","33945193",0,33945193,33945193,"A","G"
"6497","34195405",0,34195405,34195405,"T","C"
"6648","34240125",0,34240125,34240125,"A","G"
"7253","34462062",0,34462062,34462062,"C","T"
"7404","34514745",0,34514745,34514745,"C","G"
"7706"," 34584904",0,34584904,34584904,"C","T"
"8032"," 34737517",0,34737517,34737517,"T","G"
"8224"," 34843970",0,34843970,34843970,"A","G"
"8867","35045456",0,35045456,35045456,"G","A"
"9326"," 35204767",0,35204767,35204767,"T","C"
"10133","35626846",0,35626846,35626846,"A","T"
"10437","35808218",0,35808218,35808218,"A","C"
"10744","36155769",0,36155769,36155769,"A","C"
"10899","36159781",0,36159781,36159781,"G","T"
"11516","37123583",0,37123583,37123583,"G","A"
"11818","37269340",0,37269340,37269340,"A","G"
"12123","37370715",0,37370715,37370715,"G","A"
"NA.1",NA,NA,NA,NA,NA,NA
"NA.2",NA,NA,NA,NA,NA,NA
"NA.3",NA,NA,NA,NA,NA,NA
"12752","37863517",0,37863517,37863517,"G","A"
"13212","38699792",0,38699792,38699792,"A","C"
"13518"," 38763653",0,38763653,38763653,"A","G"
"14146","39131171",0,39131171,39131171,"A","G"
"14753","30140110",0,30140110,30140110,"A","G"
"15055","34584923",0,34584923,34584923,"A","T"
"15206","34737558",0,34737558,34737558,"G","T"
