date,plate_id,plate_name,sample_id,well_A01,well_01A,tissue_id,dna_person,notes,tissue_type,extraction
2021-07-13,plate 32,,plate 32_A01,A01,01A,5861,,,Leaf,CTAB
2021-07-13,plate 32,,plate 32_B01,B01,01B,5863,,,Leaf,CTAB
2021-07-13,plate 32,,plate 32_C01,C01,01C,5865,,,Leaf,CTAB
2021-07-13,plate 32,,plate 32_D01,D01,01D,5866,,,Leaf,CTAB
2021-07-13,plate 32,,plate 32_E01,E01,01E,5869,,,Leaf,CTAB
2021-07-13,plate 32,,plate 32_F01,F01,01F,5871,,,Leaf,CTAB
2021-07-13,plate 32,,plate 32_G01,G01,01G,5873,,,Leaf,CTAB
2021-07-13,plate 32,,plate 32_H01,H01,01H,5875,,,Leaf,CTAB
2021-07-13,plate 32,,plate 32_A02,A02,02A,5877,,,Leaf,CTAB
2021-07-13,plate 32,,plate 32_B02,B02,02B,5879,,,Leaf,CTAB
2021-07-13,plate 32,,plate 32_C02,C02,02C,5880,,,Leaf,CTAB
2021-07-13,plate 32,,plate 32_D02,D02,02D,5881,,,Leaf,CTAB
2021-07-13,plate 32,,plate 32_E02,E02,02E,5882,,,Leaf,CTAB
2021-07-13,plate 32,,plate 32_F02,F02,02F,5883,,,Leaf,CTAB
2021-07-13,plate 32,,plate 32_G02,G02,02G,5885,,,Leaf,CTAB
2021-07-13,plate 32,,plate 32_H02,H02,02H,5887,,,Leaf,CTAB
2021-07-13,plate 32,,plate 32_A03,A03,03A,5888,,,Leaf,CTAB
2021-07-13,plate 32,,plate 32_B03,B03,03B,5891,,,Leaf,CTAB
2021-07-13,plate 32,,plate 32_C03,C03,03C,5913,,,Leaf,CTAB
2021-07-13,plate 32,,plate 32_D03,D03,03D,5915,,,Leaf,CTAB
2021-07-13,plate 32,,plate 32_E03,E03,03E,5916,,,Leaf,CTAB
2021-07-13,plate 32,,plate 32_F03,F03,03F,5919,,,Leaf,CTAB
2021-07-13,plate 32,,plate 32_G03,G03,03G,5921,,,Leaf,CTAB
2021-07-13,plate 32,,plate 32_H03,H03,03H,5923,,,Leaf,CTAB
2021-07-13,plate 32,,plate 32_A04,A04,04A,5924,,,Leaf,CTAB
2021-07-13,plate 32,,plate 32_B04,B04,04B,5926,,,Leaf,CTAB
2021-07-13,plate 32,,plate 32_C04,C04,04C,5928,,,Leaf,CTAB
2021-07-13,plate 32,,plate 32_D04,D04,04D,5930,,,Leaf,CTAB
2021-07-13,plate 32,,plate 32_E04,E04,04E,5932,,,Leaf,CTAB
2021-07-13,plate 32,,plate 32_F04,F04,04F,5934,,,Leaf,CTAB
2021-07-13,plate 32,,plate 32_G04,G04,04G,5936,,,Leaf,CTAB
2021-07-13,plate 32,,plate 32_H04,H04,04H,5938,,,Leaf,CTAB
2021-07-13,plate 32,,plate 32_A05,A05,05A,5939,,,Leaf,CTAB
2021-07-13,plate 32,,plate 32_B05,B05,05B,5941,,,Leaf,CTAB
2021-07-13,plate 32,,plate 32_C05,C05,05C,5943,,,Leaf,CTAB
2021-07-13,plate 32,,plate 32_D05,D05,05D,5944,,,Leaf,CTAB
2021-07-13,plate 32,,plate 32_E05,E05,05E,5947,,,Leaf,CTAB
2021-07-13,plate 32,,plate 32_F05,F05,05F,5949,,,Leaf,CTAB
2021-07-13,plate 32,,plate 32_G05,G05,05G,5951,,,Leaf,CTAB
2021-07-13,plate 32,,plate 32_H05,H05,05H,5952,,,Leaf,CTAB
2021-07-13,plate 32,,plate 32_A06,A06,06A,5954,,,Leaf,CTAB
2021-07-13,plate 32,,plate 32_B06,B06,06B,5956,,,Leaf,CTAB
2021-07-13,plate 32,,plate 32_C06,C06,06C,5957,,,Leaf,CTAB
2021-07-13,plate 32,,plate 32_D06,D06,06D,5959,,,Leaf,CTAB
2021-07-13,plate 32,,plate 32_E06,E06,06E,5961,,,Leaf,CTAB
2021-07-13,plate 32,,plate 32_F06,F06,06F,5963,,,Leaf,CTAB
2021-07-13,plate 32,,plate 32_G06,G06,06G,5964,,,Leaf,CTAB
2021-07-13,plate 32,,plate 32_H06,H06,06H,5965,,,Leaf,CTAB
2021-07-13,plate 32,,plate 32_A07,A07,07A,5968,,,Leaf,CTAB
2021-07-13,plate 32,,plate 32_B07,B07,07B,5969,,,Leaf,CTAB
2021-07-13,plate 32,,plate 32_C07,C07,07C,5971,,,Leaf,CTAB
2021-07-13,plate 32,,plate 32_D07,D07,07D,5972,,,Leaf,CTAB
2021-07-13,plate 32,,plate 32_E07,E07,07E,5973,,,Leaf,CTAB
2021-07-13,plate 32,,plate 32_F07,F07,07F,5975,,,Leaf,CTAB
2021-07-13,plate 32,,plate 32_G07,G07,07G,5977,,,Leaf,CTAB
2021-07-13,plate 32,,plate 32_H07,H07,07H,5979,,,Leaf,CTAB
2021-07-13,plate 32,,plate 32_A08,A08,08A,5981,,,Leaf,CTAB
2021-07-13,plate 32,,plate 32_B08,B08,08B,5983,,,Leaf,CTAB
2021-07-13,plate 32,,plate 32_C08,C08,08C,5984,,,Leaf,CTAB
2021-07-13,plate 32,,plate 32_D08,D08,08D,5986,,,Leaf,CTAB
2021-07-13,plate 32,,plate 32_E08,E08,08E,5987,,,Leaf,CTAB
2021-07-13,plate 32,,plate 32_F08,F08,08F,5989,,,Leaf,CTAB
2021-07-13,plate 32,,plate 32_G08,G08,08G,5991,,,Leaf,CTAB
2021-07-13,plate 32,,plate 32_H08,H08,08H,5992,,,Leaf,CTAB
2021-07-13,plate 32,,plate 32_A09,A09,09A,5993,,,Leaf,CTAB
2021-07-13,plate 32,,plate 32_B09,B09,09B,5995,,,Leaf,CTAB
2021-07-13,plate 32,,plate 32_C09,C09,09C,5996,,,Leaf,CTAB
2021-07-13,plate 32,,plate 32_D09,D09,09D,5998,,,Leaf,CTAB
2021-07-13,plate 32,,plate 32_E09,E09,09E,5999,,,Leaf,CTAB
2021-07-13,plate 32,,plate 32_F09,F09,09F,6000,,,Leaf,CTAB
2021-07-13,plate 32,,plate 32_G09,G09,09G,6001,,,Leaf,CTAB
2021-07-13,plate 32,,plate 32_H09,H09,09H,6003,,,Leaf,CTAB
2021-07-13,plate 32,,plate 32_A10,A10,10A,6004,,,Leaf,CTAB
2021-07-13,plate 32,,plate 32_B10,B10,10B,6006,,,Leaf,CTAB
2021-07-13,plate 32,,plate 32_C10,C10,10C,3898,,,Leaf,CTAB
2021-07-13,plate 32,,plate 32_D10,D10,10D,3892,,,Leaf,CTAB
2021-07-13,plate 32,,plate 32_E10,E10,10E,3752,,,Leaf,CTAB
2021-07-13,plate 32,,plate 32_F10,F10,10F,3754,,,Leaf,CTAB
2021-07-13,plate 32,,plate 32_G10,G10,10G,3883,,,Leaf,CTAB
2021-07-13,plate 32,,plate 32_H10,H10,10H,3758,,,Leaf,CTAB
2021-07-13,plate 32,,plate 32_A11,A11,11A,3762,,,Leaf,CTAB
2021-07-13,plate 32,,plate 32_B11,B11,11B,3878,,,Leaf,CTAB
2021-07-13,plate 32,,plate 32_C11,C11,11C,3874,,,Leaf,CTAB
2021-07-13,plate 32,,plate 32_D11,D11,11D,3925,,,Leaf,CTAB
2021-07-13,plate 32,,plate 32_E11,E11,11E,3931,,,Leaf,CTAB
2021-07-13,plate 32,,plate 32_F11,F11,11F,4018,,,Leaf,CTAB
2021-07-13,plate 32,,plate 32_G11,G11,11G,3859,,,Leaf,CTAB
2021-07-13,plate 32,,plate 32_H11,H11,11H,BLANK_plate 32_H11,,,Leaf,CTAB
2021-07-13,plate 32,,plate 32_A12,A12,12A,mexmglaz_basal_branch,,,Leaf,CTAB
2021-07-13,plate 32,,plate 32_B12,B12,12B,mexmglaz_main,,,Leaf,CTAB
2021-07-13,plate 32,,plate 32_C12,C12,12C,glaz_middle,,,Leaf,CTAB
2021-07-13,plate 32,,plate 32_D12,D12,12D,glaz_right,,,Leaf,CTAB
2021-07-13,plate 32,,plate 32_E12,E12,12E,glaz_left,,,Leaf,CTAB
2021-07-13,plate 32,,plate 32_F12,F12,12F,BLANK_plate 32_F12,,,Leaf,CTAB
2021-07-13,plate 32,,plate 32_G12,G12,12G,BLANK_plate 32_G12,,,Leaf,CTAB
2021-07-13,plate 32,,plate 32_H12,H12,12H,BLANK_plate 32_H12,,,Leaf,CTAB
