date,plate_id,plate_name,sample_id,well_A01,well_01A,tissue_id,dna_person,notes,tissue_type,extraction
2021-07-08,Plate 11,,Plate 11_A01,A01,01A,1757,,,Leaf,CTAB
2021-07-08,Plate 11,,Plate 11_B01,B01,01B,1759,,,Leaf,CTAB
2021-07-08,Plate 11,,Plate 11_C01,C01,01C,1770,,,Leaf,CTAB
2021-07-08,Plate 11,,Plate 11_D01,D01,01D,1772,,,Leaf,CTAB
2021-07-08,Plate 11,,Plate 11_E01,E01,01E,1774,,,Leaf,CTAB
2021-07-08,Plate 11,,Plate 11_F01,F01,01F,1776,,,Leaf,CTAB
2021-07-08,Plate 11,,Plate 11_G01,G01,01G,1778,,,Leaf,CTAB
2021-07-08,Plate 11,,Plate 11_H01,H01,01H,1783,,,Leaf,CTAB
2021-07-08,Plate 11,,Plate 11_A02,A02,02A,1785,,,Leaf,CTAB
2021-07-08,Plate 11,,Plate 11_B02,B02,02B,1787,,,Leaf,CTAB
2021-07-08,Plate 11,,Plate 11_C02,C02,02C,1789,,,Leaf,CTAB
2021-07-08,Plate 11,,Plate 11_D02,D02,02D,1791,,,Leaf,CTAB
2021-07-08,Plate 11,,Plate 11_E02,E02,02E,1794,,,Leaf,CTAB
2021-07-08,Plate 11,,Plate 11_F02,F02,02F,1796,,,Leaf,CTAB
2021-07-08,Plate 11,,Plate 11_G02,G02,02G,1798,,,Leaf,CTAB
2021-07-08,Plate 11,,Plate 11_H02,H02,02H,1800,,,Leaf,CTAB
2021-07-08,Plate 11,,Plate 11_A03,A03,03A,1802,,,Leaf,CTAB
2021-07-08,Plate 11,,Plate 11_B03,B03,03B,1804,,,Leaf,CTAB
2021-07-08,Plate 11,,Plate 11_C03,C03,03C,1806,,,Leaf,CTAB
2021-07-08,Plate 11,,Plate 11_D03,D03,03D,1807,,,Leaf,CTAB
2021-07-08,Plate 11,,Plate 11_E03,E03,03E,1808,,,Leaf,CTAB
2021-07-08,Plate 11,,Plate 11_F03,F03,03F,1810,,,Leaf,CTAB
2021-07-08,Plate 11,,Plate 11_G03,G03,03G,1811,,,Leaf,CTAB
2021-07-08,Plate 11,,Plate 11_H03,H03,03H,1813,,,Leaf,CTAB
2021-07-08,Plate 11,,Plate 11_A04,A04,04A,1821,,,Leaf,CTAB
2021-07-08,Plate 11,,Plate 11_B04,B04,04B,1823,,,Leaf,CTAB
2021-07-08,Plate 11,,Plate 11_C04,C04,04C,1828,,,Leaf,CTAB
2021-07-08,Plate 11,,Plate 11_D04,D04,04D,1830,,,Leaf,CTAB
2021-07-08,Plate 11,,Plate 11_E04,E04,04E,1833,,,Leaf,CTAB
2021-07-08,Plate 11,,Plate 11_F04,F04,04F,1836,,,Leaf,CTAB
2021-07-08,Plate 11,,Plate 11_G04,G04,04G,1839,,,Leaf,CTAB
2021-07-08,Plate 11,,Plate 11_H04,H04,04H,1842,,,Leaf,CTAB
2021-07-08,Plate 11,,Plate 11_A05,A05,05A,1845,,,Leaf,CTAB
2021-07-08,Plate 11,,Plate 11_B05,B05,05B,1848,,,Leaf,CTAB
2021-07-08,Plate 11,,Plate 11_C05,C05,05C,1850,,,Leaf,CTAB
2021-07-08,Plate 11,,Plate 11_D05,D05,05D,1853,,,Leaf,CTAB
2021-07-08,Plate 11,,Plate 11_E05,E05,05E,1854,,,Leaf,CTAB
2021-07-08,Plate 11,,Plate 11_F05,F05,05F,1856,,,Leaf,CTAB
2021-07-08,Plate 11,,Plate 11_G05,G05,05G,1858,,,Leaf,CTAB
2021-07-08,Plate 11,,Plate 11_H05,H05,05H,1860,,,Leaf,CTAB
2021-07-08,Plate 11,,Plate 11_A06,A06,06A,1862,,,Leaf,CTAB
2021-07-08,Plate 11,,Plate 11_B06,B06,06B,1867,,,Leaf,CTAB
2021-07-08,Plate 11,,Plate 11_C06,C06,06C,1870,,,Leaf,CTAB
2021-07-08,Plate 11,,Plate 11_D06,D06,06D,1872,,,Leaf,CTAB
2021-07-08,Plate 11,,Plate 11_E06,E06,06E,1874,,,Leaf,CTAB
2021-07-08,Plate 11,,Plate 11_F06,F06,06F,1875,,,Leaf,CTAB
2021-07-08,Plate 11,,Plate 11_G06,G06,06G,1876,,,Leaf,CTAB
2021-07-08,Plate 11,,Plate 11_H06,H06,06H,1878,,,Leaf,CTAB
2021-07-08,Plate 11,,Plate 11_A07,A07,07A,1880,,,Leaf,CTAB
2021-07-08,Plate 11,,Plate 11_B07,B07,07B,1882,,,Leaf,CTAB
2021-07-08,Plate 11,,Plate 11_C07,C07,07C,1884,,,Leaf,CTAB
2021-07-08,Plate 11,,Plate 11_D07,D07,07D,1886,,,Leaf,CTAB
2021-07-08,Plate 11,,Plate 11_E07,E07,07E,1888,,,Leaf,CTAB
2021-07-08,Plate 11,,Plate 11_F07,F07,07F,1890,,,Leaf,CTAB
2021-07-08,Plate 11,,Plate 11_G07,G07,07G,1892,,,Leaf,CTAB
2021-07-08,Plate 11,,Plate 11_H07,H07,07H,1894,,,Leaf,CTAB
2021-07-08,Plate 11,,Plate 11_A08,A08,08A,1895,,,Leaf,CTAB
2021-07-08,Plate 11,,Plate 11_B08,B08,08B,1896,,,Leaf,CTAB
2021-07-08,Plate 11,,Plate 11_C08,C08,08C,1897,,,Leaf,CTAB
2021-07-08,Plate 11,,Plate 11_D08,D08,08D,1901,,,Leaf,CTAB
2021-07-08,Plate 11,,Plate 11_E08,E08,08E,1904,,,Leaf,CTAB
2021-07-08,Plate 11,,Plate 11_F08,F08,08F,1906,,,Leaf,CTAB
2021-07-08,Plate 11,,Plate 11_G08,G08,08G,1907,,,Leaf,CTAB
2021-07-08,Plate 11,,Plate 11_H08,H08,08H,1912,,,Leaf,CTAB
2021-07-08,Plate 11,,Plate 11_A09,A09,09A,1914,,,Leaf,CTAB
2021-07-08,Plate 11,,Plate 11_B09,B09,09B,1915,,,Leaf,CTAB
2021-07-08,Plate 11,,Plate 11_C09,C09,09C,1919,,,Leaf,CTAB
2021-07-08,Plate 11,,Plate 11_D09,D09,09D,1921,,,Leaf,CTAB
2021-07-08,Plate 11,,Plate 11_E09,E09,09E,1923,,,Leaf,CTAB
2021-07-08,Plate 11,,Plate 11_F09,F09,09F,1925,,,Leaf,CTAB
2021-07-08,Plate 11,,Plate 11_G09,G09,09G,1927,,,Leaf,CTAB
2021-07-08,Plate 11,,Plate 11_H09,H09,09H,1928,,,Leaf,CTAB
2021-07-08,Plate 11,,Plate 11_A10,A10,10A,1930,,,Leaf,CTAB
2021-07-08,Plate 11,,Plate 11_B10,B10,10B,1932,,,Leaf,CTAB
2021-07-08,Plate 11,,Plate 11_C10,C10,10C,1934,,,Leaf,CTAB
2021-07-08,Plate 11,,Plate 11_D10,D10,10D,1935,,,Leaf,CTAB
2021-07-08,Plate 11,,Plate 11_E10,E10,10E,1937,,,Leaf,CTAB
2021-07-08,Plate 11,,Plate 11_F10,F10,10F,1938,,,Leaf,CTAB
2021-07-08,Plate 11,,Plate 11_G10,G10,10G,1942,,,Leaf,CTAB
2021-07-08,Plate 11,,Plate 11_H10,H10,10H,1944,,,Leaf,CTAB
2021-07-08,Plate 11,,Plate 11_A11,A11,11A,1945,,,Leaf,CTAB
2021-07-08,Plate 11,,Plate 11_B11,B11,11B,1947,,,Leaf,CTAB
2021-07-08,Plate 11,,Plate 11_C11,C11,11C,1950,,,Leaf,CTAB
2021-07-08,Plate 11,,Plate 11_D11,D11,11D,1951,,,Leaf,CTAB
2021-07-08,Plate 11,,Plate 11_E11,E11,11E,1952,,,Leaf,CTAB
2021-07-08,Plate 11,,Plate 11_F11,F11,11F,1954,,,Leaf,CTAB
2021-07-08,Plate 11,,Plate 11_G11,G11,11G,1956,,,Leaf,CTAB
2021-07-08,Plate 11,,Plate 11_H11,H11,11H,BLANK_Plate 11_H11,,,Leaf,CTAB
2021-07-08,Plate 11,,Plate 11_A12,A12,12A,1960,,,Leaf,CTAB
2021-07-08,Plate 11,,Plate 11_B12,B12,12B,1962,,,Leaf,CTAB
2021-07-08,Plate 11,,Plate 11_C12,C12,12C,1964,,,Leaf,CTAB
2021-07-08,Plate 11,,Plate 11_D12,D12,12D,1965,,,Leaf,CTAB
2021-07-08,Plate 11,,Plate 11_E12,E12,12E,1966,,,Leaf,CTAB
2021-07-08,Plate 11,,Plate 11_F12,F12,12F,1958,,,Leaf,CTAB
2021-07-08,Plate 11,,Plate 11_G12,G12,12G,1968,,,Leaf,CTAB
2021-07-08,Plate 11,,Plate 11_H12,H12,12H,BLANK_Plate 11_H12,,,Leaf,CTAB
