date,plate_id,plate_name,sample_id,well_A01,well_01A,tissue_id,dna_person,notes,tissue_type,extraction
2021-07-13,plate 30,,plate 30_A01,A01,01A,5515,,,Leaf,CTAB
2021-07-13,plate 30,,plate 30_B01,B01,01B,5518,,,Leaf,CTAB
2021-07-13,plate 30,,plate 30_C01,C01,01C,5519,,,Leaf,CTAB
2021-07-13,plate 30,,plate 30_D01,D01,01D,5520,,,Leaf,CTAB
2021-07-13,plate 30,,plate 30_E01,E01,01E,5222,,,Leaf,CTAB
2021-07-13,plate 30,,plate 30_F01,F01,01F,5523,,,Leaf,CTAB
2021-07-13,plate 30,,plate 30_G01,G01,01G,5525,,,Leaf,CTAB
2021-07-13,plate 30,,plate 30_H01,H01,01H,5527,,,Leaf,CTAB
2021-07-13,plate 30,,plate 30_A02,A02,02A,5528,,,Leaf,CTAB
2021-07-13,plate 30,,plate 30_B02,B02,02B,5529,,,Leaf,CTAB
2021-07-13,plate 30,,plate 30_C02,C02,02C,5530,,,Leaf,CTAB
2021-07-13,plate 30,,plate 30_D02,D02,02D,5532,,,Leaf,CTAB
2021-07-13,plate 30,,plate 30_E02,E02,02E,5535,,,Leaf,CTAB
2021-07-13,plate 30,,plate 30_F02,F02,02F,5537,,,Leaf,CTAB
2021-07-13,plate 30,,plate 30_G02,G02,02G,5539,,,Leaf,CTAB
2021-07-13,plate 30,,plate 30_H02,H02,02H,5540,,,Leaf,CTAB
2021-07-13,plate 30,,plate 30_A03,A03,03A,5542,,,Leaf,CTAB
2021-07-13,plate 30,,plate 30_B03,B03,03B,5543,,,Leaf,CTAB
2021-07-13,plate 30,,plate 30_C03,C03,03C,5545,,,Leaf,CTAB
2021-07-13,plate 30,,plate 30_D03,D03,03D,5546,,,Leaf,CTAB
2021-07-13,plate 30,,plate 30_E03,E03,03E,5548,,,Leaf,CTAB
2021-07-13,plate 30,,plate 30_F03,F03,03F,5549,,,Leaf,CTAB
2021-07-13,plate 30,,plate 30_G03,G03,03G,5551,,,Leaf,CTAB
2021-07-13,plate 30,,plate 30_H03,H03,03H,5552,,,Leaf,CTAB
2021-07-13,plate 30,,plate 30_A04,A04,04A,5553,,,Leaf,CTAB
2021-07-13,plate 30,,plate 30_B04,B04,04B,5555,,,Leaf,CTAB
2021-07-13,plate 30,,plate 30_C04,C04,04C,5556,,,Leaf,CTAB
2021-07-13,plate 30,,plate 30_D04,D04,04D,5558,,,Leaf,CTAB
2021-07-13,plate 30,,plate 30_E04,E04,04E,5559,,,Leaf,CTAB
2021-07-13,plate 30,,plate 30_F04,F04,04F,5562,,,Leaf,CTAB
2021-07-13,plate 30,,plate 30_G04,G04,04G,5564,,,Leaf,CTAB
2021-07-13,plate 30,,plate 30_H04,H04,04H,5565,,,Leaf,CTAB
2021-07-13,plate 30,,plate 30_A05,A05,05A,5567,,,Leaf,CTAB
2021-07-13,plate 30,,plate 30_B05,B05,05B,5569,,,Leaf,CTAB
2021-07-13,plate 30,,plate 30_C05,C05,05C,5571,,,Leaf,CTAB
2021-07-13,plate 30,,plate 30_D05,D05,05D,5574,,,Leaf,CTAB
2021-07-13,plate 30,,plate 30_E05,E05,05E,5576,,,Leaf,CTAB
2021-07-13,plate 30,,plate 30_F05,F05,05F,5578,,,Leaf,CTAB
2021-07-13,plate 30,,plate 30_G05,G05,05G,5580,,,Leaf,CTAB
2021-07-13,plate 30,,plate 30_H05,H05,05H,5583,,,Leaf,CTAB
2021-07-13,plate 30,,plate 30_A06,A06,06A,5584,,,Leaf,CTAB
2021-07-13,plate 30,,plate 30_B06,B06,06B,5586,,,Leaf,CTAB
2021-07-13,plate 30,,plate 30_C06,C06,06C,5588,,,Leaf,CTAB
2021-07-13,plate 30,,plate 30_D06,D06,06D,5589,,,Leaf,CTAB
2021-07-13,plate 30,,plate 30_E06,E06,06E,5591,,,Leaf,CTAB
2021-07-13,plate 30,,plate 30_F06,F06,06F,5592,,,Leaf,CTAB
2021-07-13,plate 30,,plate 30_G06,G06,06G,5594,,,Leaf,CTAB
2021-07-13,plate 30,,plate 30_H06,H06,06H,5596,,,Leaf,CTAB
2021-07-13,plate 30,,plate 30_A07,A07,07A,5597,,,Leaf,CTAB
2021-07-13,plate 30,,plate 30_B07,B07,07B,5599,,,Leaf,CTAB
2021-07-13,plate 30,,plate 30_C07,C07,07C,5600,,,Leaf,CTAB
2021-07-13,plate 30,,plate 30_D07,D07,07D,5601,,,Leaf,CTAB
2021-07-13,plate 30,,plate 30_E07,E07,07E,5603,,,Leaf,CTAB
2021-07-13,plate 30,,plate 30_F07,F07,07F,5604,,,Leaf,CTAB
2021-07-13,plate 30,,plate 30_G07,G07,07G,5605,,,Leaf,CTAB
2021-07-13,plate 30,,plate 30_H07,H07,07H,5607,,,Leaf,CTAB
2021-07-13,plate 30,,plate 30_A08,A08,08A,5610,,,Leaf,CTAB
2021-07-13,plate 30,,plate 30_B08,B08,08B,5612,,,Leaf,CTAB
2021-07-13,plate 30,,plate 30_C08,C08,08C,5614,,,Leaf,CTAB
2021-07-13,plate 30,,plate 30_D08,D08,08D,5617,,,Leaf,CTAB
2021-07-13,plate 30,,plate 30_E08,E08,08E,5618,,,Leaf,CTAB
2021-07-13,plate 30,,plate 30_F08,F08,08F,5619,,,Leaf,CTAB
2021-07-13,plate 30,,plate 30_G08,G08,08G,5620,,,Leaf,CTAB
2021-07-13,plate 30,,plate 30_H08,H08,08H,5622,,,Leaf,CTAB
2021-07-13,plate 30,,plate 30_A09,A09,09A,5625,,,Leaf,CTAB
2021-07-13,plate 30,,plate 30_B09,B09,09B,5628,,,Leaf,CTAB
2021-07-13,plate 30,,plate 30_C09,C09,09C,5629,,,Leaf,CTAB
2021-07-13,plate 30,,plate 30_D09,D09,09D,5632,,,Leaf,CTAB
2021-07-13,plate 30,,plate 30_E09,E09,09E,5634,,,Leaf,CTAB
2021-07-13,plate 30,,plate 30_F09,F09,09F,5637,,,Leaf,CTAB
2021-07-13,plate 30,,plate 30_G09,G09,09G,5639,,,Leaf,CTAB
2021-07-13,plate 30,,plate 30_H09,H09,09H,5641,,,Leaf,CTAB
2021-07-13,plate 30,,plate 30_A10,A10,10A,5644,,,Leaf,CTAB
2021-07-13,plate 30,,plate 30_B10,B10,10B,5646,,,Leaf,CTAB
2021-07-13,plate 30,,plate 30_C10,C10,10C,5649,,,Leaf,CTAB
2021-07-13,plate 30,,plate 30_D10,D10,10D,5650,,,Leaf,CTAB
2021-07-13,plate 30,,plate 30_E10,E10,10E,5652,,,Leaf,CTAB
2021-07-13,plate 30,,plate 30_F10,F10,10F,5653,,,Leaf,CTAB
2021-07-13,plate 30,,plate 30_G10,G10,10G,5655,,,Leaf,CTAB
2021-07-13,plate 30,,plate 30_H10,H10,10H,5657,,,Leaf,CTAB
2021-07-13,plate 30,,plate 30_A11,A11,11A,5658,,,Leaf,CTAB
2021-07-13,plate 30,,plate 30_B11,B11,11B,5659,,,Leaf,CTAB
2021-07-13,plate 30,,plate 30_C11,C11,11C,5661,,,Leaf,CTAB
2021-07-13,plate 30,,plate 30_D11,D11,11D,5663,,,Leaf,CTAB
2021-07-13,plate 30,,plate 30_E11,E11,11E,5665,,,Leaf,CTAB
2021-07-13,plate 30,,plate 30_F11,F11,11F,5666,,,Leaf,CTAB
2021-07-13,plate 30,,plate 30_G11,G11,11G,5668,,,Leaf,CTAB
2021-07-13,plate 30,,plate 30_H11,H11,11H,BLANK_plate 30_H11,,,Leaf,CTAB
2021-07-13,plate 30,,plate 30_A12,A12,12A,5669,,,Leaf,CTAB
2021-07-13,plate 30,,plate 30_B12,B12,12B,5671,,,Leaf,CTAB
2021-07-13,plate 30,,plate 30_C12,C12,12C,5672,,,Leaf,CTAB
2021-07-13,plate 30,,plate 30_D12,D12,12D,5673,,,Leaf,CTAB
2021-07-13,plate 30,,plate 30_E12,E12,12E,5674,,,Leaf,CTAB
2021-07-13,plate 30,,plate 30_F12,F12,12F,5676,,,Leaf,CTAB
2021-07-13,plate 30,,plate 30_G12,G12,12G,5677,,,Leaf,CTAB
2021-07-13,plate 30,,plate 30_H12,H12,12H,BLANK_plate 30_H12,,,Leaf,CTAB
