date,plate_id,plate_name,sample_id,well_A01,well_01A,tissue_id,dna_person,notes,tissue_type,extraction
2021-07-12,Plate 23,Seren Plate 23,Plate 23_A01,A01,01A,4065,,,Leaf,CTAB
2021-07-12,Plate 23,Seren Plate 23,Plate 23_B01,B01,01B,4069,,,Leaf,CTAB
2021-07-12,Plate 23,Seren Plate 23,Plate 23_C01,C01,01C,4072,,,Leaf,CTAB
2021-07-12,Plate 23,Seren Plate 23,Plate 23_D01,D01,01D,4074,,,Leaf,CTAB
2021-07-12,Plate 23,Seren Plate 23,Plate 23_E01,E01,01E,4076,,,Leaf,CTAB
2021-07-12,Plate 23,Seren Plate 23,Plate 23_F01,F01,01F,4079,,,Leaf,CTAB
2021-07-12,Plate 23,Seren Plate 23,Plate 23_G01,G01,01G,4081,,,Leaf,CTAB
2021-07-12,Plate 23,Seren Plate 23,Plate 23_H01,H01,01H,4082,,,Leaf,CTAB
2021-07-12,Plate 23,Seren Plate 23,Plate 23_A02,A02,02A,4084,,,Leaf,CTAB
2021-07-12,Plate 23,Seren Plate 23,Plate 23_B02,B02,02B,4086,,,Leaf,CTAB
2021-07-12,Plate 23,Seren Plate 23,Plate 23_C02,C02,02C,4088,,,Leaf,CTAB
2021-07-12,Plate 23,Seren Plate 23,Plate 23_D02,D02,02D,4090,,,Leaf,CTAB
2021-07-12,Plate 23,Seren Plate 23,Plate 23_E02,E02,02E,4093,,,Leaf,CTAB
2021-07-12,Plate 23,Seren Plate 23,Plate 23_F02,F02,02F,4095,,,Leaf,CTAB
2021-07-12,Plate 23,Seren Plate 23,Plate 23_G02,G02,02G,4096,,,Leaf,CTAB
2021-07-12,Plate 23,Seren Plate 23,Plate 23_H02,H02,02H,4098,,,Leaf,CTAB
2021-07-12,Plate 23,Seren Plate 23,Plate 23_A03,A03,03A,4100,,,Leaf,CTAB
2021-07-12,Plate 23,Seren Plate 23,Plate 23_B03,B03,03B,4102,,,Leaf,CTAB
2021-07-12,Plate 23,Seren Plate 23,Plate 23_C03,C03,03C,4104,,,Leaf,CTAB
2021-07-12,Plate 23,Seren Plate 23,Plate 23_D03,D03,03D,4105,,,Leaf,CTAB
2021-07-12,Plate 23,Seren Plate 23,Plate 23_E03,E03,03E,4107,,,Leaf,CTAB
2021-07-12,Plate 23,Seren Plate 23,Plate 23_F03,F03,03F,4110,,,Leaf,CTAB
2021-07-12,Plate 23,Seren Plate 23,Plate 23_G03,G03,03G,4112,,,Leaf,CTAB
2021-07-12,Plate 23,Seren Plate 23,Plate 23_H03,H03,03H,4113,,,Leaf,CTAB
2021-07-12,Plate 23,Seren Plate 23,Plate 23_A04,A04,04A,4138,,,Leaf,CTAB
2021-07-12,Plate 23,Seren Plate 23,Plate 23_B04,B04,04B,4140,,,Leaf,CTAB
2021-07-12,Plate 23,Seren Plate 23,Plate 23_C04,C04,04C,4142,,,Leaf,CTAB
2021-07-12,Plate 23,Seren Plate 23,Plate 23_D04,D04,04D,4144,,,Leaf,CTAB
2021-07-12,Plate 23,Seren Plate 23,Plate 23_E04,E04,04E,4146,,,Leaf,CTAB
2021-07-12,Plate 23,Seren Plate 23,Plate 23_F04,F04,04F,4148,,,Leaf,CTAB
2021-07-12,Plate 23,Seren Plate 23,Plate 23_G04,G04,04G,4150,,,Leaf,CTAB
2021-07-12,Plate 23,Seren Plate 23,Plate 23_H04,H04,04H,4152,,,Leaf,CTAB
2021-07-12,Plate 23,Seren Plate 23,Plate 23_A05,A05,05A,4154,,,Leaf,CTAB
2021-07-12,Plate 23,Seren Plate 23,Plate 23_B05,B05,05B,4155,,,Leaf,CTAB
2021-07-12,Plate 23,Seren Plate 23,Plate 23_C05,C05,05C,4157,,,Leaf,CTAB
2021-07-12,Plate 23,Seren Plate 23,Plate 23_D05,D05,05D,4159,,,Leaf,CTAB
2021-07-12,Plate 23,Seren Plate 23,Plate 23_E05,E05,05E,4161,,,Leaf,CTAB
2021-07-12,Plate 23,Seren Plate 23,Plate 23_F05,F05,05F,4162,,,Leaf,CTAB
2021-07-12,Plate 23,Seren Plate 23,Plate 23_G05,G05,05G,4164,,,Leaf,CTAB
2021-07-12,Plate 23,Seren Plate 23,Plate 23_H05,H05,05H,4166,,,Leaf,CTAB
2021-07-12,Plate 23,Seren Plate 23,Plate 23_A06,A06,06A,4168,,,Leaf,CTAB
2021-07-12,Plate 23,Seren Plate 23,Plate 23_B06,B06,06B,4170,,,Leaf,CTAB
2021-07-12,Plate 23,Seren Plate 23,Plate 23_C06,C06,06C,4172,,,Leaf,CTAB
2021-07-12,Plate 23,Seren Plate 23,Plate 23_D06,D06,06D,4174,,,Leaf,CTAB
2021-07-12,Plate 23,Seren Plate 23,Plate 23_E06,E06,06E,4176,,,Leaf,CTAB
2021-07-12,Plate 23,Seren Plate 23,Plate 23_F06,F06,06F,4178,,,Leaf,CTAB
2021-07-12,Plate 23,Seren Plate 23,Plate 23_G06,G06,06G,4180,,,Leaf,CTAB
2021-07-12,Plate 23,Seren Plate 23,Plate 23_H06,H06,06H,4181,,,Leaf,CTAB
2021-07-12,Plate 23,Seren Plate 23,Plate 23_A07,A07,07A,4184,,,Leaf,CTAB
2021-07-12,Plate 23,Seren Plate 23,Plate 23_B07,B07,07B,4186,,,Leaf,CTAB
2021-07-12,Plate 23,Seren Plate 23,Plate 23_C07,C07,07C,4188,,,Leaf,CTAB
2021-07-12,Plate 23,Seren Plate 23,Plate 23_D07,D07,07D,4190,,,Leaf,CTAB
2021-07-12,Plate 23,Seren Plate 23,Plate 23_E07,E07,07E,4192,,,Leaf,CTAB
2021-07-12,Plate 23,Seren Plate 23,Plate 23_F07,F07,07F,4194,,,Leaf,CTAB
2021-07-12,Plate 23,Seren Plate 23,Plate 23_G07,G07,07G,4196,,,Leaf,CTAB
2021-07-12,Plate 23,Seren Plate 23,Plate 23_H07,H07,07H,4198,,,Leaf,CTAB
2021-07-12,Plate 23,Seren Plate 23,Plate 23_A08,A08,08A,4200,,,Leaf,CTAB
2021-07-12,Plate 23,Seren Plate 23,Plate 23_B08,B08,08B,4202,,,Leaf,CTAB
2021-07-12,Plate 23,Seren Plate 23,Plate 23_C08,C08,08C,4203,,,Leaf,CTAB
2021-07-12,Plate 23,Seren Plate 23,Plate 23_D08,D08,08D,4205,,,Leaf,CTAB
2021-07-12,Plate 23,Seren Plate 23,Plate 23_E08,E08,08E,4206,,,Leaf,CTAB
2021-07-12,Plate 23,Seren Plate 23,Plate 23_F08,F08,08F,4208,,,Leaf,CTAB
2021-07-12,Plate 23,Seren Plate 23,Plate 23_G08,G08,08G,4210,,,Leaf,CTAB
2021-07-12,Plate 23,Seren Plate 23,Plate 23_H08,H08,08H,4212,,,Leaf,CTAB
2021-07-12,Plate 23,Seren Plate 23,Plate 23_A09,A09,09A,4214,,,Leaf,CTAB
2021-07-12,Plate 23,Seren Plate 23,Plate 23_B09,B09,09B,4216,,,Leaf,CTAB
2021-07-12,Plate 23,Seren Plate 23,Plate 23_C09,C09,09C,4218,,,Leaf,CTAB
2021-07-12,Plate 23,Seren Plate 23,Plate 23_D09,D09,09D,4220,,,Leaf,CTAB
2021-07-12,Plate 23,Seren Plate 23,Plate 23_E09,E09,09E,4222,,,Leaf,CTAB
2021-07-12,Plate 23,Seren Plate 23,Plate 23_F09,F09,09F,4224,,,Leaf,CTAB
2021-07-12,Plate 23,Seren Plate 23,Plate 23_G09,G09,09G,4226,,,Leaf,CTAB
2021-07-12,Plate 23,Seren Plate 23,Plate 23_H09,H09,09H,4229,,,Leaf,CTAB
2021-07-12,Plate 23,Seren Plate 23,Plate 23_A10,A10,10A,4231,,,Leaf,CTAB
2021-07-12,Plate 23,Seren Plate 23,Plate 23_B10,B10,10B,4233,,,Leaf,CTAB
2021-07-12,Plate 23,Seren Plate 23,Plate 23_C10,C10,10C,4234,,,Leaf,CTAB
2021-07-12,Plate 23,Seren Plate 23,Plate 23_D10,D10,10D,4237,,,Leaf,CTAB
2021-07-12,Plate 23,Seren Plate 23,Plate 23_E10,E10,10E,4239,,,Leaf,CTAB
2021-07-12,Plate 23,Seren Plate 23,Plate 23_F10,F10,10F,4241,,,Leaf,CTAB
2021-07-12,Plate 23,Seren Plate 23,Plate 23_G10,G10,10G,4243,,,Leaf,CTAB
2021-07-12,Plate 23,Seren Plate 23,Plate 23_H10,H10,10H,4245,,,Leaf,CTAB
2021-07-12,Plate 23,Seren Plate 23,Plate 23_A11,A11,11A,4247,,,Leaf,CTAB
2021-07-12,Plate 23,Seren Plate 23,Plate 23_B11,B11,11B,4249,,,Leaf,CTAB
2021-07-12,Plate 23,Seren Plate 23,Plate 23_C11,C11,11C,4251,,,Leaf,CTAB
2021-07-12,Plate 23,Seren Plate 23,Plate 23_D11,D11,11D,4253,,,Leaf,CTAB
2021-07-12,Plate 23,Seren Plate 23,Plate 23_E11,E11,11E,4269,,,Leaf,CTAB
2021-07-12,Plate 23,Seren Plate 23,Plate 23_F11,F11,11F,4272,,,Leaf,CTAB
2021-07-12,Plate 23,Seren Plate 23,Plate 23_G11,G11,11G,4273,,,Leaf,CTAB
2021-07-12,Plate 23,Seren Plate 23,Plate 23_H11,H11,11H,BLANK_Plate 23_H11,,,Leaf,CTAB
2021-07-12,Plate 23,Seren Plate 23,Plate 23_A12,A12,12A,4274,,,Leaf,CTAB
2021-07-12,Plate 23,Seren Plate 23,Plate 23_B12,B12,12B,4275,,,Leaf,CTAB
2021-07-12,Plate 23,Seren Plate 23,Plate 23_C12,C12,12C,4276,,,Leaf,CTAB
2021-07-12,Plate 23,Seren Plate 23,Plate 23_D12,D12,12D,4277,,,Leaf,CTAB
2021-07-12,Plate 23,Seren Plate 23,Plate 23_E12,E12,12E,4278,,,Leaf,CTAB
2021-07-12,Plate 23,Seren Plate 23,Plate 23_F12,F12,12F,4279,,,Leaf,CTAB
2021-07-12,Plate 23,Seren Plate 23,Plate 23_G12,G12,12G,4280,,,Leaf,CTAB
2021-07-12,Plate 23,Seren Plate 23,Plate 23_H12,H12,12H,BLANK_Plate 23_H12,,,Leaf,CTAB
