date,plate_id,plate_name,sample_id,well_A01,well_01A,tissue_id,dna_person,notes,tissue_type,extraction
2021-07-09,Plate 15,Seren Plate 15,Plate 15_A01,A01,01A,21.GS.C6.SN.Student2.IB-plant2506-TMS21F2228P0045,,,Leaf,CTAB
2021-07-09,Plate 15,Seren Plate 15,Plate 15_B01,B01,01B,21.GS.C6.SN.Student2.IB-plant2508-TMS21F2228P0047,,,Leaf,CTAB
2021-07-09,Plate 15,Seren Plate 15,Plate 15_C01,C01,01C,21.GS.C6.SN.Student2.IB-plant2510-TMS21F2228P0049,,,Leaf,CTAB
2021-07-09,Plate 15,Seren Plate 15,Plate 15_D01,D01,01D,21.GS.C6.SN.Student2.IB-plant2512-TMS21F2228P0051,,,Leaf,CTAB
2021-07-09,Plate 15,Seren Plate 15,Plate 15_E01,E01,01E,2514,,,Leaf,CTAB
2021-07-09,Plate 15,Seren Plate 15,Plate 15_F01,F01,01F,21.GS.C6.SN.Student2.IB-plant2516-TMS21F2228P0055,,,Leaf,CTAB
2021-07-09,Plate 15,Seren Plate 15,Plate 15_G01,G01,01G,21.GS.C6.SN.Student2.IB-plant2518-TMS21F2228P0057,,,Leaf,CTAB
2021-07-09,Plate 15,Seren Plate 15,Plate 15_H01,H01,01H,21.GS.C6.SN.Student2.IB-plant2520-TMS21F2228P0059,,,Leaf,CTAB
2021-07-09,Plate 15,Seren Plate 15,Plate 15_A02,A02,02A,21.GS.C6.SN.Student2.IB-plant2522-TMS21F2228P0061,,,Leaf,CTAB
2021-07-09,Plate 15,Seren Plate 15,Plate 15_B02,B02,02B,21.GS.C6.SN.Student2.IB-plant2524-TMS21F2228P0063,,,Leaf,CTAB
2021-07-09,Plate 15,Seren Plate 15,Plate 15_C02,C02,02C,21.GS.C6.SN.Student2.IB-plant2526-TMS21F2228P0065,,,Leaf,CTAB
2021-07-09,Plate 15,Seren Plate 15,Plate 15_D02,D02,02D,2527,,,Leaf,CTAB
2021-07-09,Plate 15,Seren Plate 15,Plate 15_E02,E02,02E,21.GS.C6.SN.Student2.IB-plant2529-TMS21F2228P0068,,,Leaf,CTAB
2021-07-09,Plate 15,Seren Plate 15,Plate 15_F02,F02,02F,21.GS.C6.SN.Student2.IB-plant2532-TMS21F2228P0071,,,Leaf,CTAB
2021-07-09,Plate 15,Seren Plate 15,Plate 15_G02,G02,02G,21.GS.C6.SN.Student2.IB-plant2551-TMS21F2229P0002,,,Leaf,CTAB
2021-07-09,Plate 15,Seren Plate 15,Plate 15_H02,H02,02H,21.GS.C6.SN.Student2.IB-plant2553-TMS21F2229P0004,,,Leaf,CTAB
2021-07-09,Plate 15,Seren Plate 15,Plate 15_A03,A03,03A,21.GS.C6.SN.Student2.IB-plant2555-TMS21F2229P0006,,,Leaf,CTAB
2021-07-09,Plate 15,Seren Plate 15,Plate 15_B03,B03,03B,21.GS.C6.SN.Student2.IB-plant2557-TMS21F2229P0008,,,Leaf,CTAB
2021-07-09,Plate 15,Seren Plate 15,Plate 15_C03,C03,03C,21.GS.C6.SN.Student2.IB-plant2559-TMS21F2229P0010,,,Leaf,CTAB
2021-07-09,Plate 15,Seren Plate 15,Plate 15_D03,D03,03D,21.GS.C6.SN.Student2.IB-plant2561-TMS21F2229P0012,,,Leaf,CTAB
2021-07-09,Plate 15,Seren Plate 15,Plate 15_E03,E03,03E,21.GS.C6.SN.Student2.IB-plant2563-TMS21F2229P0014,,,Leaf,CTAB
2021-07-09,Plate 15,Seren Plate 15,Plate 15_F03,F03,03F,21.GS.C6.SN.Student2.IB-plant2565-TMS21F2229P0016,,,Leaf,CTAB
2021-07-09,Plate 15,Seren Plate 15,Plate 15_G03,G03,03G,21.GS.C6.SN.Student2.IB-plant2567-TMS21F2229P0018,,,Leaf,CTAB
2021-07-09,Plate 15,Seren Plate 15,Plate 15_H03,H03,03H,21.GS.C6.SN.Student2.IB-plant2569-TMS21F2229P0020,,,Leaf,CTAB
2021-07-09,Plate 15,Seren Plate 15,Plate 15_A04,A04,04A,21.GS.C6.SN.Student2.IB-plant2571-TMS21F2229P0022,,,Leaf,CTAB
2021-07-09,Plate 15,Seren Plate 15,Plate 15_B04,B04,04B,21.GS.C6.SN.Student2.IB-plant2573-TMS21F2229P0024,,,Leaf,CTAB
2021-07-09,Plate 15,Seren Plate 15,Plate 15_C04,C04,04C,21.GS.C6.SN.Student2.IB-plant2575-TMS21F2229P0026,,,Leaf,CTAB
2021-07-09,Plate 15,Seren Plate 15,Plate 15_D04,D04,04D,21.GS.C6.SN.Student2.IB-plant2577-TMS21F2229P0028,,,Leaf,CTAB
2021-07-09,Plate 15,Seren Plate 15,Plate 15_E04,E04,04E,21.GS.C6.SN.Student2.IB-plant2579-TMS21F2229P0030,,,Leaf,CTAB
2021-07-09,Plate 15,Seren Plate 15,Plate 15_F04,F04,04F,21.GS.C6.SN.Student2.IB-plant2581-TMS21F2229P0032,,,Leaf,CTAB
2021-07-09,Plate 15,Seren Plate 15,Plate 15_G04,G04,04G,2583,,,Leaf,CTAB
2021-07-09,Plate 15,Seren Plate 15,Plate 15_H04,H04,04H,21.GS.C6.SN.Student2.IB-plant2585-TMS21F2229P0036,,,Leaf,CTAB
2021-07-09,Plate 15,Seren Plate 15,Plate 15_A05,A05,05A,21.GS.C6.SN.Student2.IB-plant2587-TMS21F2229P0038,,,Leaf,CTAB
2021-07-09,Plate 15,Seren Plate 15,Plate 15_B05,B05,05B,21.GS.C6.SN.Student2.IB-plant2589-TMS21F2229P0040,,,Leaf,CTAB
2021-07-09,Plate 15,Seren Plate 15,Plate 15_C05,C05,05C,21.GS.C6.SN.Student2.IB-plant2590-TMS21F2229P0041,,,Leaf,CTAB
2021-07-09,Plate 15,Seren Plate 15,Plate 15_D05,D05,05D,21.GS.C6.SN.Student2.IB-plant2592-TMS21F2229P0043,,,Leaf,CTAB
2021-07-09,Plate 15,Seren Plate 15,Plate 15_E05,E05,05E,21.GS.C6.SN.Student2.IB-plant2594-TMS21F2229P0045,,,Leaf,CTAB
2021-07-09,Plate 15,Seren Plate 15,Plate 15_F05,F05,05F,21.GS.C6.SN.Student2.IB-plant2597-TMS21F2229P0048,,,Leaf,CTAB
2021-07-09,Plate 15,Seren Plate 15,Plate 15_G05,G05,05G,21.GS.C6.SN.Student2.IB-plant2599-TMS21F2229P0050,,,Leaf,CTAB
2021-07-09,Plate 15,Seren Plate 15,Plate 15_H05,H05,05H,21.GS.C6.SN.Student2.IB-plant2601-TMS21F2229P0052,,,Leaf,CTAB
2021-07-09,Plate 15,Seren Plate 15,Plate 15_A06,A06,06A,21.GS.C6.SN.Student2.IB-plant2602-TMS21F2229P0053,,,Leaf,CTAB
2021-07-09,Plate 15,Seren Plate 15,Plate 15_B06,B06,06B,21.GS.C6.SN.Student2.IB-plant2604-TMS21F2229P0055,,,Leaf,CTAB
2021-07-09,Plate 15,Seren Plate 15,Plate 15_C06,C06,06C,21.GS.C6.SN.Student2.IB-plant2606-TMS21F2229P0057,,,Leaf,CTAB
2021-07-09,Plate 15,Seren Plate 15,Plate 15_D06,D06,06D,21.GS.C6.SN.Student2.IB-plant2608-TMS21F2229P0059,,,Leaf,CTAB
2021-07-09,Plate 15,Seren Plate 15,Plate 15_E06,E06,06E,21.GS.C6.SN.Student2.IB-plant2610-TMS21F2229P0061,,,Leaf,CTAB
2021-07-09,Plate 15,Seren Plate 15,Plate 15_F06,F06,06F,21.GS.C6.SN.Student2.IB-plant2613-TMS21F2229P0064,,,Leaf,CTAB
2021-07-09,Plate 15,Seren Plate 15,Plate 15_G06,G06,06G,21.GS.C6.SN.Student2.IB-plant2612-TMS21F2229P0063,,,Leaf,CTAB
2021-07-09,Plate 15,Seren Plate 15,Plate 15_H06,H06,06H,21.GS.C6.SN.Student2.IB-plant2615-TMS21F2229P0066,,,Leaf,CTAB
2021-07-09,Plate 15,Seren Plate 15,Plate 15_A07,A07,07A,21.GS.C6.SN.Student2.IB-plant2617-TMS21F2229P0068,,,Leaf,CTAB
2021-07-09,Plate 15,Seren Plate 15,Plate 15_B07,B07,07B,21.GS.C6.SN.Student2.IB-plant2619-TMS21F2229P0070,,,Leaf,CTAB
2021-07-09,Plate 15,Seren Plate 15,Plate 15_C07,C07,07C,21.GS.C6.SN.Student2.IB-plant2622-TMS21F2229P0073,,,Leaf,CTAB
2021-07-09,Plate 15,Seren Plate 15,Plate 15_D07,D07,07D,21.GS.C6.SN.Student2.IB-plant2624-TMS21F2229P0075,,,Leaf,CTAB
2021-07-09,Plate 15,Seren Plate 15,Plate 15_E07,E07,07E,21.GS.C6.SN.Student2.IB-plant2626-TMS21F2229P0077,,,Leaf,CTAB
2021-07-09,Plate 15,Seren Plate 15,Plate 15_F07,F07,07F,21.GS.C6.SN.Student2.IB-plant2628-TMS21F2229P0079,,,Leaf,CTAB
2021-07-09,Plate 15,Seren Plate 15,Plate 15_G07,G07,07G,21.GS.C6.SN.Student2.IB-plant2630-TMS21F2229P0081,,,Leaf,CTAB
2021-07-09,Plate 15,Seren Plate 15,Plate 15_H07,H07,07H,2633,,,Leaf,CTAB
2021-07-09,Plate 15,Seren Plate 15,Plate 15_A08,A08,08A,2634,,,Leaf,CTAB
2021-07-09,Plate 15,Seren Plate 15,Plate 15_B08,B08,08B,21.GS.C6.SN.Student2.IB-plant2636-TMS21F2229P0087,,,Leaf,CTAB
2021-07-09,Plate 15,Seren Plate 15,Plate 15_C08,C08,08C,21.GS.C6.SN.Student2.IB-plant2638-TMS21F2229P0089,,,Leaf,CTAB
2021-07-09,Plate 15,Seren Plate 15,Plate 15_D08,D08,08D,21.GS.C6.SN.Student2.IB-plant2650-TMS21F2230P0001,,,Leaf,CTAB
2021-07-09,Plate 15,Seren Plate 15,Plate 15_E08,E08,08E,21.GS.C6.SN.Student2.IB-plant2651-TMS21F2230P0002,,,Leaf,CTAB
2021-07-09,Plate 15,Seren Plate 15,Plate 15_F08,F08,08F,21.GS.C6.SN.Student2.IB-plant2654-TMS21F2230P0005,,,Leaf,CTAB
2021-07-09,Plate 15,Seren Plate 15,Plate 15_G08,G08,08G,21.GS.C6.SN.Student2.IB-plant2656-TMS21F2230P0007,,,Leaf,CTAB
2021-07-09,Plate 15,Seren Plate 15,Plate 15_H08,H08,08H,21.GS.C6.SN.Student2.IB-plant2658-TMS21F2230P0009,,,Leaf,CTAB
2021-07-09,Plate 15,Seren Plate 15,Plate 15_A09,A09,09A,21.GS.C6.SN.Student2.IB-plant2660-TMS21F2230P0011,,,Leaf,CTAB
2021-07-09,Plate 15,Seren Plate 15,Plate 15_B09,B09,09B,21.GS.C6.SN.Student2.IB-plant2662-TMS21F2230P0013,,,Leaf,CTAB
2021-07-09,Plate 15,Seren Plate 15,Plate 15_C09,C09,09C,21.GS.C6.SN.Student2.IB-plant2664-TMS21F2230P0015,,,Leaf,CTAB
2021-07-09,Plate 15,Seren Plate 15,Plate 15_D09,D09,09D,21.GS.C6.SN.Student2.IB-plant2666-TMS21F2230P0017,,,Leaf,CTAB
2021-07-09,Plate 15,Seren Plate 15,Plate 15_E09,E09,09E,21.GS.C6.SN.Student2.IB-plant2668-TMS21F2230P0019,,,Leaf,CTAB
2021-07-09,Plate 15,Seren Plate 15,Plate 15_F09,F09,09F,21.GS.C6.SN.Student2.IB-plant2669-TMS21F2230P0020,,,Leaf,CTAB
2021-07-09,Plate 15,Seren Plate 15,Plate 15_G09,G09,09G,21.GS.C6.SN.Student2.IB-plant2671-TMS21F2230P0022,,,Leaf,CTAB
2021-07-09,Plate 15,Seren Plate 15,Plate 15_H09,H09,09H,21.GS.C6.SN.Student2.IB-plant2672-TMS21F2230P0023,,,Leaf,CTAB
2021-07-09,Plate 15,Seren Plate 15,Plate 15_A10,A10,10A,21.GS.C6.SN.Student2.IB-plant2673-TMS21F2230P0024,,,Leaf,CTAB
2021-07-09,Plate 15,Seren Plate 15,Plate 15_B10,B10,10B,21.GS.C6.SN.Student2.IB-plant2674-TMS21F2230P0025,,,Leaf,CTAB
2021-07-09,Plate 15,Seren Plate 15,Plate 15_C10,C10,10C,21.GS.C6.SN.Student2.IB-plant2675-TMS21F2230P0026,,,Leaf,CTAB
2021-07-09,Plate 15,Seren Plate 15,Plate 15_D10,D10,10D,21.GS.C6.SN.Student2.IB-plant2676-TMS21F2230P0027,,,Leaf,CTAB
2021-07-09,Plate 15,Seren Plate 15,Plate 15_E10,E10,10E,21.GS.C6.SN.Student2.IB-plant2677-TMS21F2230P0028,,,Leaf,CTAB
2021-07-09,Plate 15,Seren Plate 15,Plate 15_F10,F10,10F,21.GS.C6.SN.Student2.IB-plant2678-TMS21F2230P0029,,,Leaf,CTAB
2021-07-09,Plate 15,Seren Plate 15,Plate 15_G10,G10,10G,21.GS.C6.SN.Student2.IB-plant2679-TMS21F2230P0030,,,Leaf,CTAB
2021-07-09,Plate 15,Seren Plate 15,Plate 15_H10,H10,10H,21.GS.C6.SN.Student2.IB-plant2680-TMS21F2230P0031,,,Leaf,CTAB
2021-07-09,Plate 15,Seren Plate 15,Plate 15_A11,A11,11A,21.GS.C6.SN.Student2.IB-plant2681-TMS21F2230P0032,,,Leaf,CTAB
2021-07-09,Plate 15,Seren Plate 15,Plate 15_B11,B11,11B,21.GS.C6.SN.Student2.IB-plant2682-TMS21F2230P0033,,,Leaf,CTAB
2021-07-09,Plate 15,Seren Plate 15,Plate 15_C11,C11,11C,21.GS.C6.SN.Student2.IB-plant2684-TMS21F2230P0035,,,Leaf,CTAB
2021-07-09,Plate 15,Seren Plate 15,Plate 15_D11,D11,11D,21.GS.C6.SN.Student2.IB-plant2685-TMS21F2230P0036,,,Leaf,CTAB
2021-07-09,Plate 15,Seren Plate 15,Plate 15_E11,E11,11E,21.GS.C6.SN.Student2.IB-plant2686-TMS21F2230P0037,,,Leaf,CTAB
2021-07-09,Plate 15,Seren Plate 15,Plate 15_F11,F11,11F,21.GS.C6.SN.Student2.IB-plant2687-TMS21F2230P0038,,,Leaf,CTAB
2021-07-09,Plate 15,Seren Plate 15,Plate 15_G11,G11,11G,21.GS.C6.SN.Student2.IB-plant2688-TMS21F2230P0039,,,Leaf,CTAB
2021-07-09,Plate 15,Seren Plate 15,Plate 15_H11,H11,11H,BLANK_Plate 15_H11,,,Leaf,CTAB
2021-07-09,Plate 15,Seren Plate 15,Plate 15_A12,A12,12A,21.GS.C6.SN.Student2.IB-plant2689-TMS21F2230P0040,,,Leaf,CTAB
2021-07-09,Plate 15,Seren Plate 15,Plate 15_B12,B12,12B,21.GS.C6.SN.Student2.IB-plant2690-TMS21F2230P0041,,,Leaf,CTAB
2021-07-09,Plate 15,Seren Plate 15,Plate 15_C12,C12,12C,21.GS.C6.SN.Student2.IB-plant2691-TMS21F2230P0042,,,Leaf,CTAB
2021-07-09,Plate 15,Seren Plate 15,Plate 15_D12,D12,12D,21.GS.C6.SN.Student2.IB-plant2692-TMS21F2230P0043,,,Leaf,CTAB
2021-07-09,Plate 15,Seren Plate 15,Plate 15_E12,E12,12E,21.GS.C6.SN.Student2.IB-plant2693-TMS21F2230P0044,,,Leaf,CTAB
2021-07-09,Plate 15,Seren Plate 15,Plate 15_F12,F12,12F,21.GS.C6.SN.Student2.IB-plant2694-TMS21F2230P0045,,,Leaf,CTAB
2021-07-09,Plate 15,Seren Plate 15,Plate 15_G12,G12,12G,21.GS.C6.SN.Student2.IB-plant2695-TMS21F2230P0046,,,Leaf,CTAB
2021-07-09,Plate 15,Seren Plate 15,Plate 15_H12,H12,12H,BLANK_Plate 15_H12,,,Leaf,CTAB
