date,plate_id,plate_name,sample_id,well_A01,well_01A,tissue_id,dna_person,notes,tissue_type,extraction
2021-07-07,Plate 6,Seren Plate 6,Plate 6_A01,A01,01A,21.GS.C6.SN.Student2.IB-plant851-TMS21F2044P0033,,,Leaf,CTAB
2021-07-07,Plate 6,Seren Plate 6,Plate 6_B01,B01,01B,21.GS.C6.SN.Student2.IB-plant856-TMS21F2045P0002,,,Leaf,CTAB
2021-07-07,Plate 6,Seren Plate 6,Plate 6_C01,C01,01C,21.GS.C6.SN.Student2.IB-plant858-TMS21F2045P0004,,,Leaf,CTAB
2021-07-07,Plate 6,Seren Plate 6,Plate 6_D01,D01,01D,21.GS.C6.SN.Student2.IB-plant860-TMS21F2045P0006,,,Leaf,CTAB
2021-07-07,Plate 6,Seren Plate 6,Plate 6_E01,E01,01E,21.GS.C6.SN.Student2.IB-plant861-TMS21F2045P0007,,,Leaf,CTAB
2021-07-07,Plate 6,Seren Plate 6,Plate 6_F01,F01,01F,21.GS.C6.SN.Student2.IB-plant862-TMS21F2045P0008,,,Leaf,CTAB
2021-07-07,Plate 6,Seren Plate 6,Plate 6_G01,G01,01G,21.GS.C6.SN.Student2.IB-plant864-TMS21F2045P0010,,,Leaf,CTAB
2021-07-07,Plate 6,Seren Plate 6,Plate 6_H01,H01,01H,21.GS.C6.SN.Student2.IB-plant866-TMS21F2045P0012,,,Leaf,CTAB
2021-07-07,Plate 6,Seren Plate 6,Plate 6_A02,A02,02A,21.GS.C6.SN.Student2.IB-plant868-TMS21F2045P0014,,,Leaf,CTAB
2021-07-07,Plate 6,Seren Plate 6,Plate 6_B02,B02,02B,21.GS.C6.SN.Student2.IB-plant870-TMS21F2045P0016,,,Leaf,CTAB
2021-07-07,Plate 6,Seren Plate 6,Plate 6_C02,C02,02C,21.GS.C6.SN.Student2.IB-plant873-TMS21F2045P0019,,,Leaf,CTAB
2021-07-07,Plate 6,Seren Plate 6,Plate 6_D02,D02,02D,21.GS.C6.SN.Student2.IB-plant875-TMS21F2045P0021,,,Leaf,CTAB
2021-07-07,Plate 6,Seren Plate 6,Plate 6_E02,E02,02E,21.GS.C6.SN.Student2.IB-plant876-TMS21F2045P0022,,,Leaf,CTAB
2021-07-07,Plate 6,Seren Plate 6,Plate 6_F02,F02,02F,21.GS.C6.SN.Student2.IB-plant879-TMS21F2045P0025,,,Leaf,CTAB
2021-07-07,Plate 6,Seren Plate 6,Plate 6_G02,G02,02G,21.GS.C6.SN.Student2.IB-plant881-TMS21F2045P0027,,,Leaf,CTAB
2021-07-07,Plate 6,Seren Plate 6,Plate 6_H02,H02,02H,21.GS.C6.SN.Student2.IB-plant883-TMS21F2045P0029,,,Leaf,CTAB
2021-07-07,Plate 6,Seren Plate 6,Plate 6_A03,A03,03A,21.GS.C6.SN.Student2.IB-plant886-TMS21F2045P0032,,,Leaf,CTAB
2021-07-07,Plate 6,Seren Plate 6,Plate 6_B03,B03,03B,21.GS.C6.SN.Student2.IB-plant888-TMS21F2045P0034,,,Leaf,CTAB
2021-07-07,Plate 6,Seren Plate 6,Plate 6_C03,C03,03C,21.GS.C6.SN.Student2.IB-plant890-TMS21F2045P0036,,,Leaf,CTAB
2021-07-07,Plate 6,Seren Plate 6,Plate 6_D03,D03,03D,21.GS.C6.SN.Student2.IB-plant892-TMS21F2045P0038,,,Leaf,CTAB
2021-07-07,Plate 6,Seren Plate 6,Plate 6_E03,E03,03E,21.GS.C6.SN.Student2.IB-plant894-TMS21F2045P0040,,,Leaf,CTAB
2021-07-07,Plate 6,Seren Plate 6,Plate 6_F03,F03,03F,21.GS.C6.SN.Student2.IB-plant896-TMS21F2045P0042,,,Leaf,CTAB
2021-07-07,Plate 6,Seren Plate 6,Plate 6_G03,G03,03G,21.GS.C6.SN.Student2.IB-plant898-TMS21F2045P0044,,,Leaf,CTAB
2021-07-07,Plate 6,Seren Plate 6,Plate 6_H03,H03,03H,21.GS.C6.SN.Student2.IB-plant900-TMS21F2045P0046,,,Leaf,CTAB
2021-07-07,Plate 6,Seren Plate 6,Plate 6_A04,A04,04A,21.GS.C6.SN.Student2.IB-plant902-TMS21F2045P0048,,,Leaf,CTAB
2021-07-07,Plate 6,Seren Plate 6,Plate 6_B04,B04,04B,21.GS.C6.SN.Student2.IB-plant905-TMS21F2045P0051,,,Leaf,CTAB
2021-07-07,Plate 6,Seren Plate 6,Plate 6_C04,C04,04C,21.GS.C6.SN.Student2.IB-plant907-TMS21F2045P0053,,,Leaf,CTAB
2021-07-07,Plate 6,Seren Plate 6,Plate 6_D04,D04,04D,21.GS.C6.SN.Student2.IB-plant909-TMS21F2045P0055,,,Leaf,CTAB
2021-07-07,Plate 6,Seren Plate 6,Plate 6_E04,E04,04E,21.GS.C6.SN.Student2.IB-plant911-TMS21F2045P0057,,,Leaf,CTAB
2021-07-07,Plate 6,Seren Plate 6,Plate 6_F04,F04,04F,21.GS.C6.SN.Student2.IB-plant912-TMS21F2045P0058,,,Leaf,CTAB
2021-07-07,Plate 6,Seren Plate 6,Plate 6_G04,G04,04G,21.GS.C6.SN.Student2.IB-plant915-TMS21F2045P0061,,,Leaf,CTAB
2021-07-07,Plate 6,Seren Plate 6,Plate 6_H04,H04,04H,21.GS.C6.SN.Student2.IB-plant918-TMS21F2046P0001,,,Leaf,CTAB
2021-07-07,Plate 6,Seren Plate 6,Plate 6_A05,A05,05A,21.GS.C6.SN.Student2.IB-plant920-TMS21F2046P0003,,,Leaf,CTAB
2021-07-07,Plate 6,Seren Plate 6,Plate 6_B05,B05,05B,21.GS.C6.SN.Student2.IB-plant921-TMS21F2046P0004,,,Leaf,CTAB
2021-07-07,Plate 6,Seren Plate 6,Plate 6_C05,C05,05C,21.GS.C6.SN.Student2.IB-plant924-TMS21F2047P0001,,,Leaf,CTAB
2021-07-07,Plate 6,Seren Plate 6,Plate 6_D05,D05,05D,21.GS.C6.SN.Student2.IB-plant928-TMS21F2048P0001,,,Leaf,CTAB
2021-07-07,Plate 6,Seren Plate 6,Plate 6_E05,E05,05E,21.GS.C6.SN.Student2.IB-plant930-TMS21F2048P0003,,,Leaf,CTAB
2021-07-07,Plate 6,Seren Plate 6,Plate 6_F05,F05,05F,21.GS.C6.SN.Student2.IB-plant932-TMS21F2048P0005,,,Leaf,CTAB
2021-07-07,Plate 6,Seren Plate 6,Plate 6_G05,G05,05G,21.GS.C6.SN.Student2.IB-plant935-TMS21F2049P0001,,,Leaf,CTAB
2021-07-07,Plate 6,Seren Plate 6,Plate 6_H05,H05,05H,21.GS.C6.SN.Student2.IB-plant938-TMS21F2049P0004,,,Leaf,CTAB
2021-07-07,Plate 6,Seren Plate 6,Plate 6_A06,A06,06A,939,,,Leaf,CTAB
2021-07-07,Plate 6,Seren Plate 6,Plate 6_B06,B06,06B,21.GS.C6.SN.Student2.IB-plant941-TMS21F2049P0007,,,Leaf,CTAB
2021-07-07,Plate 6,Seren Plate 6,Plate 6_C06,C06,06C,21.GS.C6.SN.Student2.IB-plant942-TMS21F2050P0001,,,Leaf,CTAB
2021-07-07,Plate 6,Seren Plate 6,Plate 6_D06,D06,06D,21.GS.C6.SN.Student2.IB-plant945-TMS21F2051P0001,,,Leaf,CTAB
2021-07-07,Plate 6,Seren Plate 6,Plate 6_E06,E06,06E,21.GS.C6.SN.Student2.IB-plant947-TMS21F2052P0002,,,Leaf,CTAB
2021-07-07,Plate 6,Seren Plate 6,Plate 6_F06,F06,06F,949,,,Leaf,CTAB
2021-07-07,Plate 6,Seren Plate 6,Plate 6_G06,G06,06G,21.GS.C6.SN.Student2.IB-plant951-TMS21F2054P0002,,,Leaf,CTAB
2021-07-07,Plate 6,Seren Plate 6,Plate 6_H06,H06,06H,21.GS.C6.SN.Student2.IB-plant953-TMS21F2054P0004,,,Leaf,CTAB
2021-07-07,Plate 6,Seren Plate 6,Plate 6_A07,A07,07A,21.GS.C6.SN.Student2.IB-plant955-TMS21F2054P0006,,,Leaf,CTAB
2021-07-07,Plate 6,Seren Plate 6,Plate 6_B07,B07,07B,21.GS.C6.SN.Student2.IB-plant957-TMS21F2054P0008,,,Leaf,CTAB
2021-07-07,Plate 6,Seren Plate 6,Plate 6_C07,C07,07C,21.GS.C6.SN.Student2.IB-plant959-TMS21F2054P0010,,,Leaf,CTAB
2021-07-07,Plate 6,Seren Plate 6,Plate 6_D07,D07,07D,21.GS.C6.SN.Student2.IB-plant962-TMS21F2054P0013,,,Leaf,CTAB
2021-07-07,Plate 6,Seren Plate 6,Plate 6_E07,E07,07E,21.GS.C6.SN.Student2.IB-plant964-TMS21F2054P0015,,,Leaf,CTAB
2021-07-07,Plate 6,Seren Plate 6,Plate 6_F07,F07,07F,21.GS.C6.SN.Student2.IB-plant967-TMS21F2054P0018,,,Leaf,CTAB
2021-07-07,Plate 6,Seren Plate 6,Plate 6_G07,G07,07G,21.GS.C6.SN.Student2.IB-plant969-TMS21F2054P0020,,,Leaf,CTAB
2021-07-07,Plate 6,Seren Plate 6,Plate 6_H07,H07,07H,21.GS.C6.SN.Student2.IB-plant971-TMS21F2054P0022,,,Leaf,CTAB
2021-07-07,Plate 6,Seren Plate 6,Plate 6_A08,A08,08A,21.GS.C6.SN.Student2.IB-plant973-TMS21F2054P0024,,,Leaf,CTAB
2021-07-07,Plate 6,Seren Plate 6,Plate 6_B08,B08,08B,21.GS.C6.SN.Student2.IB-plant975-TMS21F2054P0026,,,Leaf,CTAB
2021-07-07,Plate 6,Seren Plate 6,Plate 6_C08,C08,08C,21.GS.C6.SN.Student2.IB-plant977-TMS21F2054P0028,,,Leaf,CTAB
2021-07-07,Plate 6,Seren Plate 6,Plate 6_D08,D08,08D,21.GS.C6.SN.Student2.IB-plant987-TMS21F2055P0001,,,Leaf,CTAB
2021-07-07,Plate 6,Seren Plate 6,Plate 6_E08,E08,08E,989,,,Leaf,CTAB
2021-07-07,Plate 6,Seren Plate 6,Plate 6_F08,F08,08F,21.GS.C6.SN.Student2.IB-plant991-TMS21F2055P0005,,,Leaf,CTAB
2021-07-07,Plate 6,Seren Plate 6,Plate 6_G08,G08,08G,21.GS.C6.SN.Student2.IB-plant992-TMS21F2055P0006,,,Leaf,CTAB
2021-07-07,Plate 6,Seren Plate 6,Plate 6_H08,H08,08H,21.GS.C6.SN.Student2.IB-plant994-TMS21F2055P0008,,,Leaf,CTAB
2021-07-07,Plate 6,Seren Plate 6,Plate 6_A09,A09,09A,21.GS.C6.SN.Student2.IB-plant997-TMS21F2055P0011,,,Leaf,CTAB
2021-07-07,Plate 6,Seren Plate 6,Plate 6_B09,B09,09B,21.GS.C6.SN.Student2.IB-plant999-TMS21F2055P0013,,,Leaf,CTAB
2021-07-07,Plate 6,Seren Plate 6,Plate 6_C09,C09,09C,21.GS.C6.SN.Student2.IB-plant865-TMS21F2045P0011,,,Leaf,CTAB
2021-07-07,Plate 6,Seren Plate 6,Plate 6_D09,D09,09D,21.GS.C6.SN.Student2.IB-plant867-TMS21F2045P0013,,,Leaf,CTAB
2021-07-07,Plate 6,Seren Plate 6,Plate 6_E09,E09,09E,21.GS.C6.SN.Student2.IB-plant869-TMS21F2045P0015,,,Leaf,CTAB
2021-07-07,Plate 6,Seren Plate 6,Plate 6_F09,F09,09F,21.GS.C6.SN.Student2.IB-plant871-TMS21F2045P0017,,,Leaf,CTAB
2021-07-07,Plate 6,Seren Plate 6,Plate 6_G09,G09,09G,21.GS.C6.SN.Student2.IB-plant872-TMS21F2045P0018,,,Leaf,CTAB
2021-07-07,Plate 6,Seren Plate 6,Plate 6_H09,H09,09H,21.GS.C6.SN.Student2.IB-plant874-TMS21F2045P0020,,,Leaf,CTAB
2021-07-07,Plate 6,Seren Plate 6,Plate 6_A10,A10,10A,21.GS.C6.SN.Student2.IB-plant880-TMS21F2045P0026,,,Leaf,CTAB
2021-07-07,Plate 6,Seren Plate 6,Plate 6_B10,B10,10B,21.GS.C6.SN.Student2.IB-plant882-TMS21F2045P0028,,,Leaf,CTAB
2021-07-07,Plate 6,Seren Plate 6,Plate 6_C10,C10,10C,21.GS.C6.SN.Student2.IB-plant887-TMS21F2045P0033,,,Leaf,CTAB
2021-07-07,Plate 6,Seren Plate 6,Plate 6_D10,D10,10D,21.GS.C6.SN.Student2.IB-plant889-TMS21F2045P0035,,,Leaf,CTAB
2021-07-07,Plate 6,Seren Plate 6,Plate 6_E10,E10,10E,21.GS.C6.SN.Student2.IB-plant891-TMS21F2045P0037,,,Leaf,CTAB
2021-07-07,Plate 6,Seren Plate 6,Plate 6_F10,F10,10F,21.GS.C6.SN.Student2.IB-plant893-TMS21F2045P0039,,,Leaf,CTAB
2021-07-07,Plate 6,Seren Plate 6,Plate 6_G10,G10,10G,21.GS.C6.SN.Student2.IB-plant895-TMS21F2045P0041,,,Leaf,CTAB
2021-07-07,Plate 6,Seren Plate 6,Plate 6_H10,H10,10H,21.GS.C6.SN.Student2.IB-plant897-TMS21F2045P0043,,,Leaf,CTAB
2021-07-07,Plate 6,Seren Plate 6,Plate 6_A11,A11,11A,21.GS.C6.SN.Student2.IB-plant899-TMS21F2045P0045,,,Leaf,CTAB
2021-07-07,Plate 6,Seren Plate 6,Plate 6_B11,B11,11B,21.GS.C6.SN.Student2.IB-plant906-TMS21F2045P0052,,,Leaf,CTAB
2021-07-07,Plate 6,Seren Plate 6,Plate 6_C11,C11,11C,21.GS.C6.SN.Student2.IB-plant908-TMS21F2045P0054,,,Leaf,CTAB
2021-07-07,Plate 6,Seren Plate 6,Plate 6_D11,D11,11D,21.GS.C6.SN.Student2.IB-plant910-TMS21F2045P0056,,,Leaf,CTAB
2021-07-07,Plate 6,Seren Plate 6,Plate 6_E11,E11,11E,21.GS.C6.SN.Student2.IB-plant916-TMS21F2045P0062,,,Leaf,CTAB
2021-07-07,Plate 6,Seren Plate 6,Plate 6_F11,F11,11F,21.GS.C6.SN.Student2.IB-plant919-TMS21F2046P0002,,,Leaf,CTAB
2021-07-07,Plate 6,Seren Plate 6,Plate 6_G11,G11,11G,21.GS.C6.SN.Student2.IB-plant922-TMS21F2046P0005,,,Leaf,CTAB
2021-07-07,Plate 6,Seren Plate 6,Plate 6_H11,H11,11H,BLANK_Plate 6_H11,,,Leaf,CTAB
2021-07-07,Plate 6,Seren Plate 6,Plate 6_A12,A12,12A,21.GS.C6.SN.Student2.IB-plant929-TMS21F2048P0002,,,Leaf,CTAB
2021-07-07,Plate 6,Seren Plate 6,Plate 6_B12,B12,12B,21.GS.C6.SN.Student2.IB-plant931-TMS21F2048P0004,,,Leaf,CTAB
2021-07-07,Plate 6,Seren Plate 6,Plate 6_C12,C12,12C,01661817,,,Leaf,CTAB
2021-07-07,Plate 6,Seren Plate 6,Plate 6_D12,D12,12D,946,,,Leaf,CTAB
2021-07-07,Plate 6,Seren Plate 6,Plate 6_E12,E12,12E,21.GS.C6.SN.Student2.IB-plant956-TMS21F2054P0007,,,Leaf,CTAB
2021-07-07,Plate 6,Seren Plate 6,Plate 6_F12,F12,12F,958,,,Leaf,CTAB
2021-07-07,Plate 6,Seren Plate 6,Plate 6_G12,G12,12G,960,,,Leaf,CTAB
2021-07-07,Plate 6,Seren Plate 6,Plate 6_H12,H12,12H,BLANK_Plate 6_H12,,,Leaf,CTAB
