date,plate_id,plate_name,sample_id,well_A01,well_01A,tissue_id,dna_person,notes,tissue_type,extraction
2021-07-08,Plate 8,Seren Plate 8,Plate 8_A01,A01,01A,21.GS.C6.SN.Student2.IB-plant1195-TMS21F2078P0005,,,Leaf,CTAB
2021-07-08,Plate 8,Seren Plate 8,Plate 8_B01,B01,01B,21.GS.C6.SN.Student2.IB-plant1198-TMS21F2079P0002,,,Leaf,CTAB
2021-07-08,Plate 8,Seren Plate 8,Plate 8_C01,C01,01C,21.GS.C6.SN.Student2.IB-plant1201-TMS21F2079P0005,,,Leaf,CTAB
2021-07-08,Plate 8,Seren Plate 8,Plate 8_D01,D01,01D,21.GS.C6.SN.Student2.IB-plant1203-TMS21F2079P0007,,,Leaf,CTAB
2021-07-08,Plate 8,Seren Plate 8,Plate 8_E01,E01,01E,21.GS.C6.SN.Student2.IB-plant1205-TMS21F2079P0009,,,Leaf,CTAB
2021-07-08,Plate 8,Seren Plate 8,Plate 8_F01,F01,01F,1207,,,Leaf,CTAB
2021-07-08,Plate 8,Seren Plate 8,Plate 8_G01,G01,01G,21.GS.C6.SN.Student2.IB-plant1210-TMS21F2080P0001,,,Leaf,CTAB
2021-07-08,Plate 8,Seren Plate 8,Plate 8_H01,H01,01H,21.GS.C6.SN.Student2.IB-plant1212-TMS21F2080P0003,,,Leaf,CTAB
2021-07-08,Plate 8,Seren Plate 8,Plate 8_A02,A02,02A,21.GS.C6.SN.Student2.IB-plant1214-TMS21F2080P0005,,,Leaf,CTAB
2021-07-08,Plate 8,Seren Plate 8,Plate 8_B02,B02,02B,21.GS.C6.SN.Student2.IB-plant1216-TMS21F2081P0002,,,Leaf,CTAB
2021-07-08,Plate 8,Seren Plate 8,Plate 8_C02,C02,02C,21.GS.C6.SN.Student2.IB-plant1218-TMS21F2081P0004,,,Leaf,CTAB
2021-07-08,Plate 8,Seren Plate 8,Plate 8_D02,D02,02D,21.GS.C6.SN.Student2.IB-plant1220-TMS21F2081P0006,,,Leaf,CTAB
2021-07-08,Plate 8,Seren Plate 8,Plate 8_E02,E02,02E,21.GS.C6.SN.Student2.IB-plant1222-TMS21F2082P0001,,,Leaf,CTAB
2021-07-08,Plate 8,Seren Plate 8,Plate 8_F02,F02,02F,21.GS.C6.SN.Student2.IB-plant1224-TMS21F2082P0003,,,Leaf,CTAB
2021-07-08,Plate 8,Seren Plate 8,Plate 8_G02,G02,02G,21.GS.C6.SN.Student2.IB-plant1225-TMS21F2082P0004,,,Leaf,CTAB
2021-07-08,Plate 8,Seren Plate 8,Plate 8_H02,H02,02H,21.GS.C6.SN.Student2.IB-plant1227-TMS21F2082P0006,,,Leaf,CTAB
2021-07-08,Plate 8,Seren Plate 8,Plate 8_A03,A03,03A,21.GS.C6.SN.Student2.IB-plant1229-TMS21F2082P0008,,,Leaf,CTAB
2021-07-08,Plate 8,Seren Plate 8,Plate 8_B03,B03,03B,21.GS.C6.SN.Student2.IB-plant1231-TMS21F2082P0010,,,Leaf,CTAB
2021-07-08,Plate 8,Seren Plate 8,Plate 8_C03,C03,03C,21.GS.C6.SN.Student2.IB-plant1234-TMS21F2083P0002,,,Leaf,CTAB
2021-07-08,Plate 8,Seren Plate 8,Plate 8_D03,D03,03D,14473803,,,Leaf,CTAB
2021-07-08,Plate 8,Seren Plate 8,Plate 8_E03,E03,03E,21.GS.C6.SN.Student2.IB-plant1238-TMS21F2083P0006,,,Leaf,CTAB
2021-07-08,Plate 8,Seren Plate 8,Plate 8_F03,F03,03F,21.GS.C6.SN.Student2.IB-plant1240-TMS21F2083P0008,,,Leaf,CTAB
2021-07-08,Plate 8,Seren Plate 8,Plate 8_G03,G03,03G,21.GS.C6.SN.Student2.IB-plant1242-TMS21F2083P0010,,,Leaf,CTAB
2021-07-08,Plate 8,Seren Plate 8,Plate 8_H03,H03,03H,21.GS.C6.SN.Student2.IB-plant1244-TMS21F2083P0012,,,Leaf,CTAB
2021-07-08,Plate 8,Seren Plate 8,Plate 8_A04,A04,04A,21.GS.C6.SN.Student2.IB-plant1246-TMS21F2083P0014,,,Leaf,CTAB
2021-07-08,Plate 8,Seren Plate 8,Plate 8_B04,B04,04B,21.GS.C6.SN.Student2.IB-plant1248-TMS21F2083P0016,,,Leaf,CTAB
2021-07-08,Plate 8,Seren Plate 8,Plate 8_C04,C04,04C,21.GS.C6.SN.Student2.IB-plant1250-TMS21F2083P0018,,,Leaf,CTAB
2021-07-08,Plate 8,Seren Plate 8,Plate 8_D04,D04,04D,21.GS.C6.SN.Student2.IB-plant1253-TMS21F2083P0021,,,Leaf,CTAB
2021-07-08,Plate 8,Seren Plate 8,Plate 8_E04,E04,04E,21.GS.C6.SN.Student2.IB-plant1255-TMS21F2083P0023,,,Leaf,CTAB
2021-07-08,Plate 8,Seren Plate 8,Plate 8_F04,F04,04F,21.GS.C6.SN.Student2.IB-plant1257-TMS21F2083P0025,,,Leaf,CTAB
2021-07-08,Plate 8,Seren Plate 8,Plate 8_G04,G04,04G,21.GS.C6.SN.Student2.IB-plant1259-TMS21F2083P0027,,,Leaf,CTAB
2021-07-08,Plate 8,Seren Plate 8,Plate 8_H04,H04,04H,21.GS.C6.SN.Student2.IB-plant1261-TMS21F2083P0029,,,Leaf,CTAB
2021-07-08,Plate 8,Seren Plate 8,Plate 8_A05,A05,05A,21.GS.C6.SN.Student2.IB-plant1262-TMS21F2083P0030,,,Leaf,CTAB
2021-07-08,Plate 8,Seren Plate 8,Plate 8_B05,B05,05B,18032086,,,Leaf,CTAB
2021-07-08,Plate 8,Seren Plate 8,Plate 8_C05,C05,05C,14789359,,,Leaf,CTAB
2021-07-08,Plate 8,Seren Plate 8,Plate 8_D05,D05,05D,21.GS.C6.SN.Student2.IB-plant1268-TMS21F2083P0036,,,Leaf,CTAB
2021-07-08,Plate 8,Seren Plate 8,Plate 8_E05,E05,05E,21.GS.C6.SN.Student2.IB-plant1272-TMS21F2084P0002,,,Leaf,CTAB
2021-07-08,Plate 8,Seren Plate 8,Plate 8_F05,F05,05F,21.GS.C6.SN.Student2.IB-plant1275-TMS21F2084P0005,,,Leaf,CTAB
2021-07-08,Plate 8,Seren Plate 8,Plate 8_G05,G05,05G,21.GS.C6.SN.Student2.IB-plant1277-TMS21F2084P0007,,,Leaf,CTAB
2021-07-08,Plate 8,Seren Plate 8,Plate 8_H05,H05,05H,21.GS.C6.SN.Student2.IB-plant1279-TMS21F2084P0009,,,Leaf,CTAB
2021-07-08,Plate 8,Seren Plate 8,Plate 8_A06,A06,06A,21.GS.C6.SN.Student2.IB-plant1282-TMS21F2084P0012,,,Leaf,CTAB
2021-07-08,Plate 8,Seren Plate 8,Plate 8_B06,B06,06B,21.GS.C6.SN.Student2.IB-plant1284-TMS21F2084P0014,,,Leaf,CTAB
2021-07-08,Plate 8,Seren Plate 8,Plate 8_C06,C06,06C,21.GS.C6.SN.Student2.IB-plant1286-TMS21F2084P0016,,,Leaf,CTAB
2021-07-08,Plate 8,Seren Plate 8,Plate 8_D06,D06,06D,21.GS.C6.SN.Student2.IB-plant1288-TMS21F2084P0018,,,Leaf,CTAB
2021-07-08,Plate 8,Seren Plate 8,Plate 8_E06,E06,06E,21.GS.C6.SN.Student2.IB-plant1290-TMS21F2084P0020,,,Leaf,CTAB
2021-07-08,Plate 8,Seren Plate 8,Plate 8_F06,F06,06F,21.GS.C6.SN.Student2.IB-plant1292-TMS21F2084P0022,,,Leaf,CTAB
2021-07-08,Plate 8,Seren Plate 8,Plate 8_G06,G06,06G,21.GS.C6.SN.Student2.IB-plant1294-TMS21F2084P0024,,,Leaf,CTAB
2021-07-08,Plate 8,Seren Plate 8,Plate 8_H06,H06,06H,21.GS.C6.SN.Student2.IB-plant1296-TMS21F2084P0026,,,Leaf,CTAB
2021-07-08,Plate 8,Seren Plate 8,Plate 8_A07,A07,07A,21.GS.C6.SN.Student2.IB-plant1298-TMS21F2084P0028,,,Leaf,CTAB
2021-07-08,Plate 8,Seren Plate 8,Plate 8_B07,B07,07B,21.GS.C6.SN.Student2.IB-plant1301-TMS21F2084P0031,,,Leaf,CTAB
2021-07-08,Plate 8,Seren Plate 8,Plate 8_C07,C07,07C,21.GS.C6.SN.Student2.IB-plant1304-TMS21F2084P0034,,,Leaf,CTAB
2021-07-08,Plate 8,Seren Plate 8,Plate 8_D07,D07,07D,21.GS.C6.SN.Student2.IB-plant1306-TMS21F2084P0036,,,Leaf,CTAB
2021-07-08,Plate 8,Seren Plate 8,Plate 8_E07,E07,07E,21.GS.C6.SN.Student2.IB-plant1311-TMS21F2085P0002,,,Leaf,CTAB
2021-07-08,Plate 8,Seren Plate 8,Plate 8_F07,F07,07F,11532651,,,Leaf,CTAB
2021-07-08,Plate 8,Seren Plate 8,Plate 8_G07,G07,07G,21.GS.C6.SN.Student2.IB-plant1315-TMS21F2085P0006,,,Leaf,CTAB
2021-07-08,Plate 8,Seren Plate 8,Plate 8_H07,H07,07H,21.GS.C6.SN.Student2.IB-plant1316-TMS21F2085P0007,,,Leaf,CTAB
2021-07-08,Plate 8,Seren Plate 8,Plate 8_A08,A08,08A,21.GS.C6.SN.Student2.IB-plant1318-TMS21F2085P0009,,,Leaf,CTAB
2021-07-08,Plate 8,Seren Plate 8,Plate 8_B08,B08,08B,21.GS.C6.SN.Student2.IB-plant1321-TMS21F2085P0012,,,Leaf,CTAB
2021-07-08,Plate 8,Seren Plate 8,Plate 8_C08,C08,08C,21.GS.C6.SN.Student2.IB-plant1323-TMS21F2085P0014,,,Leaf,CTAB
2021-07-08,Plate 8,Seren Plate 8,Plate 8_D08,D08,08D,21.GS.C6.SN.Student2.IB-plant1325-TMS21F2085P0016,,,Leaf,CTAB
2021-07-08,Plate 8,Seren Plate 8,Plate 8_E08,E08,08E,21.GS.C6.SN.Student2.IB-plant1327-TMS21F2085P0018,,,Leaf,CTAB
2021-07-08,Plate 8,Seren Plate 8,Plate 8_F08,F08,08F,21.GS.C6.SN.Student2.IB-plant1329-TMS21F2085P0020,,,Leaf,CTAB
2021-07-08,Plate 8,Seren Plate 8,Plate 8_G08,G08,08G,21.GS.C6.SN.Student2.IB-plant1331-TMS21F2085P0022,,,Leaf,CTAB
2021-07-08,Plate 8,Seren Plate 8,Plate 8_H08,H08,08H,21.GS.C6.SN.Student2.IB-plant1333-TMS21F2085P0024,,,Leaf,CTAB
2021-07-08,Plate 8,Seren Plate 8,Plate 8_A09,A09,09A,02303291,,,Leaf,CTAB
2021-07-08,Plate 8,Seren Plate 8,Plate 8_B09,B09,09B,21.GS.C6.SN.Student2.IB-plant1343-TMS21F2086P0002,,,Leaf,CTAB
2021-07-08,Plate 8,Seren Plate 8,Plate 8_C09,C09,09C,21.GS.C6.SN.Student2.IB-plant1344-TMS21F2086P0003,,,Leaf,CTAB
2021-07-08,Plate 8,Seren Plate 8,Plate 8_D09,D09,09D,21.GS.C6.SN.Student2.IB-plant1345-TMS21F2086P0004,,,Leaf,CTAB
2021-07-08,Plate 8,Seren Plate 8,Plate 8_E09,E09,09E,21.GS.C6.SN.Student2.IB-plant1346-TMS21F2086P0005,,,Leaf,CTAB
2021-07-08,Plate 8,Seren Plate 8,Plate 8_F09,F09,09F,21.GS.C6.SN.Student2.IB-plant1347-TMS21F2086P0006,,,Leaf,CTAB
2021-07-08,Plate 8,Seren Plate 8,Plate 8_G09,G09,09G,21.GS.C6.SN.Student2.IB-plant1348-TMS21F2086P0007,,,Leaf,CTAB
2021-07-08,Plate 8,Seren Plate 8,Plate 8_H09,H09,09H,21.GS.C6.SN.Student2.IB-plant1349-TMS21F2086P0008,,,Leaf,CTAB
2021-07-08,Plate 8,Seren Plate 8,Plate 8_A10,A10,10A,1350,,,Leaf,CTAB
2021-07-08,Plate 8,Seren Plate 8,Plate 8_B10,B10,10B,21.GS.C6.SN.Student2.IB-plant1351-TMS21F2086P0010,,,Leaf,CTAB
2021-07-08,Plate 8,Seren Plate 8,Plate 8_C10,C10,10C,21.GS.C6.SN.Student2.IB-plant1352-TMS21F2086P0011,,,Leaf,CTAB
2021-07-08,Plate 8,Seren Plate 8,Plate 8_D10,D10,10D,21.GS.C6.SN.Student2.IB-plant1353-TMS21F2086P0012,,,Leaf,CTAB
2021-07-08,Plate 8,Seren Plate 8,Plate 8_E10,E10,10E,21.GS.C6.SN.Student2.IB-plant1354-TMS21F2086P0013,,,Leaf,CTAB
2021-07-08,Plate 8,Seren Plate 8,Plate 8_F10,F10,10F,21.GS.C6.SN.Student2.IB-plant1355-TMS21F2086P0014,,,Leaf,CTAB
2021-07-08,Plate 8,Seren Plate 8,Plate 8_G10,G10,10G,21.GS.C6.SN.Student2.IB-plant1356-TMS21F2086P0015,,,Leaf,CTAB
2021-07-08,Plate 8,Seren Plate 8,Plate 8_H10,H10,10H,21.GS.C6.SN.Student2.IB-plant1357-TMS21F2086P0016,,,Leaf,CTAB
2021-07-08,Plate 8,Seren Plate 8,Plate 8_A11,A11,11A,21.GS.C6.SN.Student2.IB-plant1359-TMS21F2086P0018,,,Leaf,CTAB
2021-07-08,Plate 8,Seren Plate 8,Plate 8_B11,B11,11B,21.GS.C6.SN.Student2.IB-plant1360-TMS21F2086P0019,,,Leaf,CTAB
2021-07-08,Plate 8,Seren Plate 8,Plate 8_C11,C11,11C,21.GS.C6.SN.Student2.IB-plant1361-TMS21F2086P0020,,,Leaf,CTAB
2021-07-08,Plate 8,Seren Plate 8,Plate 8_D11,D11,11D,21.GS.C6.SN.Student2.IB-plant1362-TMS21F2086P0021,,,Leaf,CTAB
2021-07-08,Plate 8,Seren Plate 8,Plate 8_E11,E11,11E,21.GS.C6.SN.Student2.IB-plant1363-TMS21F2086P0022,,,Leaf,CTAB
2021-07-08,Plate 8,Seren Plate 8,Plate 8_F11,F11,11F,21.GS.C6.SN.Student2.IB-plant1364-TMS21F2086P0023,,,Leaf,CTAB
2021-07-08,Plate 8,Seren Plate 8,Plate 8_G11,G11,11G,21.GS.C6.SN.Student2.IB-plant1365-TMS21F2086P0024,,,Leaf,CTAB
2021-07-08,Plate 8,Seren Plate 8,Plate 8_H11,H11,11H,BLANK_Plate 8_H11,,,Leaf,CTAB
2021-07-08,Plate 8,Seren Plate 8,Plate 8_A12,A12,12A,21.GS.C6.SN.Student2.IB-plant1366-TMS21F2086P0025,,,Leaf,CTAB
2021-07-08,Plate 8,Seren Plate 8,Plate 8_B12,B12,12B,21.GS.C6.SN.Student2.IB-plant1368-TMS21F2086P0027,,,Leaf,CTAB
2021-07-08,Plate 8,Seren Plate 8,Plate 8_C12,C12,12C,21.GS.C6.SN.Student2.IB-plant1369-TMS21F2086P0028,,,Leaf,CTAB
2021-07-08,Plate 8,Seren Plate 8,Plate 8_D12,D12,12D,21.GS.C6.SN.Student2.IB-plant1370-TMS21F2086P0029,,,Leaf,CTAB
2021-07-08,Plate 8,Seren Plate 8,Plate 8_E12,E12,12E,21.GS.C6.SN.Student2.IB-plant1371-TMS21F2086P0030,,,Leaf,CTAB
2021-07-08,Plate 8,Seren Plate 8,Plate 8_F12,F12,12F,1372,,,Leaf,CTAB
2021-07-08,Plate 8,Seren Plate 8,Plate 8_G12,G12,12G,21.GS.C6.SN.Student2.IB-plant1373-TMS21F2086P0032,,,Leaf,CTAB
2021-07-08,Plate 8,Seren Plate 8,Plate 8_H12,H12,12H,BLANK_Plate 8_H12,,,Leaf,CTAB
