date,plate_id,plate_name,sample_id,well_A01,well_01A,tissue_id,dna_person,notes,tissue_type,extraction
2021-07-08,plate 12,,plate 12_A01,A01,01A,1970,,,Leaf,CTAB
2021-07-08,plate 12,,plate 12_B01,B01,01B,1971,,,Leaf,CTAB
2021-07-08,plate 12,,plate 12_C01,C01,01C,1972,,,Leaf,CTAB
2021-07-08,plate 12,,plate 12_D01,D01,01D,1974,,,Leaf,CTAB
2021-07-08,plate 12,,plate 12_E01,E01,01E,1976,,,Leaf,CTAB
2021-07-08,plate 12,,plate 12_F01,F01,01F,1978,,,Leaf,CTAB
2021-07-08,plate 12,,plate 12_G01,G01,01G,1980,,,Leaf,CTAB
2021-07-08,plate 12,,plate 12_H01,H01,01H,1984,,,Leaf,CTAB
2021-07-08,plate 12,,plate 12_A02,A02,02A,1986,,,Leaf,CTAB
2021-07-08,plate 12,,plate 12_B02,B02,02B,1987,,,Leaf,CTAB
2021-07-08,plate 12,,plate 12_C02,C02,02C,1990,,,Leaf,CTAB
2021-07-08,plate 12,,plate 12_D02,D02,02D,1992,,,Leaf,CTAB
2021-07-08,plate 12,,plate 12_E02,E02,02E,1995,,,Leaf,CTAB
2021-07-08,plate 12,,plate 12_F02,F02,02F,1997,,,Leaf,CTAB
2021-07-08,plate 12,,plate 12_G02,G02,02G,1999,,,Leaf,CTAB
2021-07-08,plate 12,,plate 12_H02,H02,02H,2001,,,Leaf,CTAB
2021-07-08,plate 12,,plate 12_A03,A03,03A,2003,,,Leaf,CTAB
2021-07-08,plate 12,,plate 12_B03,B03,03B,2005,,,Leaf,CTAB
2021-07-08,plate 12,,plate 12_C03,C03,03C,2007,,,Leaf,CTAB
2021-07-08,plate 12,,plate 12_D03,D03,03D,2010,,,Leaf,CTAB
2021-07-08,plate 12,,plate 12_E03,E03,03E,2011,,,Leaf,CTAB
2021-07-08,plate 12,,plate 12_F03,F03,03F,2013,,,Leaf,CTAB
2021-07-08,plate 12,,plate 12_G03,G03,03G,2015,,,Leaf,CTAB
2021-07-08,plate 12,,plate 12_H03,H03,03H,2017,,,Leaf,CTAB
2021-07-08,plate 12,,plate 12_A04,A04,04A,2018,,,Leaf,CTAB
2021-07-08,plate 12,,plate 12_B04,B04,04B,2020,,,Leaf,CTAB
2021-07-08,plate 12,,plate 12_C04,C04,04C,2021,,,Leaf,CTAB
2021-07-08,plate 12,,plate 12_D04,D04,04D,2025,,,Leaf,CTAB
2021-07-08,plate 12,,plate 12_E04,E04,04E,2028,,,Leaf,CTAB
2021-07-08,plate 12,,plate 12_F04,F04,04F,2029,,,Leaf,CTAB
2021-07-08,plate 12,,plate 12_G04,G04,04G,2031,,,Leaf,CTAB
2021-07-08,plate 12,,plate 12_H04,H04,04H,2033,,,Leaf,CTAB
2021-07-08,plate 12,,plate 12_A05,A05,05A,2034,,,Leaf,CTAB
2021-07-08,plate 12,,plate 12_B05,B05,05B,2036,,,Leaf,CTAB
2021-07-08,plate 12,,plate 12_C05,C05,05C,2037,,,Leaf,CTAB
2021-07-08,plate 12,,plate 12_D05,D05,05D,2039,,,Leaf,CTAB
2021-07-08,plate 12,,plate 12_E05,E05,05E,2041,,,Leaf,CTAB
2021-07-08,plate 12,,plate 12_F05,F05,05F,2042,,,Leaf,CTAB
2021-07-08,plate 12,,plate 12_G05,G05,05G,2044,,,Leaf,CTAB
2021-07-08,plate 12,,plate 12_H05,H05,05H,2046,,,Leaf,CTAB
2021-07-08,plate 12,,plate 12_A06,A06,06A,2048,,,Leaf,CTAB
2021-07-08,plate 12,,plate 12_B06,B06,06B,2049,,,Leaf,CTAB
2021-07-08,plate 12,,plate 12_C06,C06,06C,2051,,,Leaf,CTAB
2021-07-08,plate 12,,plate 12_D06,D06,06D,2053,,,Leaf,CTAB
2021-07-08,plate 12,,plate 12_E06,E06,06E,2055,,,Leaf,CTAB
2021-07-08,plate 12,,plate 12_F06,F06,06F,2058,,,Leaf,CTAB
2021-07-08,plate 12,,plate 12_G06,G06,06G,2059,,,Leaf,CTAB
2021-07-08,plate 12,,plate 12_H06,H06,06H,2060,,,Leaf,CTAB
2021-07-08,plate 12,,plate 12_A07,A07,07A,2066,,,Leaf,CTAB
2021-07-08,plate 12,,plate 12_B07,B07,07B,2068,,,Leaf,CTAB
2021-07-08,plate 12,,plate 12_C07,C07,07C,2069,,,Leaf,CTAB
2021-07-08,plate 12,,plate 12_D07,D07,07D,2071,,,Leaf,CTAB
2021-07-08,plate 12,,plate 12_E07,E07,07E,2074,,,Leaf,CTAB
2021-07-08,plate 12,,plate 12_F07,F07,07F,2075,,,Leaf,CTAB
2021-07-08,plate 12,,plate 12_G07,G07,07G,2076,,,Leaf,CTAB
2021-07-08,plate 12,,plate 12_H07,H07,07H,2078,,,Leaf,CTAB
2021-07-08,plate 12,,plate 12_A08,A08,08A,2080,,,Leaf,CTAB
2021-07-08,plate 12,,plate 12_B08,B08,08B,2083,,,Leaf,CTAB
2021-07-08,plate 12,,plate 12_C08,C08,08C,2085,,,Leaf,CTAB
2021-07-08,plate 12,,plate 12_D08,D08,08D,2088,,,Leaf,CTAB
2021-07-08,plate 12,,plate 12_E08,E08,08E,2091,,,Leaf,CTAB
2021-07-08,plate 12,,plate 12_F08,F08,08F,2092,,,Leaf,CTAB
2021-07-08,plate 12,,plate 12_G08,G08,08G,2093,,,Leaf,CTAB
2021-07-08,plate 12,,plate 12_H08,H08,08H,2095,,,Leaf,CTAB
2021-07-08,plate 12,,plate 12_A09,A09,09A,2096,,,Leaf,CTAB
2021-07-08,plate 12,,plate 12_B09,B09,09B,2098,,,Leaf,CTAB
2021-07-08,plate 12,,plate 12_C09,C09,09C,2099,,,Leaf,CTAB
2021-07-08,plate 12,,plate 12_D09,D09,09D,2101,,,Leaf,CTAB
2021-07-08,plate 12,,plate 12_E09,E09,09E,2102,,,Leaf,CTAB
2021-07-08,plate 12,,plate 12_F09,F09,09F,2103,,,Leaf,CTAB
2021-07-08,plate 12,,plate 12_G09,G09,09G,2105,,,Leaf,CTAB
2021-07-08,plate 12,,plate 12_H09,H09,09H,2108,,,Leaf,CTAB
2021-07-08,plate 12,,plate 12_A10,A10,10A,2111,,,Leaf,CTAB
2021-07-08,plate 12,,plate 12_B10,B10,10B,2113,,,Leaf,CTAB
2021-07-08,plate 12,,plate 12_C10,C10,10C,2115,,,Leaf,CTAB
2021-07-08,plate 12,,plate 12_D10,D10,10D,2117,,,Leaf,CTAB
2021-07-08,plate 12,,plate 12_E10,E10,10E,2121,,,Leaf,CTAB
2021-07-08,plate 12,,plate 12_F10,F10,10F,2123,,,Leaf,CTAB
2021-07-08,plate 12,,plate 12_G10,G10,10G,2125,,,Leaf,CTAB
2021-07-08,plate 12,,plate 12_H10,H10,10H,2127,,,Leaf,CTAB
2021-07-08,plate 12,,plate 12_A11,A11,11A,2129,,,Leaf,CTAB
2021-07-08,plate 12,,plate 12_B11,B11,11B,2132,,,Leaf,CTAB
2021-07-08,plate 12,,plate 12_C11,C11,11C,2138,,,Leaf,CTAB
2021-07-08,plate 12,,plate 12_D11,D11,11D,2139,,,Leaf,CTAB
2021-07-08,plate 12,,plate 12_E11,E11,11E,2140,,,Leaf,CTAB
2021-07-08,plate 12,,plate 12_F11,F11,11F,2141,,,Leaf,CTAB
2021-07-08,plate 12,,plate 12_G11,G11,11G,2145,,,Leaf,CTAB
2021-07-08,plate 12,,plate 12_H11,H11,11H,BLANK_plate 12_H11,,,Leaf,CTAB
2021-07-08,plate 12,,plate 12_A12,A12,12A,2147,,,Leaf,CTAB
2021-07-08,plate 12,,plate 12_B12,B12,12B,2149,,,Leaf,CTAB
2021-07-08,plate 12,,plate 12_C12,C12,12C,2151,,,Leaf,CTAB
2021-07-08,plate 12,,plate 12_D12,D12,12D,2153,,,Leaf,CTAB
2021-07-08,plate 12,,plate 12_E12,E12,12E,2155,,,Leaf,CTAB
2021-07-08,plate 12,,plate 12_F12,F12,12F,2158,,,Leaf,CTAB
2021-07-08,plate 12,,plate 12_G12,G12,12G,2159,,,Leaf,CTAB
2021-07-08,plate 12,,plate 12_H12,H12,12H,BLANK_plate 12_H12,,,Leaf,CTAB
