date,plate_id,plate_name,sample_id,well_A01,well_01A,tissue_id,dna_person,notes,tissue_type,extraction
2021-07-12,Plate 25,Seren Plate 25,Plate 25_A01,A01,01A,4459,,,Leaf,CTAB
2021-07-12,Plate 25,Seren Plate 25,Plate 25_B01,B01,01B,4491,,,Leaf,CTAB
2021-07-12,Plate 25,Seren Plate 25,Plate 25_C01,C01,01C,4493,,,Leaf,CTAB
2021-07-12,Plate 25,Seren Plate 25,Plate 25_D01,D01,01D,4494,,,Leaf,CTAB
2021-07-12,Plate 25,Seren Plate 25,Plate 25_E01,E01,01E,4496,,,Leaf,CTAB
2021-07-12,Plate 25,Seren Plate 25,Plate 25_F01,F01,01F,4498,,,Leaf,CTAB
2021-07-12,Plate 25,Seren Plate 25,Plate 25_G01,G01,01G,4500,,,Leaf,CTAB
2021-07-12,Plate 25,Seren Plate 25,Plate 25_H01,H01,01H,4502,,,Leaf,CTAB
2021-07-12,Plate 25,Seren Plate 25,Plate 25_A02,A02,02A,4504,,,Leaf,CTAB
2021-07-12,Plate 25,Seren Plate 25,Plate 25_B02,B02,02B,4506,,,Leaf,CTAB
2021-07-12,Plate 25,Seren Plate 25,Plate 25_C02,C02,02C,4508,,,Leaf,CTAB
2021-07-12,Plate 25,Seren Plate 25,Plate 25_D02,D02,02D,4510,,,Leaf,CTAB
2021-07-12,Plate 25,Seren Plate 25,Plate 25_E02,E02,02E,4511,,,Leaf,CTAB
2021-07-12,Plate 25,Seren Plate 25,Plate 25_F02,F02,02F,4513,,,Leaf,CTAB
2021-07-12,Plate 25,Seren Plate 25,Plate 25_G02,G02,02G,4514,,,Leaf,CTAB
2021-07-12,Plate 25,Seren Plate 25,Plate 25_H02,H02,02H,4517,,,Leaf,CTAB
2021-07-12,Plate 25,Seren Plate 25,Plate 25_A03,A03,03A,4519,,,Leaf,CTAB
2021-07-12,Plate 25,Seren Plate 25,Plate 25_B03,B03,03B,4521,,,Leaf,CTAB
2021-07-12,Plate 25,Seren Plate 25,Plate 25_C03,C03,03C,4523,,,Leaf,CTAB
2021-07-12,Plate 25,Seren Plate 25,Plate 25_D03,D03,03D,4525,,,Leaf,CTAB
2021-07-12,Plate 25,Seren Plate 25,Plate 25_E03,E03,03E,4526,,,Leaf,CTAB
2021-07-12,Plate 25,Seren Plate 25,Plate 25_F03,F03,03F,4527,,,Leaf,CTAB
2021-07-12,Plate 25,Seren Plate 25,Plate 25_G03,G03,03G,4530,,,Leaf,CTAB
2021-07-12,Plate 25,Seren Plate 25,Plate 25_H03,H03,03H,4532,,,Leaf,CTAB
2021-07-12,Plate 25,Seren Plate 25,Plate 25_A04,A04,04A,4534,,,Leaf,CTAB
2021-07-12,Plate 25,Seren Plate 25,Plate 25_B04,B04,04B,4536,,,Leaf,CTAB
2021-07-12,Plate 25,Seren Plate 25,Plate 25_C04,C04,04C,4538,,,Leaf,CTAB
2021-07-12,Plate 25,Seren Plate 25,Plate 25_D04,D04,04D,4540,,,Leaf,CTAB
2021-07-12,Plate 25,Seren Plate 25,Plate 25_E04,E04,04E,4542,,,Leaf,CTAB
2021-07-12,Plate 25,Seren Plate 25,Plate 25_F04,F04,04F,4544,,,Leaf,CTAB
2021-07-12,Plate 25,Seren Plate 25,Plate 25_G04,G04,04G,4546,,,Leaf,CTAB
2021-07-12,Plate 25,Seren Plate 25,Plate 25_H04,H04,04H,4548,,,Leaf,CTAB
2021-07-12,Plate 25,Seren Plate 25,Plate 25_A05,A05,05A,4550,,,Leaf,CTAB
2021-07-12,Plate 25,Seren Plate 25,Plate 25_B05,B05,05B,4551,,,Leaf,CTAB
2021-07-12,Plate 25,Seren Plate 25,Plate 25_C05,C05,05C,4554,,,Leaf,CTAB
2021-07-12,Plate 25,Seren Plate 25,Plate 25_D05,D05,05D,4557,,,Leaf,CTAB
2021-07-12,Plate 25,Seren Plate 25,Plate 25_E05,E05,05E,4559,,,Leaf,CTAB
2021-07-12,Plate 25,Seren Plate 25,Plate 25_F05,F05,05F,4562,,,Leaf,CTAB
2021-07-12,Plate 25,Seren Plate 25,Plate 25_G05,G05,05G,4564,,,Leaf,CTAB
2021-07-12,Plate 25,Seren Plate 25,Plate 25_H05,H05,05H,4566,,,Leaf,CTAB
2021-07-12,Plate 25,Seren Plate 25,Plate 25_A06,A06,06A,4568,,,Leaf,CTAB
2021-07-12,Plate 25,Seren Plate 25,Plate 25_B06,B06,06B,4570,,,Leaf,CTAB
2021-07-12,Plate 25,Seren Plate 25,Plate 25_C06,C06,06C,4572,,,Leaf,CTAB
2021-07-12,Plate 25,Seren Plate 25,Plate 25_D06,D06,06D,4574,,,Leaf,CTAB
2021-07-12,Plate 25,Seren Plate 25,Plate 25_E06,E06,06E,4576,,,Leaf,CTAB
2021-07-12,Plate 25,Seren Plate 25,Plate 25_F06,F06,06F,4578,,,Leaf,CTAB
2021-07-12,Plate 25,Seren Plate 25,Plate 25_G06,G06,06G,4580,,,Leaf,CTAB
2021-07-12,Plate 25,Seren Plate 25,Plate 25_H06,H06,06H,4582,,,Leaf,CTAB
2021-07-12,Plate 25,Seren Plate 25,Plate 25_A07,A07,07A,4583,,,Leaf,CTAB
2021-07-12,Plate 25,Seren Plate 25,Plate 25_B07,B07,07B,4585,,,Leaf,CTAB
2021-07-12,Plate 25,Seren Plate 25,Plate 25_C07,C07,07C,4587,,,Leaf,CTAB
2021-07-12,Plate 25,Seren Plate 25,Plate 25_D07,D07,07D,4589,,,Leaf,CTAB
2021-07-12,Plate 25,Seren Plate 25,Plate 25_E07,E07,07E,4591,,,Leaf,CTAB
2021-07-12,Plate 25,Seren Plate 25,Plate 25_F07,F07,07F,4616,,,Leaf,CTAB
2021-07-12,Plate 25,Seren Plate 25,Plate 25_G07,G07,07G,4618,,,Leaf,CTAB
2021-07-12,Plate 25,Seren Plate 25,Plate 25_H07,H07,07H,4620,,,Leaf,CTAB
2021-07-12,Plate 25,Seren Plate 25,Plate 25_A08,A08,08A,4622,,,Leaf,CTAB
2021-07-12,Plate 25,Seren Plate 25,Plate 25_B08,B08,08B,4623,,,Leaf,CTAB
2021-07-12,Plate 25,Seren Plate 25,Plate 25_C08,C08,08C,4626,,,Leaf,CTAB
2021-07-12,Plate 25,Seren Plate 25,Plate 25_D08,D08,08D,4628,,,Leaf,CTAB
2021-07-12,Plate 25,Seren Plate 25,Plate 25_E08,E08,08E,4630,,,Leaf,CTAB
2021-07-12,Plate 25,Seren Plate 25,Plate 25_F08,F08,08F,4632,,,Leaf,CTAB
2021-07-12,Plate 25,Seren Plate 25,Plate 25_G08,G08,08G,4635,,,Leaf,CTAB
2021-07-12,Plate 25,Seren Plate 25,Plate 25_H08,H08,08H,4637,,,Leaf,CTAB
2021-07-12,Plate 25,Seren Plate 25,Plate 25_A09,A09,09A,4639,,,Leaf,CTAB
2021-07-12,Plate 25,Seren Plate 25,Plate 25_B09,B09,09B,4641,,,Leaf,CTAB
2021-07-12,Plate 25,Seren Plate 25,Plate 25_C09,C09,09C,4643,,,Leaf,CTAB
2021-07-12,Plate 25,Seren Plate 25,Plate 25_D09,D09,09D,5645,,,Leaf,CTAB
2021-07-12,Plate 25,Seren Plate 25,Plate 25_E09,E09,09E,4646,,,Leaf,CTAB
2021-07-12,Plate 25,Seren Plate 25,Plate 25_F09,F09,09F,4648,,,Leaf,CTAB
2021-07-12,Plate 25,Seren Plate 25,Plate 25_G09,G09,09G,4650,,,Leaf,CTAB
2021-07-12,Plate 25,Seren Plate 25,Plate 25_H09,H09,09H,4652,,,Leaf,CTAB
2021-07-12,Plate 25,Seren Plate 25,Plate 25_A10,A10,10A,4654,,,Leaf,CTAB
2021-07-12,Plate 25,Seren Plate 25,Plate 25_B10,B10,10B,4657,,,Leaf,CTAB
2021-07-12,Plate 25,Seren Plate 25,Plate 25_C10,C10,10C,4659,,,Leaf,CTAB
2021-07-12,Plate 25,Seren Plate 25,Plate 25_D10,D10,10D,4661,,,Leaf,CTAB
2021-07-12,Plate 25,Seren Plate 25,Plate 25_E10,E10,10E,4662,,,Leaf,CTAB
2021-07-12,Plate 25,Seren Plate 25,Plate 25_F10,F10,10F,4663,,,Leaf,CTAB
2021-07-12,Plate 25,Seren Plate 25,Plate 25_G10,G10,10G,4664,,,Leaf,CTAB
2021-07-12,Plate 25,Seren Plate 25,Plate 25_H10,H10,10H,4665,,,Leaf,CTAB
2021-07-12,Plate 25,Seren Plate 25,Plate 25_A11,A11,11A,4666,,,Leaf,CTAB
2021-07-12,Plate 25,Seren Plate 25,Plate 25_B11,B11,11B,4667,,,Leaf,CTAB
2021-07-12,Plate 25,Seren Plate 25,Plate 25_C11,C11,11C,4668,,,Leaf,CTAB
2021-07-12,Plate 25,Seren Plate 25,Plate 25_D11,D11,11D,4669,,,Leaf,CTAB
2021-07-12,Plate 25,Seren Plate 25,Plate 25_E11,E11,11E,4670,,,Leaf,CTAB
2021-07-12,Plate 25,Seren Plate 25,Plate 25_F11,F11,11F,4671,,,Leaf,CTAB
2021-07-12,Plate 25,Seren Plate 25,Plate 25_G11,G11,11G,4672,,,Leaf,CTAB
2021-07-12,Plate 25,Seren Plate 25,Plate 25_H11,H11,11H,BLANK_Plate 25_H11,,,Leaf,CTAB
2021-07-12,Plate 25,Seren Plate 25,Plate 25_A12,A12,12A,4673,,,Leaf,CTAB
2021-07-12,Plate 25,Seren Plate 25,Plate 25_B12,B12,12B,4674,,,Leaf,CTAB
2021-07-12,Plate 25,Seren Plate 25,Plate 25_C12,C12,12C,4675,,,Leaf,CTAB
2021-07-12,Plate 25,Seren Plate 25,Plate 25_D12,D12,12D,4676,,,Leaf,CTAB
2021-07-12,Plate 25,Seren Plate 25,Plate 25_E12,E12,12E,4678,,,Leaf,CTAB
2021-07-12,Plate 25,Seren Plate 25,Plate 25_F12,F12,12F,4679,,,Leaf,CTAB
2021-07-12,Plate 25,Seren Plate 25,Plate 25_G12,G12,12G,4644,,,Leaf,CTAB
2021-07-12,Plate 25,Seren Plate 25,Plate 25_H12,H12,12H,BLANK_Plate 25_H12,,,Leaf,CTAB
