date,plate_id,plate_name,sample_id,well_A01,well_01A,tissue_id,dna_person,notes,tissue_type,extraction
2021-07-09,plate 18,,plate 18_A01,A01,01A,3083,,,Leaf,CTAB
2021-07-09,plate 18,,plate 18_B01,B01,01B,3085,,,Leaf,CTAB
2021-07-09,plate 18,,plate 18_C01,C01,01C,3086,,,Leaf,CTAB
2021-07-09,plate 18,,plate 18_D01,D01,01D,3090,,,Leaf,CTAB
2021-07-09,plate 18,,plate 18_E01,E01,01E,3092,,,Leaf,CTAB
2021-07-09,plate 18,,plate 18_F01,F01,01F,3094,,,Leaf,CTAB
2021-07-09,plate 18,,plate 18_G01,G01,01G,3095,,,Leaf,CTAB
2021-07-09,plate 18,,plate 18_H01,H01,01H,3096,,,Leaf,CTAB
2021-07-09,plate 18,,plate 18_A02,A02,02A,3098,,,Leaf,CTAB
2021-07-09,plate 18,,plate 18_B02,B02,02B,3100,,,Leaf,CTAB
2021-07-09,plate 18,,plate 18_C02,C02,02C,3104,,,Leaf,CTAB
2021-07-09,plate 18,,plate 18_D02,D02,02D,3106,,,Leaf,CTAB
2021-07-09,plate 18,,plate 18_E02,E02,02E,3107,,,Leaf,CTAB
2021-07-09,plate 18,,plate 18_F02,F02,02F,3108,,,Leaf,CTAB
2021-07-09,plate 18,,plate 18_G02,G02,02G,3109,,,Leaf,CTAB
2021-07-09,plate 18,,plate 18_H02,H02,02H,3111,,,Leaf,CTAB
2021-07-09,plate 18,,plate 18_A03,A03,03A,3113,,,Leaf,CTAB
2021-07-09,plate 18,,plate 18_B03,B03,03B,3114,,,Leaf,CTAB
2021-07-09,plate 18,,plate 18_C03,C03,03C,3116,,,Leaf,CTAB
2021-07-09,plate 18,,plate 18_D03,D03,03D,3118,,,Leaf,CTAB
2021-07-09,plate 18,,plate 18_E03,E03,03E,3120,,,Leaf,CTAB
2021-07-09,plate 18,,plate 18_F03,F03,03F,3121,,,Leaf,CTAB
2021-07-09,plate 18,,plate 18_G03,G03,03G,3122,,,Leaf,CTAB
2021-07-09,plate 18,,plate 18_H03,H03,03H,3123,,,Leaf,CTAB
2021-07-09,plate 18,,plate 18_A04,A04,04A,3126,,,Leaf,CTAB
2021-07-09,plate 18,,plate 18_B04,B04,04B,3127,,,Leaf,CTAB
2021-07-09,plate 18,,plate 18_C04,C04,04C,3129,,,Leaf,CTAB
2021-07-09,plate 18,,plate 18_D04,D04,04D,3131,,,Leaf,CTAB
2021-07-09,plate 18,,plate 18_E04,E04,04E,3133,,,Leaf,CTAB
2021-07-09,plate 18,,plate 18_F04,F04,04F,3134,,,Leaf,CTAB
2021-07-09,plate 18,,plate 18_G04,G04,04G,3135,,,Leaf,CTAB
2021-07-09,plate 18,,plate 18_H04,H04,04H,3137,,,Leaf,CTAB
2021-07-09,plate 18,,plate 18_A05,A05,05A,3139,,,Leaf,CTAB
2021-07-09,plate 18,,plate 18_B05,B05,05B,3141,,,Leaf,CTAB
2021-07-09,plate 18,,plate 18_C05,C05,05C,3143,,,Leaf,CTAB
2021-07-09,plate 18,,plate 18_D05,D05,05D,3144,,,Leaf,CTAB
2021-07-09,plate 18,,plate 18_E05,E05,05E,3145,,,Leaf,CTAB
2021-07-09,plate 18,,plate 18_F05,F05,05F,3147,,,Leaf,CTAB
2021-07-09,plate 18,,plate 18_G05,G05,05G,3151,,,Leaf,CTAB
2021-07-09,plate 18,,plate 18_H05,H05,05H,3152,,,Leaf,CTAB
2021-07-09,plate 18,,plate 18_A06,A06,06A,3153,,,Leaf,CTAB
2021-07-09,plate 18,,plate 18_B06,B06,06B,3156,,,Leaf,CTAB
2021-07-09,plate 18,,plate 18_C06,C06,06C,3157,,,Leaf,CTAB
2021-07-09,plate 18,,plate 18_D06,D06,06D,3160,,,Leaf,CTAB
2021-07-09,plate 18,,plate 18_E06,E06,06E,3161,,,Leaf,CTAB
2021-07-09,plate 18,,plate 18_F06,F06,06F,3163,,,Leaf,CTAB
2021-07-09,plate 18,,plate 18_G06,G06,06G,3165,,,Leaf,CTAB
2021-07-09,plate 18,,plate 18_H06,H06,06H,3169,,,Leaf,CTAB
2021-07-09,plate 18,,plate 18_A07,A07,07A,3170,,,Leaf,CTAB
2021-07-09,plate 18,,plate 18_B07,B07,07B,3173,,,Leaf,CTAB
2021-07-09,plate 18,,plate 18_C07,C07,07C,3176,,,Leaf,CTAB
2021-07-09,plate 18,,plate 18_D07,D07,07D,3177,,,Leaf,CTAB
2021-07-09,plate 18,,plate 18_E07,E07,07E,3178,,,Leaf,CTAB
2021-07-09,plate 18,,plate 18_F07,F07,07F,3188,,,Leaf,CTAB
2021-07-09,plate 18,,plate 18_G07,G07,07G,3190,,,Leaf,CTAB
2021-07-09,plate 18,,plate 18_H07,H07,07H,3191,,,Leaf,CTAB
2021-07-09,plate 18,,plate 18_A08,A08,08A,3194,,,Leaf,CTAB
2021-07-09,plate 18,,plate 18_B08,B08,08B,3195,,,Leaf,CTAB
2021-07-09,plate 18,,plate 18_C08,C08,08C,3197,,,Leaf,CTAB
2021-07-09,plate 18,,plate 18_D08,D08,08D,3199,,,Leaf,CTAB
2021-07-09,plate 18,,plate 18_E08,E08,08E,3201,,,Leaf,CTAB
2021-07-09,plate 18,,plate 18_F08,F08,08F,3202,,,Leaf,CTAB
2021-07-09,plate 18,,plate 18_G08,G08,08G,3203,,,Leaf,CTAB
2021-07-09,plate 18,,plate 18_H08,H08,08H,3205,,,Leaf,CTAB
2021-07-09,plate 18,,plate 18_A09,A09,09A,3207,,,Leaf,CTAB
2021-07-09,plate 18,,plate 18_B09,B09,09B,3209,,,Leaf,CTAB
2021-07-09,plate 18,,plate 18_C09,C09,09C,3211,,,Leaf,CTAB
2021-07-09,plate 18,,plate 18_D09,D09,09D,3212,,,Leaf,CTAB
2021-07-09,plate 18,,plate 18_E09,E09,09E,3213,,,Leaf,CTAB
2021-07-09,plate 18,,plate 18_F09,F09,09F,3214,,,Leaf,CTAB
2021-07-09,plate 18,,plate 18_G09,G09,09G,3215,,,Leaf,CTAB
2021-07-09,plate 18,,plate 18_H09,H09,09H,3217,,,Leaf,CTAB
2021-07-09,plate 18,,plate 18_A10,A10,10A,3220,,,Leaf,CTAB
2021-07-09,plate 18,,plate 18_B10,B10,10B,3221,,,Leaf,CTAB
2021-07-09,plate 18,,plate 18_C10,C10,10C,3223,,,Leaf,CTAB
2021-07-09,plate 18,,plate 18_D10,D10,10D,3224,,,Leaf,CTAB
2021-07-09,plate 18,,plate 18_E10,E10,10E,3227,,,Leaf,CTAB
2021-07-09,plate 18,,plate 18_F10,F10,10F,3230,,,Leaf,CTAB
2021-07-09,plate 18,,plate 18_G10,G10,10G,3231,,,Leaf,CTAB
2021-07-09,plate 18,,plate 18_H10,H10,10H,3234,,,Leaf,CTAB
2021-07-09,plate 18,,plate 18_A11,A11,11A,3235,,,Leaf,CTAB
2021-07-09,plate 18,,plate 18_B11,B11,11B,3237,,,Leaf,CTAB
2021-07-09,plate 18,,plate 18_C11,C11,11C,3240,,,Leaf,CTAB
2021-07-09,plate 18,,plate 18_D11,D11,11D,3242,,,Leaf,CTAB
2021-07-09,plate 18,,plate 18_E11,E11,11E,3245,,,Leaf,CTAB
2021-07-09,plate 18,,plate 18_F11,F11,11F,3247,,,Leaf,CTAB
2021-07-09,plate 18,,plate 18_G11,G11,11G,3250,,,Leaf,CTAB
2021-07-09,plate 18,,plate 18_H11,H11,11H,BLANK_plate 18_H11,,,Leaf,CTAB
2021-07-09,plate 18,,plate 18_A12,A12,12A,3251,,,Leaf,CTAB
2021-07-09,plate 18,,plate 18_B12,B12,12B,3252,,,Leaf,CTAB
2021-07-09,plate 18,,plate 18_C12,C12,12C,3254,,,Leaf,CTAB
2021-07-09,plate 18,,plate 18_D12,D12,12D,3256,,,Leaf,CTAB
2021-07-09,plate 18,,plate 18_E12,E12,12E,3258,,,Leaf,CTAB
2021-07-09,plate 18,,plate 18_F12,F12,12F,3260,,,Leaf,CTAB
2021-07-09,plate 18,,plate 18_G12,G12,12G,3262,,,Leaf,CTAB
2021-07-09,plate 18,,plate 18_H12,H12,12H,BLANK_plate 18_H12,,,Leaf,CTAB
