date,plate_id,plate_name,sample_id,well_A01,well_01A,tissue_id,dna_person,notes,tissue_type,extraction
2021-07-07,plate 3,,plate 3_A01,A01,01A,341,,,Leaf,CTAB
2021-07-07,plate 3,,plate 3_B01,B01,01B,343,,,Leaf,CTAB
2021-07-07,plate 3,,plate 3_C01,C01,01C,345,,,Leaf,CTAB
2021-07-07,plate 3,,plate 3_D01,D01,01D,346,,,Leaf,CTAB
2021-07-07,plate 3,,plate 3_E01,E01,01E,347,,,Leaf,CTAB
2021-07-07,plate 3,,plate 3_F01,F01,01F,350,,,Leaf,CTAB
2021-07-07,plate 3,,plate 3_G01,G01,01G,353,,,Leaf,CTAB
2021-07-07,plate 3,,plate 3_H01,H01,01H,355,,,Leaf,CTAB
2021-07-07,plate 3,,plate 3_A02,A02,02A,357,,,Leaf,CTAB
2021-07-07,plate 3,,plate 3_B02,B02,02B,359,,,Leaf,CTAB
2021-07-07,plate 3,,plate 3_C02,C02,02C,361,,,Leaf,CTAB
2021-07-07,plate 3,,plate 3_D02,D02,02D,363,,,Leaf,CTAB
2021-07-07,plate 3,,plate 3_E02,E02,02E,364,,,Leaf,CTAB
2021-07-07,plate 3,,plate 3_F02,F02,02F,366,,,Leaf,CTAB
2021-07-07,plate 3,,plate 3_G02,G02,02G,367,,,Leaf,CTAB
2021-07-07,plate 3,,plate 3_H02,H02,02H,369,,,Leaf,CTAB
2021-07-07,plate 3,,plate 3_A03,A03,03A,372,,,Leaf,CTAB
2021-07-07,plate 3,,plate 3_B03,B03,03B,374,,,Leaf,CTAB
2021-07-07,plate 3,,plate 3_C03,C03,03C,375,,,Leaf,CTAB
2021-07-07,plate 3,,plate 3_D03,D03,03D,378,,,Leaf,CTAB
2021-07-07,plate 3,,plate 3_E03,E03,03E,380,,,Leaf,CTAB
2021-07-07,plate 3,,plate 3_F03,F03,03F,382,,,Leaf,CTAB
2021-07-07,plate 3,,plate 3_G03,G03,03G,384,,,Leaf,CTAB
2021-07-07,plate 3,,plate 3_H03,H03,03H,386,,,Leaf,CTAB
2021-07-07,plate 3,,plate 3_A04,A04,04A,387,,,Leaf,CTAB
2021-07-07,plate 3,,plate 3_B04,B04,04B,388,,,Leaf,CTAB
2021-07-07,plate 3,,plate 3_C04,C04,04C,392,,,Leaf,CTAB
2021-07-07,plate 3,,plate 3_D04,D04,04D,394,,,Leaf,CTAB
2021-07-07,plate 3,,plate 3_E04,E04,04E,395,,,Leaf,CTAB
2021-07-07,plate 3,,plate 3_F04,F04,04F,396,,,Leaf,CTAB
2021-07-07,plate 3,,plate 3_G04,G04,04G,401,,,Leaf,CTAB
2021-07-07,plate 3,,plate 3_H04,H04,04H,403,,,Leaf,CTAB
2021-07-07,plate 3,,plate 3_A05,A05,05A,406,,,Leaf,CTAB
2021-07-07,plate 3,,plate 3_B05,B05,05B,407,,,Leaf,CTAB
2021-07-07,plate 3,,plate 3_C05,C05,05C,408,,,Leaf,CTAB
2021-07-07,plate 3,,plate 3_D05,D05,05D,409,,,Leaf,CTAB
2021-07-07,plate 3,,plate 3_E05,E05,05E,411,,,Leaf,CTAB
2021-07-07,plate 3,,plate 3_F05,F05,05F,414,,,Leaf,CTAB
2021-07-07,plate 3,,plate 3_G05,G05,05G,415,,,Leaf,CTAB
2021-07-07,plate 3,,plate 3_H05,H05,05H,416,,,Leaf,CTAB
2021-07-07,plate 3,,plate 3_A06,A06,06A,418,,,Leaf,CTAB
2021-07-07,plate 3,,plate 3_B06,B06,06B,423,,,Leaf,CTAB
2021-07-07,plate 3,,plate 3_C06,C06,06C,425,,,Leaf,CTAB
2021-07-07,plate 3,,plate 3_D06,D06,06D,427,,,Leaf,CTAB
2021-07-07,plate 3,,plate 3_E06,E06,06E,429,,,Leaf,CTAB
2021-07-07,plate 3,,plate 3_F06,F06,06F,432,,,Leaf,CTAB
2021-07-07,plate 3,,plate 3_G06,G06,06G,434,,,Leaf,CTAB
2021-07-07,plate 3,,plate 3_H06,H06,06H,436,,,Leaf,CTAB
2021-07-07,plate 3,,plate 3_A07,A07,07A,438,,,Leaf,CTAB
2021-07-07,plate 3,,plate 3_B07,B07,07B,440,,,Leaf,CTAB
2021-07-07,plate 3,,plate 3_C07,C07,07C,442,,,Leaf,CTAB
2021-07-07,plate 3,,plate 3_D07,D07,07D,443,,,Leaf,CTAB
2021-07-07,plate 3,,plate 3_E07,E07,07E,447,,,Leaf,CTAB
2021-07-07,plate 3,,plate 3_F07,F07,07F,448,,,Leaf,CTAB
2021-07-07,plate 3,,plate 3_G07,G07,07G,449,,,Leaf,CTAB
2021-07-07,plate 3,,plate 3_H07,H07,07H,174,,,Leaf,CTAB
2021-07-07,plate 3,,plate 3_A08,A08,08A,166,,,Leaf,CTAB
2021-07-07,plate 3,,plate 3_B08,B08,08B,158,,,Leaf,CTAB
2021-07-07,plate 3,,plate 3_C08,C08,08C,152,,,Leaf,CTAB
2021-07-07,plate 3,,plate 3_D08,D08,08D,211,,,Leaf,CTAB
2021-07-07,plate 3,,plate 3_E08,E08,08E,200,,,Leaf,CTAB
2021-07-07,plate 3,,plate 3_F08,F08,08F,194,,,Leaf,CTAB
2021-07-07,plate 3,,plate 3_G08,G08,08G,188,,,Leaf,CTAB
2021-07-07,plate 3,,plate 3_H08,H08,08H,180,,,Leaf,CTAB
2021-07-07,plate 3,,plate 3_A09,A09,09A,321,,,Leaf,CTAB
2021-07-07,plate 3,,plate 3_B09,B09,09B,317,,,Leaf,CTAB
2021-07-07,plate 3,,plate 3_C09,C09,09C,308,,,Leaf,CTAB
2021-07-07,plate 3,,plate 3_D09,D09,09D,302,,,Leaf,CTAB
2021-07-07,plate 3,,plate 3_E09,E09,09E,298,,,Leaf,CTAB
2021-07-07,plate 3,,plate 3_F09,F09,09F,296,,,Leaf,CTAB
2021-07-07,plate 3,,plate 3_G09,G09,09G,291,,,Leaf,CTAB
2021-07-07,plate 3,,plate 3_H09,H09,09H,287,,,Leaf,CTAB
2021-07-07,plate 3,,plate 3_A10,A10,10A,280,,,Leaf,CTAB
2021-07-07,plate 3,,plate 3_B10,B10,10B,629,,,Leaf,CTAB
2021-07-07,plate 3,,plate 3_C10,C10,10C,631,,,Leaf,CTAB
2021-07-07,plate 3,,plate 3_D10,D10,10D,632,,,Leaf,CTAB
2021-07-07,plate 3,,plate 3_E10,E10,10E,633,,,Leaf,CTAB
2021-07-07,plate 3,,plate 3_F10,F10,10F,635,,,Leaf,CTAB
2021-07-07,plate 3,,plate 3_G10,G10,10G,637,,,Leaf,CTAB
2021-07-07,plate 3,,plate 3_H10,H10,10H,639,,,Leaf,CTAB
2021-07-07,plate 3,,plate 3_A11,A11,11A,641,,,Leaf,CTAB
2021-07-07,plate 3,,plate 3_B11,B11,11B,643,,,Leaf,CTAB
2021-07-07,plate 3,,plate 3_C11,C11,11C,644,,,Leaf,CTAB
2021-07-07,plate 3,,plate 3_D11,D11,11D,646,,,Leaf,CTAB
2021-07-07,plate 3,,plate 3_E11,E11,11E,651,,,Leaf,CTAB
2021-07-07,plate 3,,plate 3_F11,F11,11F,653,,,Leaf,CTAB
2021-07-07,plate 3,,plate 3_G11,G11,11G,655,,,Leaf,CTAB
2021-07-07,plate 3,,plate 3_H11,H11,11H,BLANK_plate 3_H11,,,Leaf,CTAB
2021-07-07,plate 3,,plate 3_A12,A12,12A,657,,,Leaf,CTAB
2021-07-07,plate 3,,plate 3_B12,B12,12B,659,,,Leaf,CTAB
2021-07-07,plate 3,,plate 3_C12,C12,12C,661,,,Leaf,CTAB
2021-07-07,plate 3,,plate 3_D12,D12,12D,663,,,Leaf,CTAB
2021-07-07,plate 3,,plate 3_E12,E12,12E,665,,,Leaf,CTAB
2021-07-07,plate 3,,plate 3_F12,F12,12F,667,,,Leaf,CTAB
2021-07-07,plate 3,,plate 3_G12,G12,12G,669,,,Leaf,CTAB
2021-07-07,plate 3,,plate 3_H12,H12,12H,BLANK_plate 3_H12,,,Leaf,CTAB
