date,plate_id,plate_name,sample_id,well_A01,well_01A,tissue_id,dna_person,notes,tissue_type,extraction
2021-07-12,plate 21,,plate 21_A01,A01,01A,3663,,,Leaf,CTAB
2021-07-12,plate 21,,plate 21_B01,B01,01B,3666,,,Leaf,CTAB
2021-07-12,plate 21,,plate 21_C01,C01,01C,3668,,,Leaf,CTAB
2021-07-12,plate 21,,plate 21_D01,D01,01D,3670,,,Leaf,CTAB
2021-07-12,plate 21,,plate 21_E01,E01,01E,3672,,,Leaf,CTAB
2021-07-12,plate 21,,plate 21_F01,F01,01F,3676,,,Leaf,CTAB
2021-07-12,plate 21,,plate 21_G01,G01,01G,3678,,,Leaf,CTAB
2021-07-12,plate 21,,plate 21_H01,H01,01H,3680,,,Leaf,CTAB
2021-07-12,plate 21,,plate 21_A02,A02,02A,3682,,,Leaf,CTAB
2021-07-12,plate 21,,plate 21_B02,B02,02B,3684,,,Leaf,CTAB
2021-07-12,plate 21,,plate 21_C02,C02,02C,3687,,,Leaf,CTAB
2021-07-12,plate 21,,plate 21_D02,D02,02D,3689,,,Leaf,CTAB
2021-07-12,plate 21,,plate 21_E02,E02,02E,3691,,,Leaf,CTAB
2021-07-12,plate 21,,plate 21_F02,F02,02F,F2241P0050__2,,,Leaf,CTAB
2021-07-12,plate 21,,plate 21_G02,G02,02G,3693,,,Leaf,CTAB
2021-07-12,plate 21,,plate 21_H02,H02,02H,3695,,,Leaf,CTAB
2021-07-12,plate 21,,plate 21_A03,A03,03A,3697,,,Leaf,CTAB
2021-07-12,plate 21,,plate 21_B03,B03,03B,3699,,,Leaf,CTAB
2021-07-12,plate 21,,plate 21_C03,C03,03C,3701,,,Leaf,CTAB
2021-07-12,plate 21,,plate 21_D03,D03,03D,3703,,,Leaf,CTAB
2021-07-12,plate 21,,plate 21_E03,E03,03E,3707,,,Leaf,CTAB
2021-07-12,plate 21,,plate 21_F03,F03,03F,3708,,,Leaf,CTAB
2021-07-12,plate 21,,plate 21_G03,G03,03G,3711,,,Leaf,CTAB
2021-07-12,plate 21,,plate 21_H03,H03,03H,3713,,,Leaf,CTAB
2021-07-12,plate 21,,plate 21_A04,A04,04A,3714,,,Leaf,CTAB
2021-07-12,plate 21,,plate 21_B04,B04,04B,3716,,,Leaf,CTAB
2021-07-12,plate 21,,plate 21_C04,C04,04C,3717,,,Leaf,CTAB
2021-07-12,plate 21,,plate 21_D04,D04,04D,3738,,,Leaf,CTAB
2021-07-12,plate 21,,plate 21_E04,E04,04E,3740,,,Leaf,CTAB
2021-07-12,plate 21,,plate 21_F04,F04,04F,3742,,,Leaf,CTAB
2021-07-12,plate 21,,plate 21_G04,G04,04G,3744,,,Leaf,CTAB
2021-07-12,plate 21,,plate 21_H04,H04,04H,3747,,,Leaf,CTAB
2021-07-12,plate 21,,plate 21_A05,A05,05A,3749,,,Leaf,CTAB
2021-07-12,plate 21,,plate 21_B05,B05,05B,3751,,,Leaf,CTAB
2021-07-12,plate 21,,plate 21_C05,C05,05C,3753,,,Leaf,CTAB
2021-07-12,plate 21,,plate 21_D05,D05,05D,3755,,,Leaf,CTAB
2021-07-12,plate 21,,plate 21_E05,E05,05E,3757,,,Leaf,CTAB
2021-07-12,plate 21,,plate 21_F05,F05,05F,3759,,,Leaf,CTAB
2021-07-12,plate 21,,plate 21_G05,G05,05G,3761,,,Leaf,CTAB
2021-07-12,plate 21,,plate 21_H05,H05,05H,3763,,,Leaf,CTAB
2021-07-12,plate 21,,plate 21_A06,A06,06A,3765,,,Leaf,CTAB
2021-07-12,plate 21,,plate 21_B06,B06,06B,3767,,,Leaf,CTAB
2021-07-12,plate 21,,plate 21_C06,C06,06C,3770,,,Leaf,CTAB
2021-07-12,plate 21,,plate 21_D06,D06,06D,3771,,,Leaf,CTAB
2021-07-12,plate 21,,plate 21_E06,E06,06E,3773,,,Leaf,CTAB
2021-07-12,plate 21,,plate 21_F06,F06,06F,3775,,,Leaf,CTAB
2021-07-12,plate 21,,plate 21_G06,G06,06G,3778,,,Leaf,CTAB
2021-07-12,plate 21,,plate 21_H06,H06,06H,3782,,,Leaf,CTAB
2021-07-12,plate 21,,plate 21_A07,A07,07A,3785,,,Leaf,CTAB
2021-07-12,plate 21,,plate 21_B07,B07,07B,3786,,,Leaf,CTAB
2021-07-12,plate 21,,plate 21_C07,C07,07C,3787,,,Leaf,CTAB
2021-07-12,plate 21,,plate 21_D07,D07,07D,3789,,,Leaf,CTAB
2021-07-12,plate 21,,plate 21_E07,E07,07E,3791,,,Leaf,CTAB
2021-07-12,plate 21,,plate 21_F07,F07,07F,3792,,,Leaf,CTAB
2021-07-12,plate 21,,plate 21_G07,G07,07G,3795,,,Leaf,CTAB
2021-07-12,plate 21,,plate 21_H07,H07,07H,3797,,,Leaf,CTAB
2021-07-12,plate 21,,plate 21_A08,A08,08A,3799,,,Leaf,CTAB
2021-07-12,plate 21,,plate 21_B08,B08,08B,3801,,,Leaf,CTAB
2021-07-12,plate 21,,plate 21_C08,C08,08C,3803,,,Leaf,CTAB
2021-07-12,plate 21,,plate 21_D08,D08,08D,3805,,,Leaf,CTAB
2021-07-12,plate 21,,plate 21_E08,E08,08E,3806,,,Leaf,CTAB
2021-07-12,plate 21,,plate 21_F08,F08,08F,3808,,,Leaf,CTAB
2021-07-12,plate 21,,plate 21_G08,G08,08G,3810,,,Leaf,CTAB
2021-07-12,plate 21,,plate 21_H08,H08,08H,3813,,,Leaf,CTAB
2021-07-12,plate 21,,plate 21_A09,A09,09A,3815,,,Leaf,CTAB
2021-07-12,plate 21,,plate 21_B09,B09,09B,3817,,,Leaf,CTAB
2021-07-12,plate 21,,plate 21_C09,C09,09C,3819,,,Leaf,CTAB
2021-07-12,plate 21,,plate 21_D09,D09,09D,3821,,,Leaf,CTAB
2021-07-12,plate 21,,plate 21_E09,E09,09E,3823,,,Leaf,CTAB
2021-07-12,plate 21,,plate 21_F09,F09,09F,3825,,,Leaf,CTAB
2021-07-12,plate 21,,plate 21_G09,G09,09G,3826,,,Leaf,CTAB
2021-07-12,plate 21,,plate 21_H09,H09,09H,3828,,,Leaf,CTAB
2021-07-12,plate 21,,plate 21_A10,A10,10A,3850,,,Leaf,CTAB
2021-07-12,plate 21,,plate 21_B10,B10,10B,3852,,,Leaf,CTAB
2021-07-12,plate 21,,plate 21_C10,C10,10C,3854,,,Leaf,CTAB
2021-07-12,plate 21,,plate 21_D10,D10,10D,3856,,,Leaf,CTAB
2021-07-12,plate 21,,plate 21_E10,E10,10E,3858,,,Leaf,CTAB
2021-07-12,plate 21,,plate 21_F10,F10,10F,3860,,,Leaf,CTAB
2021-07-12,plate 21,,plate 21_G10,G10,10G,3862,,,Leaf,CTAB
2021-07-12,plate 21,,plate 21_H10,H10,10H,3865,,,Leaf,CTAB
2021-07-12,plate 21,,plate 21_A11,A11,11A,3866,,,Leaf,CTAB
2021-07-12,plate 21,,plate 21_B11,B11,11B,3867,,,Leaf,CTAB
2021-07-12,plate 21,,plate 21_C11,C11,11C,3869,,,Leaf,CTAB
2021-07-12,plate 21,,plate 21_D11,D11,11D,3871,,,Leaf,CTAB
2021-07-12,plate 21,,plate 21_E11,E11,11E,3873,,,Leaf,CTAB
2021-07-12,plate 21,,plate 21_F11,F11,11F,3876,,,Leaf,CTAB
2021-07-12,plate 21,,plate 21_G11,G11,11G,3877,,,Leaf,CTAB
2021-07-12,plate 21,,plate 21_H11,H11,11H,BLANK_plate 21_H11,,,Leaf,CTAB
2021-07-12,plate 21,,plate 21_A12,A12,12A,3882,,,Leaf,CTAB
2021-07-12,plate 21,,plate 21_B12,B12,12B,3885,,,Leaf,CTAB
2021-07-12,plate 21,,plate 21_C12,C12,12C,3888,,,Leaf,CTAB
2021-07-12,plate 21,,plate 21_D12,D12,12D,3889,,,Leaf,CTAB
2021-07-12,plate 21,,plate 21_E12,E12,12E,3891,,,Leaf,CTAB
2021-07-12,plate 21,,plate 21_F12,F12,12F,3894,,,Leaf,CTAB
2021-07-12,plate 21,,plate 21_G12,G12,12G,3895,,,Leaf,CTAB
2021-07-12,plate 21,,plate 21_H12,H12,12H,BLANK_plate 21_H12,,,Leaf,CTAB
