date,plate_id,plate_name,sample_id,well_A01,well_01A,tissue_id,dna_person,notes,tissue_type,extraction
2021-07-07,Plate 3,,Plate 3_A01,A01,01A,21.GS.C6.SN.Student2.IB-plant451-TMS21F2010P0005,,,Leaf,CTAB
2021-07-07,Plate 3,,Plate 3_B01,B01,01B,21.GS.C6.SN.Student2.IB-plant454-TMS21F2011P0001,,,Leaf,CTAB
2021-07-07,Plate 3,,Plate 3_C01,C01,01C,21.GS.C6.SN.Student2.IB-plant456-TMS21F2011P0003,,,Leaf,CTAB
2021-07-07,Plate 3,,Plate 3_D01,D01,01D,21.GS.C6.SN.Student2.IB-plant459-TMS21F2012P0002,,,Leaf,CTAB
2021-07-07,Plate 3,,Plate 3_E01,E01,01E,21.GS.C6.SN.Student2.IB-plant461-TMS21F2012P0004,,,Leaf,CTAB
2021-07-07,Plate 3,,Plate 3_F01,F01,01F,21.GS.C6.SN.Student2.IB-plant463-TMS21F2012P0006,,,Leaf,CTAB
2021-07-07,Plate 3,,Plate 3_G01,G01,01G,21.GS.C6.SN.Student2.IB-plant465-TMS21F2012P0008,,,Leaf,CTAB
2021-07-07,Plate 3,,Plate 3_H01,H01,01H,21.GS.C6.SN.Student2.IB-plant467-TMS21F2012P0010,,,Leaf,CTAB
2021-07-07,Plate 3,,Plate 3_A02,A02,02A,469,,,Leaf,CTAB
2021-07-07,Plate 3,,Plate 3_B02,B02,02B,21.GS.C6.SN.Student2.IB-plant471-TMS21F2012P0014,,,Leaf,CTAB
2021-07-07,Plate 3,,Plate 3_C02,C02,02C,21.GS.C6.SN.Student2.IB-plant474-TMS21F2012P0017,,,Leaf,CTAB
2021-07-07,Plate 3,,Plate 3_D02,D02,02D,21.GS.C6.SN.Student2.IB-plant475-TMS21F2012P0018,,,Leaf,CTAB
2021-07-07,Plate 3,,Plate 3_E02,E02,02E,21.GS.C6.SN.Student2.IB-plant477-TMS21F2012P0020,,,Leaf,CTAB
2021-07-07,Plate 3,,Plate 3_F02,F02,02F,21.GS.C6.SN.Student2.IB-plant479-TMS21F2012P0022,,,Leaf,CTAB
2021-07-07,Plate 3,,Plate 3_G02,G02,02G,21.GS.C6.SN.Student2.IB-plant481-TMS21F2012P0024,,,Leaf,CTAB
2021-07-07,Plate 3,,Plate 3_H02,H02,02H,21.GS.C6.SN.Student2.IB-plant484-TMS21F2013P0002,,,Leaf,CTAB
2021-07-07,Plate 3,,Plate 3_A03,A03,03A,21.GS.C6.SN.Student2.IB-plant486-TMS21F2013P0004,,,Leaf,CTAB
2021-07-07,Plate 3,,Plate 3_B03,B03,03B,21.GS.C6.SN.Student2.IB-plant488-TMS21F2013P0006,,,Leaf,CTAB
2021-07-07,Plate 3,,Plate 3_C03,C03,03C,21.GS.C6.SN.Student2.IB-plant491-TMS21F2013P0009,,,Leaf,CTAB
2021-07-07,Plate 3,,Plate 3_D03,D03,03D,21.GS.C6.SN.Student2.IB-plant493-TMS21F2013P0011,,,Leaf,CTAB
2021-07-07,Plate 3,,Plate 3_E03,E03,03E,21.GS.C6.SN.Student2.IB-plant495-TMS21F2013P0013,,,Leaf,CTAB
2021-07-07,Plate 3,,Plate 3_F03,F03,03F,21.GS.C6.SN.Student2.IB-plant498-TMS21F2013P0016,,,Leaf,CTAB
2021-07-07,Plate 3,,Plate 3_G03,G03,03G,21.GS.C6.SN.Student2.IB-plant500-TMS21F2013P0018,,,Leaf,CTAB
2021-07-07,Plate 3,,Plate 3_H03,H03,03H,21.GS.C6.SN.Student2.IB-plant512-TMS21F2014P0001,,,Leaf,CTAB
2021-07-07,Plate 3,,Plate 3_A04,A04,04A,21.GS.C6.SN.Student2.IB-plant514-TMS21F2014P0003,,,Leaf,CTAB
2021-07-07,Plate 3,,Plate 3_B04,B04,04B,21.GS.C6.SN.Student2.IB-plant516-TMS21F2014P0005,,,Leaf,CTAB
2021-07-07,Plate 3,,Plate 3_C04,C04,04C,21.GS.C6.SN.Student2.IB-plant518-TMS21F2014P0007,,,Leaf,CTAB
2021-07-07,Plate 3,,Plate 3_D04,D04,04D,21.GS.C6.SN.Student2.IB-plant520-TMS21F2014P0009,,,Leaf,CTAB
2021-07-07,Plate 3,,Plate 3_E04,E04,04E,21.GS.C6.SN.Student2.IB-plant522-TMS21F2014P0011,,,Leaf,CTAB
2021-07-07,Plate 3,,Plate 3_F04,F04,04F,21.GS.C6.SN.Student2.IB-plant524-TMS21F2014P0013,,,Leaf,CTAB
2021-07-07,Plate 3,,Plate 3_G04,G04,04G,21.GS.C6.SN.Student2.IB-plant526-TMS21F2014P0015,,,Leaf,CTAB
2021-07-07,Plate 3,,Plate 3_H04,H04,04H,21.GS.C6.SN.Student2.IB-plant528-TMS21F2014P0017,,,Leaf,CTAB
2021-07-07,Plate 3,,Plate 3_A05,A05,05A,21.GS.C6.SN.Student2.IB-plant535-TMS21F2015P0001,,,Leaf,CTAB
2021-07-07,Plate 3,,Plate 3_B05,B05,05B,21.GS.C6.SN.Student2.IB-plant537-TMS21F2016P0001,,,Leaf,CTAB
2021-07-07,Plate 3,,Plate 3_C05,C05,05C,21.GS.C6.SN.Student2.IB-plant539-TMS21F2016P0003,,,Leaf,CTAB
2021-07-07,Plate 3,,Plate 3_D05,D05,05D,21.GS.C6.SN.Student2.IB-plant541-TMS21F2016P0005,,,Leaf,CTAB
2021-07-07,Plate 3,,Plate 3_E05,E05,05E,21.GS.C6.SN.Student2.IB-plant543-TMS21F2016P0007,,,Leaf,CTAB
2021-07-07,Plate 3,,Plate 3_F05,F05,05F,21.GS.C6.SN.Student2.IB-plant546-TMS21F2016P0010,,,Leaf,CTAB
2021-07-07,Plate 3,,Plate 3_G05,G05,05G,21.GS.C6.SN.Student2.IB-plant547-TMS21F2016P0011,,,Leaf,CTAB
2021-07-07,Plate 3,,Plate 3_H05,H05,05H,21.GS.C6.SN.Student2.IB-plant550-TMS21F2016P0014,,,Leaf,CTAB
2021-07-07,Plate 3,,Plate 3_A06,A06,06A,21.GS.C6.SN.Student2.IB-plant552-TMS21F2016P0016,,,Leaf,CTAB
2021-07-07,Plate 3,,Plate 3_B06,B06,06B,21.GS.C6.SN.Student2.IB-plant553-TMS21F2016P0017,,,Leaf,CTAB
2021-07-07,Plate 3,,Plate 3_C06,C06,06C,21.GS.C6.SN.Student2.IB-plant555-TMS21F2016P0019,,,Leaf,CTAB
2021-07-07,Plate 3,,Plate 3_D06,D06,06D,21.GS.C6.SN.Student2.IB-plant557-TMS21F2016P0021,,,Leaf,CTAB
2021-07-07,Plate 3,,Plate 3_E06,E06,06E,21.GS.C6.SN.Student2.IB-plant559-TMS21F2016P0023,,,Leaf,CTAB
2021-07-07,Plate 3,,Plate 3_F06,F06,06F,21.GS.C6.SN.Student2.IB-plant561-TMS21F2016P0025,,,Leaf,CTAB
2021-07-07,Plate 3,,Plate 3_G06,G06,06G,21.GS.C6.SN.Student2.IB-plant563-TMS21F2016P0027,,,Leaf,CTAB
2021-07-07,Plate 3,,Plate 3_H06,H06,06H,21.GS.C6.SN.Student2.IB-plant565-TMS21F2016P0029,,,Leaf,CTAB
2021-07-07,Plate 3,,Plate 3_A07,A07,07A,21.GS.C6.SN.Student2.IB-plant570-TMS21F2017P0002,,,Leaf,CTAB
2021-07-07,Plate 3,,Plate 3_B07,B07,07B,21.GS.C6.SN.Student2.IB-plant572-TMS21F2018P0002,,,Leaf,CTAB
2021-07-07,Plate 3,,Plate 3_C07,C07,07C,21.GS.C6.SN.Student2.IB-plant574-TMS21F2018P0004,,,Leaf,CTAB
2021-07-07,Plate 3,,Plate 3_D07,D07,07D,21.GS.C6.SN.Student2.IB-plant576-TMS21F2018P0006,,,Leaf,CTAB
2021-07-07,Plate 3,,Plate 3_E07,E07,07E,21.GS.C6.SN.Student2.IB-plant578-TMS21F2018P0008,,,Leaf,CTAB
2021-07-07,Plate 3,,Plate 3_F07,F07,07F,21.GS.C6.SN.Student2.IB-plant581-TMS21F2019P0001,,,Leaf,CTAB
2021-07-07,Plate 3,,Plate 3_G07,G07,07G,21.GS.C6.SN.Student2.IB-plant583-TMS21F2019P0003,,,Leaf,CTAB
2021-07-07,Plate 3,,Plate 3_H07,H07,07H,21.GS.C6.SN.Student2.IB-plant585-TMS21F2019P0005,,,Leaf,CTAB
2021-07-07,Plate 3,,Plate 3_A08,A08,08A,21.GS.C6.SN.Student2.IB-plant587-TMS21F2019P0007,,,Leaf,CTAB
2021-07-07,Plate 3,,Plate 3_B08,B08,08B,21.GS.C6.SN.Student2.IB-plant589-TMS21F2019P0009,,,Leaf,CTAB
2021-07-07,Plate 3,,Plate 3_C08,C08,08C,21.GS.C6.SN.Student2.IB-plant591-TMS21F2019P0011,,,Leaf,CTAB
2021-07-07,Plate 3,,Plate 3_D08,D08,08D,21.GS.C6.SN.Student2.IB-plant593-TMS21F2019P0013,,,Leaf,CTAB
2021-07-07,Plate 3,,Plate 3_E08,E08,08E,21.GS.C6.SN.Student2.IB-plant595-TMS21F2019P0015,,,Leaf,CTAB
2021-07-07,Plate 3,,Plate 3_F08,F08,08F,21.GS.C6.SN.Student2.IB-plant596-TMS21F2019P0016,,,Leaf,CTAB
2021-07-07,Plate 3,,Plate 3_G08,G08,08G,21.GS.C6.SN.Student2.IB-plant598-TMS21F2019P0018,,,Leaf,CTAB
2021-07-07,Plate 3,,Plate 3_H08,H08,08H,21.GS.C6.SN.Student2.IB-plant601-TMS21F2020P0001,,,Leaf,CTAB
2021-07-07,Plate 3,,Plate 3_A09,A09,09A,21.GS.C6.SN.Student2.IB-plant603-TMS21F2020P0003,,,Leaf,CTAB
2021-07-07,Plate 3,,Plate 3_B09,B09,09B,21.GS.C6.SN.Student2.IB-plant605-TMS21F2020P0005,,,Leaf,CTAB
2021-07-07,Plate 3,,Plate 3_C09,C09,09C,21.GS.C6.SN.Student2.IB-plant607-TMS21F2020P0007,,,Leaf,CTAB
2021-07-07,Plate 3,,Plate 3_D09,D09,09D,21.GS.C6.SN.Student2.IB-plant609-TMS21F2020P0009,,,Leaf,CTAB
2021-07-07,Plate 3,,Plate 3_E09,E09,09E,21.GS.C6.SN.Student2.IB-plant611-TMS21F2020P0011,,,Leaf,CTAB
2021-07-07,Plate 3,,Plate 3_F09,F09,09F,21.GS.C6.SN.Student2.IB-plant613-TMS21F2020P0013,,,Leaf,CTAB
2021-07-07,Plate 3,,Plate 3_G09,G09,09G,21.GS.C6.SN.Student2.IB-plant615-TMS21F2020P0015,,,Leaf,CTAB
2021-07-07,Plate 3,,Plate 3_H09,H09,09H,619,,,Leaf,CTAB
2021-07-07,Plate 3,,Plate 3_A10,A10,10A,21.GS.C6.SN.Student2.IB-plant622-TMS21F2024P0001,,,Leaf,CTAB
2021-07-07,Plate 3,,Plate 3_B10,B10,10B,21.GS.C6.SN.Student2.IB-plant625-TMS21F2024P0004,,,Leaf,CTAB
2021-07-07,Plate 3,,Plate 3_C10,C10,10C,21.GS.C6.SN.Student2.IB-plant626-TMS21F2024P0005,,,Leaf,CTAB
2021-07-07,Plate 3,,Plate 3_D10,D10,10D,627,,,Leaf,CTAB
2021-07-07,Plate 3,,Plate 3_E10,E10,10E,21.GS.C6.SN.Student2.IB-plant452-TMS21F2010P0006,,,Leaf,CTAB
2021-07-07,Plate 3,,Plate 3_F10,F10,10F,21.GS.C6.SN.Student2.IB-plant455-TMS21F2011P0002,,,Leaf,CTAB
2021-07-07,Plate 3,,Plate 3_G10,G10,10G,21.GS.C6.SN.Student2.IB-plant458-TMS21F2012P0001,,,Leaf,CTAB
2021-07-07,Plate 3,,Plate 3_H10,H10,10H,21.GS.C6.SN.Student2.IB-plant468-TMS21F2012P0011,,,Leaf,CTAB
2021-07-07,Plate 3,,Plate 3_A11,A11,11A,21.GS.C6.SN.Student2.IB-plant478-TMS21F2012P0021,,,Leaf,CTAB
2021-07-07,Plate 3,,Plate 3_B11,B11,11B,21.GS.C6.SN.Student2.IB-plant483-TMS21F2013P0001,,,Leaf,CTAB
2021-07-07,Plate 3,,Plate 3_C11,C11,11C,21.GS.C6.SN.Student2.IB-plant485-TMS21F2013P0003,,,Leaf,CTAB
2021-07-07,Plate 3,,Plate 3_D11,D11,11D,21.GS.C6.SN.Student2.IB-plant489-TMS21F2013P0007,,,Leaf,CTAB
2021-07-07,Plate 3,,Plate 3_E11,E11,11E,21.GS.C6.SN.Student2.IB-plant492-TMS21F2013P0010,,,Leaf,CTAB
2021-07-07,Plate 3,,Plate 3_F11,F11,11F,21.GS.C6.SN.Student2.IB-plant494-TMS21F2013P0012,,,Leaf,CTAB
2021-07-07,Plate 3,,Plate 3_G11,G11,11G,21.GS.C6.SN.Student2.IB-plant496-TMS21F2013P0014,,,Leaf,CTAB
2021-07-07,Plate 3,,Plate 3_H11,H11,11H,BLANK_Plate 3_H11,,,Leaf,CTAB
2021-07-07,Plate 3,,Plate 3_A12,A12,12A,21.GS.C6.SN.Student2.IB-plant499-TMS21F2013P0017,,,Leaf,CTAB
2021-07-07,Plate 3,,Plate 3_B12,B12,12B,21.GS.C6.SN.Student2.IB-plant501-TMS21F2013P0019,,,Leaf,CTAB
2021-07-07,Plate 3,,Plate 3_C12,C12,12C,21.GS.C6.SN.Student2.IB-plant513-TMS21F2014P0002,,,Leaf,CTAB
2021-07-07,Plate 3,,Plate 3_D12,D12,12D,21.GS.C6.SN.Student2.IB-plant517-TMS21F2014P0006,,,Leaf,CTAB
2021-07-07,Plate 3,,Plate 3_E12,E12,12E,21.GS.C6.SN.Student2.IB-plant521-TMS21F2014P0010,,,Leaf,CTAB
2021-07-07,Plate 3,,Plate 3_F12,F12,12F,21.GS.C6.SN.Student2.IB-plant523-TMS21F2014P0012,,,Leaf,CTAB
2021-07-07,Plate 3,,Plate 3_G12,G12,12G,525,,,Leaf,CTAB
2021-07-07,Plate 3,,Plate 3_H12,H12,12H,BLANK_Plate 3_H12,,,Leaf,CTAB
