date,plate_id,plate_name,sample_id,well_A01,well_01A,tissue_id,dna_person,notes,tissue_type,extraction
2021-07-13,plate 31,,plate 31_A01,A01,01A,5678,,,Leaf,CTAB
2021-07-13,plate 31,,plate 31_B01,B01,01B,5680,,,Leaf,CTAB
2021-07-13,plate 31,,plate 31_C01,C01,01C,5681,,,Leaf,CTAB
2021-07-13,plate 31,,plate 31_D01,D01,01D,5682,,,Leaf,CTAB
2021-07-13,plate 31,,plate 31_E01,E01,01E,5683,,,Leaf,CTAB
2021-07-13,plate 31,,plate 31_F01,F01,01F,5685,,,Leaf,CTAB
2021-07-13,plate 31,,plate 31_G01,G01,01G,5686,,,Leaf,CTAB
2021-07-13,plate 31,,plate 31_H01,H01,01H,5687,,,Leaf,CTAB
2021-07-13,plate 31,,plate 31_A02,A02,02A,5688,,,Leaf,CTAB
2021-07-13,plate 31,,plate 31_B02,B02,02B,5690,,,Leaf,CTAB
2021-07-13,plate 31,,plate 31_C02,C02,02C,5692,,,Leaf,CTAB
2021-07-13,plate 31,,plate 31_D02,D02,02D,5730,,,Leaf,CTAB
2021-07-13,plate 31,,plate 31_E02,E02,02E,5732,,,Leaf,CTAB
2021-07-13,plate 31,,plate 31_F02,F02,02F,5734,,,Leaf,CTAB
2021-07-13,plate 31,,plate 31_G02,G02,02G,5736,,,Leaf,CTAB
2021-07-13,plate 31,,plate 31_H02,H02,02H,5738,,,Leaf,CTAB
2021-07-13,plate 31,,plate 31_A03,A03,03A,5741,,,Leaf,CTAB
2021-07-13,plate 31,,plate 31_B03,B03,03B,5743,,,Leaf,CTAB
2021-07-13,plate 31,,plate 31_C03,C03,03C,5745,,,Leaf,CTAB
2021-07-13,plate 31,,plate 31_D03,D03,03D,5747,,,Leaf,CTAB
2021-07-13,plate 31,,plate 31_E03,E03,03E,5749,,,Leaf,CTAB
2021-07-13,plate 31,,plate 31_F03,F03,03F,5750,,,Leaf,CTAB
2021-07-13,plate 31,,plate 31_G03,G03,03G,5752,,,Leaf,CTAB
2021-07-13,plate 31,,plate 31_H03,H03,03H,5753,,,Leaf,CTAB
2021-07-13,plate 31,,plate 31_A04,A04,04A,5755,,,Leaf,CTAB
2021-07-13,plate 31,,plate 31_B04,B04,04B,5757,,,Leaf,CTAB
2021-07-13,plate 31,,plate 31_C04,C04,04C,5758,,,Leaf,CTAB
2021-07-13,plate 31,,plate 31_D04,D04,04D,5760,,,Leaf,CTAB
2021-07-13,plate 31,,plate 31_E04,E04,04E,5762,,,Leaf,CTAB
2021-07-13,plate 31,,plate 31_F04,F04,04F,5764,,,Leaf,CTAB
2021-07-13,plate 31,,plate 31_G04,G04,04G,5765,,,Leaf,CTAB
2021-07-13,plate 31,,plate 31_H04,H04,04H,5766,,,Leaf,CTAB
2021-07-13,plate 31,,plate 31_A05,A05,05A,5767,,,Leaf,CTAB
2021-07-13,plate 31,,plate 31_B05,B05,05B,5768,,,Leaf,CTAB
2021-07-13,plate 31,,plate 31_C05,C05,05C,5770,,,Leaf,CTAB
2021-07-13,plate 31,,plate 31_D05,D05,05D,5772,,,Leaf,CTAB
2021-07-13,plate 31,,plate 31_E05,E05,05E,5774,,,Leaf,CTAB
2021-07-13,plate 31,,plate 31_F05,F05,05F,5776,,,Leaf,CTAB
2021-07-13,plate 31,,plate 31_G05,G05,05G,5778,,,Leaf,CTAB
2021-07-13,plate 31,,plate 31_H05,H05,05H,5779,,,Leaf,CTAB
2021-07-13,plate 31,,plate 31_A06,A06,06A,5780,,,Leaf,CTAB
2021-07-13,plate 31,,plate 31_B06,B06,06B,5781,,,Leaf,CTAB
2021-07-13,plate 31,,plate 31_C06,C06,06C,5783,,,Leaf,CTAB
2021-07-13,plate 31,,plate 31_D06,D06,06D,5785,,,Leaf,CTAB
2021-07-13,plate 31,,plate 31_E06,E06,06E,5787,,,Leaf,CTAB
2021-07-13,plate 31,,plate 31_F06,F06,06F,5797,,,Leaf,CTAB
2021-07-13,plate 31,,plate 31_G06,G06,06G,5798,,,Leaf,CTAB
2021-07-13,plate 31,,plate 31_H06,H06,06H,5799,,,Leaf,CTAB
2021-07-13,plate 31,,plate 31_A07,A07,07A,5801,,,Leaf,CTAB
2021-07-13,plate 31,,plate 31_B07,B07,07B,5803,,,Leaf,CTAB
2021-07-13,plate 31,,plate 31_C07,C07,07C,5804,,,Leaf,CTAB
2021-07-13,plate 31,,plate 31_D07,D07,07D,5806,,,Leaf,CTAB
2021-07-13,plate 31,,plate 31_E07,E07,07E,5807,,,Leaf,CTAB
2021-07-13,plate 31,,plate 31_F07,F07,07F,5809,,,Leaf,CTAB
2021-07-13,plate 31,,plate 31_G07,G07,07G,5811,,,Leaf,CTAB
2021-07-13,plate 31,,plate 31_H07,H07,07H,5812,,,Leaf,CTAB
2021-07-13,plate 31,,plate 31_A08,A08,08A,5813,,,Leaf,CTAB
2021-07-13,plate 31,,plate 31_B08,B08,08B,5815,,,Leaf,CTAB
2021-07-13,plate 31,,plate 31_C08,C08,08C,5817,,,Leaf,CTAB
2021-07-13,plate 31,,plate 31_D08,D08,08D,5818,,,Leaf,CTAB
2021-07-13,plate 31,,plate 31_E08,E08,08E,5819,,,Leaf,CTAB
2021-07-13,plate 31,,plate 31_F08,F08,08F,5821,,,Leaf,CTAB
2021-07-13,plate 31,,plate 31_G08,G08,08G,5822,,,Leaf,CTAB
2021-07-13,plate 31,,plate 31_H08,H08,08H,5824,,,Leaf,CTAB
2021-07-13,plate 31,,plate 31_A09,A09,09A,5825,,,Leaf,CTAB
2021-07-13,plate 31,,plate 31_B09,B09,09B,5827,,,Leaf,CTAB
2021-07-13,plate 31,,plate 31_C09,C09,09C,5828,,,Leaf,CTAB
2021-07-13,plate 31,,plate 31_D09,D09,09D,5829,,,Leaf,CTAB
2021-07-13,plate 31,,plate 31_E09,E09,09E,5831,,,Leaf,CTAB
2021-07-13,plate 31,,plate 31_F09,F09,09F,5833,,,Leaf,CTAB
2021-07-13,plate 31,,plate 31_G09,G09,09G,5834,,,Leaf,CTAB
2021-07-13,plate 31,,plate 31_H09,H09,09H,5836,,,Leaf,CTAB
2021-07-13,plate 31,,plate 31_A10,A10,10A,5838,,,Leaf,CTAB
2021-07-13,plate 31,,plate 31_B10,B10,10B,5839,,,Leaf,CTAB
2021-07-13,plate 31,,plate 31_C10,C10,10C,5840,,,Leaf,CTAB
2021-07-13,plate 31,,plate 31_D10,D10,10D,5842,,,Leaf,CTAB
2021-07-13,plate 31,,plate 31_E10,E10,10E,5843,,,Leaf,CTAB
2021-07-13,plate 31,,plate 31_F10,F10,10F,5845,,,Leaf,CTAB
2021-07-13,plate 31,,plate 31_G10,G10,10G,5847,,,Leaf,CTAB
2021-07-13,plate 31,,plate 31_H10,H10,10H,5849,,,Leaf,CTAB
2021-07-13,plate 31,,plate 31_A11,A11,11A,5850,,,Leaf,CTAB
2021-07-13,plate 31,,plate 31_B11,B11,11B,5851,,,Leaf,CTAB
2021-07-13,plate 31,,plate 31_C11,C11,11C,5852,,,Leaf,CTAB
2021-07-13,plate 31,,plate 31_D11,D11,11D,5854,,,Leaf,CTAB
2021-07-13,plate 31,,plate 31_E11,E11,11E,5856,,,Leaf,CTAB
2021-07-13,plate 31,,plate 31_F11,F11,11F,5859,,,Leaf,CTAB
2021-07-13,plate 31,,plate 31_G11,G11,11G,5860,,,Leaf,CTAB
2021-07-13,plate 31,,plate 31_H11,H11,11H,BLANK_plate 31_H11,,,Leaf,CTAB
2021-07-13,plate 31,,plate 31_A12,A12,12A,TMS14F1035P0004,,,Leaf,CTAB
2021-07-13,plate 31,,plate 31_B12,B12,12B,841,,,Leaf,CTAB
2021-07-13,plate 31,,plate 31_C12,C12,12C,847,,,Leaf,CTAB
2021-07-13,plate 31,,plate 31_D12,D12,12D,848,,,Leaf,CTAB
2021-07-13,plate 31,,plate 31_E12,E12,12E,849,,,Leaf,CTAB
2021-07-13,plate 31,,plate 31_F12,F12,12F,850,,,Leaf,CTAB
2021-07-13,plate 31,,plate 31_G12,G12,12G,TMEB419,,,Leaf,CTAB
2021-07-13,plate 31,,plate 31_H12,H12,12H,BLANK_plate 31_H12,,,Leaf,CTAB
