date,plate_id,plate_name,sample_id,well_A01,well_01A,tissue_id,dna_person,notes,tissue_type,extraction
2021-07-08,plate 10,,plate 10_A01,A01,01A,1560,,,Leaf,CTAB
2021-07-08,plate 10,,plate 10_B01,B01,01B,1562,,,Leaf,CTAB
2021-07-08,plate 10,,plate 10_C01,C01,01C,1564,,,Leaf,CTAB
2021-07-08,plate 10,,plate 10_D01,D01,01D,1566,,,Leaf,CTAB
2021-07-08,plate 10,,plate 10_E01,E01,01E,1568,,,Leaf,CTAB
2021-07-08,plate 10,,plate 10_F01,F01,01F,1569,,,Leaf,CTAB
2021-07-08,plate 10,,plate 10_G01,G01,01G,1570,,,Leaf,CTAB
2021-07-08,plate 10,,plate 10_H01,H01,01H,1572,,,Leaf,CTAB
2021-07-08,plate 10,,plate 10_A02,A02,02A,1575,,,Leaf,CTAB
2021-07-08,plate 10,,plate 10_B02,B02,02B,1576,,,Leaf,CTAB
2021-07-08,plate 10,,plate 10_C02,C02,02C,1577,,,Leaf,CTAB
2021-07-08,plate 10,,plate 10_D02,D02,02D,1579,,,Leaf,CTAB
2021-07-08,plate 10,,plate 10_E02,E02,02E,1581,,,Leaf,CTAB
2021-07-08,plate 10,,plate 10_F02,F02,02F,1583,,,Leaf,CTAB
2021-07-08,plate 10,,plate 10_G02,G02,02G,1585,,,Leaf,CTAB
2021-07-08,plate 10,,plate 10_H02,H02,02H,1587,,,Leaf,CTAB
2021-07-08,plate 10,,plate 10_A03,A03,03A,1589,,,Leaf,CTAB
2021-07-08,plate 10,,plate 10_B03,B03,03B,1591,,,Leaf,CTAB
2021-07-08,plate 10,,plate 10_C03,C03,03C,1593,,,Leaf,CTAB
2021-07-08,plate 10,,plate 10_D03,D03,03D,1595,,,Leaf,CTAB
2021-07-08,plate 10,,plate 10_E03,E03,03E,1598,,,Leaf,CTAB
2021-07-08,plate 10,,plate 10_F03,F03,03F,1600,,,Leaf,CTAB
2021-07-08,plate 10,,plate 10_G03,G03,03G,1601,,,Leaf,CTAB
2021-07-08,plate 10,,plate 10_H03,H03,03H,1605,,,Leaf,CTAB
2021-07-08,plate 10,,plate 10_A04,A04,04A,1603,,,Leaf,CTAB
2021-07-08,plate 10,,plate 10_B04,B04,04B,1620,,,Leaf,CTAB
2021-07-08,plate 10,,plate 10_C04,C04,04C,1622,,,Leaf,CTAB
2021-07-08,plate 10,,plate 10_D04,D04,04D,1623,,,Leaf,CTAB
2021-07-08,plate 10,,plate 10_E04,E04,04E,1627,,,Leaf,CTAB
2021-07-08,plate 10,,plate 10_F04,F04,04F,1628,,,Leaf,CTAB
2021-07-08,plate 10,,plate 10_G04,G04,04G,1633,,,Leaf,CTAB
2021-07-08,plate 10,,plate 10_H04,H04,04H,1636,,,Leaf,CTAB
2021-07-08,plate 10,,plate 10_A05,A05,05A,1638,,,Leaf,CTAB
2021-07-08,plate 10,,plate 10_B05,B05,05B,1641,,,Leaf,CTAB
2021-07-08,plate 10,,plate 10_C05,C05,05C,1643,,,Leaf,CTAB
2021-07-08,plate 10,,plate 10_D05,D05,05D,1645,,,Leaf,CTAB
2021-07-08,plate 10,,plate 10_E05,E05,05E,1647,,,Leaf,CTAB
2021-07-08,plate 10,,plate 10_F05,F05,05F,1649,,,Leaf,CTAB
2021-07-08,plate 10,,plate 10_G05,G05,05G,1650,,,Leaf,CTAB
2021-07-08,plate 10,,plate 10_H05,H05,05H,1651,,,Leaf,CTAB
2021-07-08,plate 10,,plate 10_A06,A06,06A,1653,,,Leaf,CTAB
2021-07-08,plate 10,,plate 10_B06,B06,06B,1655,,,Leaf,CTAB
2021-07-08,plate 10,,plate 10_C06,C06,06C,1657,,,Leaf,CTAB
2021-07-08,plate 10,,plate 10_D06,D06,06D,1659,,,Leaf,CTAB
2021-07-08,plate 10,,plate 10_E06,E06,06E,1661,,,Leaf,CTAB
2021-07-08,plate 10,,plate 10_F06,F06,06F,1662,,,Leaf,CTAB
2021-07-08,plate 10,,plate 10_G06,G06,06G,1665,,,Leaf,CTAB
2021-07-08,plate 10,,plate 10_H06,H06,06H,1667,,,Leaf,CTAB
2021-07-08,plate 10,,plate 10_A07,A07,07A,1668,,,Leaf,CTAB
2021-07-08,plate 10,,plate 10_B07,B07,07B,1670,,,Leaf,CTAB
2021-07-08,plate 10,,plate 10_C07,C07,07C,1671,,,Leaf,CTAB
2021-07-08,plate 10,,plate 10_D07,D07,07D,1672,,,Leaf,CTAB
2021-07-08,plate 10,,plate 10_E07,E07,07E,1674,,,Leaf,CTAB
2021-07-08,plate 10,,plate 10_F07,F07,07F,1676,,,Leaf,CTAB
2021-07-08,plate 10,,plate 10_G07,G07,07G,1678,,,Leaf,CTAB
2021-07-08,plate 10,,plate 10_H07,H07,07H,1680,,,Leaf,CTAB
2021-07-08,plate 10,,plate 10_A08,A08,08A,1684,,,Leaf,CTAB
2021-07-08,plate 10,,plate 10_B08,B08,08B,1687,,,Leaf,CTAB
2021-07-08,plate 10,,plate 10_C08,C08,08C,1689,,,Leaf,CTAB
2021-07-08,plate 10,,plate 10_D08,D08,08D,1691,,,Leaf,CTAB
2021-07-08,plate 10,,plate 10_E08,E08,08E,1693,,,Leaf,CTAB
2021-07-08,plate 10,,plate 10_F08,F08,08F,1695,,,Leaf,CTAB
2021-07-08,plate 10,,plate 10_G08,G08,08G,1697,,,Leaf,CTAB
2021-07-08,plate 10,,plate 10_H08,H08,08H,1699,,,Leaf,CTAB
2021-07-08,plate 10,,plate 10_A09,A09,09A,1701,,,Leaf,CTAB
2021-07-08,plate 10,,plate 10_B09,B09,09B,1703,,,Leaf,CTAB
2021-07-08,plate 10,,plate 10_C09,C09,09C,1705,,,Leaf,CTAB
2021-07-08,plate 10,,plate 10_D09,D09,09D,1710,,,Leaf,CTAB
2021-07-08,plate 10,,plate 10_E09,E09,09E,1712,,,Leaf,CTAB
2021-07-08,plate 10,,plate 10_F09,F09,09F,1714,,,Leaf,CTAB
2021-07-08,plate 10,,plate 10_G09,G09,09G,1715,,,Leaf,CTAB
2021-07-08,plate 10,,plate 10_H09,H09,09H,1717,,,Leaf,CTAB
2021-07-08,plate 10,,plate 10_A10,A10,10A,1719,,,Leaf,CTAB
2021-07-08,plate 10,,plate 10_B10,B10,10B,1720,,,Leaf,CTAB
2021-07-08,plate 10,,plate 10_C10,C10,10C,1721,,,Leaf,CTAB
2021-07-08,plate 10,,plate 10_D10,D10,10D,1724,,,Leaf,CTAB
2021-07-08,plate 10,,plate 10_E10,E10,10E,1726,,,Leaf,CTAB
2021-07-08,plate 10,,plate 10_F10,F10,10F,1727,,,Leaf,CTAB
2021-07-08,plate 10,,plate 10_G10,G10,10G,1728,,,Leaf,CTAB
2021-07-08,plate 10,,plate 10_H10,H10,10H,1730,,,Leaf,CTAB
2021-07-08,plate 10,,plate 10_A11,A11,11A,1732,,,Leaf,CTAB
2021-07-08,plate 10,,plate 10_B11,B11,11B,1733,,,Leaf,CTAB
2021-07-08,plate 10,,plate 10_C11,C11,11C,1736,,,Leaf,CTAB
2021-07-08,plate 10,,plate 10_D11,D11,11D,1737,,,Leaf,CTAB
2021-07-08,plate 10,,plate 10_E11,E11,11E,1739,,,Leaf,CTAB
2021-07-08,plate 10,,plate 10_F11,F11,11F,1740,,,Leaf,CTAB
2021-07-08,plate 10,,plate 10_G11,G11,11G,1741,,,Leaf,CTAB
2021-07-08,plate 10,,plate 10_H11,H11,11H,BLANK_plate 10_H11,,,Leaf,CTAB
2021-07-08,plate 10,,plate 10_A12,A12,12A,1743,,,Leaf,CTAB
2021-07-08,plate 10,,plate 10_B12,B12,12B,1744,,,Leaf,CTAB
2021-07-08,plate 10,,plate 10_C12,C12,12C,1747,,,Leaf,CTAB
2021-07-08,plate 10,,plate 10_D12,D12,12D,1749,,,Leaf,CTAB
2021-07-08,plate 10,,plate 10_E12,E12,12E,1751,,,Leaf,CTAB
2021-07-08,plate 10,,plate 10_F12,F12,12F,1753,,,Leaf,CTAB
2021-07-08,plate 10,,plate 10_G12,G12,12G,1755,,,Leaf,CTAB
2021-07-08,plate 10,,plate 10_H12,H12,12H,BLANK_plate 10_H12,,,Leaf,CTAB
