date,plate_id,plate_name,sample_id,well_A01,well_01A,tissue_id,dna_person,notes,tissue_type,extraction
2021-07-13,plate 29,,plate 29_A01,A01,01A,5278,,,Leaf,CTAB
2021-07-13,plate 29,,plate 29_B01,B01,01B,5280,,,Leaf,CTAB
2021-07-13,plate 29,,plate 29_C01,C01,01C,5282,,,Leaf,CTAB
2021-07-13,plate 29,,plate 29_D01,D01,01D,5284,,,Leaf,CTAB
2021-07-13,plate 29,,plate 29_E01,E01,01E,5287,,,Leaf,CTAB
2021-07-13,plate 29,,plate 29_F01,F01,01F,5289,,,Leaf,CTAB
2021-07-13,plate 29,,plate 29_G01,G01,01G,5291,,,Leaf,CTAB
2021-07-13,plate 29,,plate 29_H01,H01,01H,5294,,,Leaf,CTAB
2021-07-13,plate 29,,plate 29_A02,A02,02A,5296,,,Leaf,CTAB
2021-07-13,plate 29,,plate 29_B02,B02,02B,5299,,,Leaf,CTAB
2021-07-13,plate 29,,plate 29_C02,C02,02C,5300,,,Leaf,CTAB
2021-07-13,plate 29,,plate 29_D02,D02,02D,5302,,,Leaf,CTAB
2021-07-13,plate 29,,plate 29_E02,E02,02E,5304,,,Leaf,CTAB
2021-07-13,plate 29,,plate 29_F02,F02,02F,5306,,,Leaf,CTAB
2021-07-13,plate 29,,plate 29_G02,G02,02G,5308,,,Leaf,CTAB
2021-07-13,plate 29,,plate 29_H02,H02,02H,5312,,,Leaf,CTAB
2021-07-13,plate 29,,plate 29_A03,A03,03A,5313,,,Leaf,CTAB
2021-07-13,plate 29,,plate 29_B03,B03,03B,5315,,,Leaf,CTAB
2021-07-13,plate 29,,plate 29_C03,C03,03C,5318,,,Leaf,CTAB
2021-07-13,plate 29,,plate 29_D03,D03,03D,5321,,,Leaf,CTAB
2021-07-13,plate 29,,plate 29_E03,E03,03E,5323,,,Leaf,CTAB
2021-07-13,plate 29,,plate 29_F03,F03,03F,5324,,,Leaf,CTAB
2021-07-13,plate 29,,plate 29_G03,G03,03G,5325,,,Leaf,CTAB
2021-07-13,plate 29,,plate 29_H03,H03,03H,5327,,,Leaf,CTAB
2021-07-13,plate 29,,plate 29_A04,A04,04A,5329,,,Leaf,CTAB
2021-07-13,plate 29,,plate 29_B04,B04,04B,5331,,,Leaf,CTAB
2021-07-13,plate 29,,plate 29_C04,C04,04C,5333,,,Leaf,CTAB
2021-07-13,plate 29,,plate 29_D04,D04,04D,5334,,,Leaf,CTAB
2021-07-13,plate 29,,plate 29_E04,E04,04E,5337,,,Leaf,CTAB
2021-07-13,plate 29,,plate 29_F04,F04,04F,5339,,,Leaf,CTAB
2021-07-13,plate 29,,plate 29_G04,G04,04G,5341,,,Leaf,CTAB
2021-07-13,plate 29,,plate 29_H04,H04,04H,5342,,,Leaf,CTAB
2021-07-13,plate 29,,plate 29_A05,A05,05A,5343,,,Leaf,CTAB
2021-07-13,plate 29,,plate 29_B05,B05,05B,5345,,,Leaf,CTAB
2021-07-13,plate 29,,plate 29_C05,C05,05C,5347,,,Leaf,CTAB
2021-07-13,plate 29,,plate 29_D05,D05,05D,5369,,,Leaf,CTAB
2021-07-13,plate 29,,plate 29_E05,E05,05E,5371,,,Leaf,CTAB
2021-07-13,plate 29,,plate 29_F05,F05,05F,5373,,,Leaf,CTAB
2021-07-13,plate 29,,plate 29_G05,G05,05G,5375,,,Leaf,CTAB
2021-07-13,plate 29,,plate 29_H05,H05,05H,5376,,,Leaf,CTAB
2021-07-13,plate 29,,plate 29_A06,A06,06A,5379,,,Leaf,CTAB
2021-07-13,plate 29,,plate 29_B06,B06,06B,5381,,,Leaf,CTAB
2021-07-13,plate 29,,plate 29_C06,C06,06C,5383,,,Leaf,CTAB
2021-07-13,plate 29,,plate 29_D06,D06,06D,5385,,,Leaf,CTAB
2021-07-13,plate 29,,plate 29_E06,E06,06E,5387,,,Leaf,CTAB
2021-07-13,plate 29,,plate 29_F06,F06,06F,5389,,,Leaf,CTAB
2021-07-13,plate 29,,plate 29_G06,G06,06G,5391,,,Leaf,CTAB
2021-07-13,plate 29,,plate 29_H06,H06,06H,5393,,,Leaf,CTAB
2021-07-13,plate 29,,plate 29_A07,A07,07A,5394,,,Leaf,CTAB
2021-07-13,plate 29,,plate 29_B07,B07,07B,5395,,,Leaf,CTAB
2021-07-13,plate 29,,plate 29_C07,C07,07C,5397,,,Leaf,CTAB
2021-07-13,plate 29,,plate 29_D07,D07,07D,5399,,,Leaf,CTAB
2021-07-13,plate 29,,plate 29_E07,E07,07E,5402,,,Leaf,CTAB
2021-07-13,plate 29,,plate 29_F07,F07,07F,5404,,,Leaf,CTAB
2021-07-13,plate 29,,plate 29_G07,G07,07G,5406,,,Leaf,CTAB
2021-07-13,plate 29,,plate 29_H07,H07,07H,5408,,,Leaf,CTAB
2021-07-13,plate 29,,plate 29_A08,A08,08A,5410,,,Leaf,CTAB
2021-07-13,plate 29,,plate 29_B08,B08,08B,5412,,,Leaf,CTAB
2021-07-13,plate 29,,plate 29_C08,C08,08C,5413,,,Leaf,CTAB
2021-07-13,plate 29,,plate 29_D08,D08,08D,5414,,,Leaf,CTAB
2021-07-13,plate 29,,plate 29_E08,E08,08E,5416,,,Leaf,CTAB
2021-07-13,plate 29,,plate 29_F08,F08,08F,5419,,,Leaf,CTAB
2021-07-13,plate 29,,plate 29_G08,G08,08G,5421,,,Leaf,CTAB
2021-07-13,plate 29,,plate 29_H08,H08,08H,5422,,,Leaf,CTAB
2021-07-13,plate 29,,plate 29_A09,A09,09A,5424,,,Leaf,CTAB
2021-07-13,plate 29,,plate 29_B09,B09,09B,5426,,,Leaf,CTAB
2021-07-13,plate 29,,plate 29_C09,C09,09C,5428,,,Leaf,CTAB
2021-07-13,plate 29,,plate 29_D09,D09,09D,5430,,,Leaf,CTAB
2021-07-13,plate 29,,plate 29_E09,E09,09E,5432,,,Leaf,CTAB
2021-07-13,plate 29,,plate 29_F09,F09,09F,5434,,,Leaf,CTAB
2021-07-13,plate 29,,plate 29_G09,G09,09G,5436,,,Leaf,CTAB
2021-07-13,plate 29,,plate 29_H09,H09,09H,5438,,,Leaf,CTAB
2021-07-13,plate 29,,plate 29_A10,A10,10A,5439,,,Leaf,CTAB
2021-07-13,plate 29,,plate 29_B10,B10,10B,5441,,,Leaf,CTAB
2021-07-13,plate 29,,plate 29_C10,C10,10C,5443,,,Leaf,CTAB
2021-07-13,plate 29,,plate 29_D10,D10,10D,5445,,,Leaf,CTAB
2021-07-13,plate 29,,plate 29_E10,E10,10E,5447,,,Leaf,CTAB
2021-07-13,plate 29,,plate 29_F10,F10,10F,5449,,,Leaf,CTAB
2021-07-13,plate 29,,plate 29_G10,G10,10G,5451,,,Leaf,CTAB
2021-07-13,plate 29,,plate 29_H10,H10,10H,5452,,,Leaf,CTAB
2021-07-13,plate 29,,plate 29_A11,A11,11A,5454,,,Leaf,CTAB
2021-07-13,plate 29,,plate 29_B11,B11,11B,5458,,,Leaf,CTAB
2021-07-13,plate 29,,plate 29_C11,C11,11C,5462,,,Leaf,CTAB
2021-07-13,plate 29,,plate 29_D11,D11,11D,5464,,,Leaf,CTAB
2021-07-13,plate 29,,plate 29_E11,E11,11E,5466,,,Leaf,CTAB
2021-07-13,plate 29,,plate 29_F11,F11,11F,5468,,,Leaf,CTAB
2021-07-13,plate 29,,plate 29_G11,G11,11G,5469,,,Leaf,CTAB
2021-07-13,plate 29,,plate 29_H11,H11,11H,BLANK_plate 29_H11,,,Leaf,CTAB
2021-07-13,plate 29,,plate 29_A12,A12,12A,5470,,,Leaf,CTAB
2021-07-13,plate 29,,plate 29_B12,B12,12B,5475,,,Leaf,CTAB
2021-07-13,plate 29,,plate 29_C12,C12,12C,5477,,,Leaf,CTAB
2021-07-13,plate 29,,plate 29_D12,D12,12D,5480,,,Leaf,CTAB
2021-07-13,plate 29,,plate 29_E12,E12,12E,5481,,,Leaf,CTAB
2021-07-13,plate 29,,plate 29_F12,F12,12F,5482,,,Leaf,CTAB
2021-07-13,plate 29,,plate 29_G12,G12,12G,5484,,,Leaf,CTAB
2021-07-13,plate 29,,plate 29_H12,H12,12H,BLANK_plate 29_H12,,,Leaf,CTAB
