date,plate_id,plate_name,sample_id,well_A01,well_01A,tissue_id,dna_person,notes,tissue_type,extraction
2021-07-09,plate 16,,plate 16_A01,A01,01A,2696,,,Leaf,CTAB
2021-07-09,plate 16,,plate 16_B01,B01,01B,2698,,,Leaf,CTAB
2021-07-09,plate 16,,plate 16_C01,C01,01C,2700,,,Leaf,CTAB
2021-07-09,plate 16,,plate 16_D01,D01,01D,2703,,,Leaf,CTAB
2021-07-09,plate 16,,plate 16_E01,E01,01E,2705,,,Leaf,CTAB
2021-07-09,plate 16,,plate 16_F01,F01,01F,2707,,,Leaf,CTAB
2021-07-09,plate 16,,plate 16_G01,G01,01G,2708,,,Leaf,CTAB
2021-07-09,plate 16,,plate 16_H01,H01,01H,2719,,,Leaf,CTAB
2021-07-09,plate 16,,plate 16_A02,A02,02A,2721,,,Leaf,CTAB
2021-07-09,plate 16,,plate 16_B02,B02,02B,2723,,,Leaf,CTAB
2021-07-09,plate 16,,plate 16_C02,C02,02C,2726,,,Leaf,CTAB
2021-07-09,plate 16,,plate 16_D02,D02,02D,2728,,,Leaf,CTAB
2021-07-09,plate 16,,plate 16_E02,E02,02E,2730,,,Leaf,CTAB
2021-07-09,plate 16,,plate 16_F02,F02,02F,2732,,,Leaf,CTAB
2021-07-09,plate 16,,plate 16_G02,G02,02G,2734,,,Leaf,CTAB
2021-07-09,plate 16,,plate 16_H02,H02,02H,2736,,,Leaf,CTAB
2021-07-09,plate 16,,plate 16_A03,A03,03A,2738,,,Leaf,CTAB
2021-07-09,plate 16,,plate 16_B03,B03,03B,2740,,,Leaf,CTAB
2021-07-09,plate 16,,plate 16_C03,C03,03C,2742,,,Leaf,CTAB
2021-07-09,plate 16,,plate 16_D03,D03,03D,2743,,,Leaf,CTAB
2021-07-09,plate 16,,plate 16_E03,E03,03E,2746,,,Leaf,CTAB
2021-07-09,plate 16,,plate 16_F03,F03,03F,2748,,,Leaf,CTAB
2021-07-09,plate 16,,plate 16_G03,G03,03G,2750,,,Leaf,CTAB
2021-07-09,plate 16,,plate 16_H03,H03,03H,2752,,,Leaf,CTAB
2021-07-09,plate 16,,plate 16_A04,A04,04A,2754,,,Leaf,CTAB
2021-07-09,plate 16,,plate 16_B04,B04,04B,2756,,,Leaf,CTAB
2021-07-09,plate 16,,plate 16_C04,C04,04C,2758,,,Leaf,CTAB
2021-07-09,plate 16,,plate 16_D04,D04,04D,2760,,,Leaf,CTAB
2021-07-09,plate 16,,plate 16_E04,E04,04E,2762,,,Leaf,CTAB
2021-07-09,plate 16,,plate 16_F04,F04,04F,2764,,,Leaf,CTAB
2021-07-09,plate 16,,plate 16_G04,G04,04G,2766,,,Leaf,CTAB
2021-07-09,plate 16,,plate 16_H04,H04,04H,2767,,,Leaf,CTAB
2021-07-09,plate 16,,plate 16_A05,A05,05A,2769,,,Leaf,CTAB
2021-07-09,plate 16,,plate 16_B05,B05,05B,2771,,,Leaf,CTAB
2021-07-09,plate 16,,plate 16_C05,C05,05C,2773,,,Leaf,CTAB
2021-07-09,plate 16,,plate 16_D05,D05,05D,2774.2 f2331P0056_2,,,Leaf,CTAB
2021-07-09,plate 16,,plate 16_E05,E05,05E,2776,,,Leaf,CTAB
2021-07-09,plate 16,,plate 16_F05,F05,05F,2778,,,Leaf,CTAB
2021-07-09,plate 16,,plate 16_G05,G05,05G,2780,,,Leaf,CTAB
2021-07-09,plate 16,,plate 16_H05,H05,05H,2782,,,Leaf,CTAB
2021-07-09,plate 16,,plate 16_A06,A06,06A,2783,,,Leaf,CTAB
2021-07-09,plate 16,,plate 16_B06,B06,06B,2784,,,Leaf,CTAB
2021-07-09,plate 16,,plate 16_C06,C06,06C,2786,,,Leaf,CTAB
2021-07-09,plate 16,,plate 16_D06,D06,06D,2788,,,Leaf,CTAB
2021-07-09,plate 16,,plate 16_E06,E06,06E,2791,,,Leaf,CTAB
2021-07-09,plate 16,,plate 16_F06,F06,06F,2793,,,Leaf,CTAB
2021-07-09,plate 16,,plate 16_G06,G06,06G,2795,,,Leaf,CTAB
2021-07-09,plate 16,,plate 16_H06,H06,06H,2797,,,Leaf,CTAB
2021-07-09,plate 16,,plate 16_A07,A07,07A,2800,,,Leaf,CTAB
2021-07-09,plate 16,,plate 16_B07,B07,07B,2801,,,Leaf,CTAB
2021-07-09,plate 16,,plate 16_C07,C07,07C,2814,,,Leaf,CTAB
2021-07-09,plate 16,,plate 16_D07,D07,07D,2816,,,Leaf,CTAB
2021-07-09,plate 16,,plate 16_E07,E07,07E,2818,,,Leaf,CTAB
2021-07-09,plate 16,,plate 16_F07,F07,07F,2820,,,Leaf,CTAB
2021-07-09,plate 16,,plate 16_G07,G07,07G,2822,,,Leaf,CTAB
2021-07-09,plate 16,,plate 16_H07,H07,07H,2823,,,Leaf,CTAB
2021-07-09,plate 16,,plate 16_A08,A08,08A,2824,,,Leaf,CTAB
2021-07-09,plate 16,,plate 16_B08,B08,08B,2826,,,Leaf,CTAB
2021-07-09,plate 16,,plate 16_C08,C08,08C,2828,,,Leaf,CTAB
2021-07-09,plate 16,,plate 16_D08,D08,08D,2830,,,Leaf,CTAB
2021-07-09,plate 16,,plate 16_E08,E08,08E,2832,,,Leaf,CTAB
2021-07-09,plate 16,,plate 16_F08,F08,08F,2834,,,Leaf,CTAB
2021-07-09,plate 16,,plate 16_G08,G08,08G,2836,,,Leaf,CTAB
2021-07-09,plate 16,,plate 16_H08,H08,08H,2838,,,Leaf,CTAB
2021-07-09,plate 16,,plate 16_A09,A09,09A,2841,,,Leaf,CTAB
2021-07-09,plate 16,,plate 16_B09,B09,09B,2843,,,Leaf,CTAB
2021-07-09,plate 16,,plate 16_C09,C09,09C,2845,,,Leaf,CTAB
2021-07-09,plate 16,,plate 16_D09,D09,09D,2847,,,Leaf,CTAB
2021-07-09,plate 16,,plate 16_E09,E09,09E,2849,,,Leaf,CTAB
2021-07-09,plate 16,,plate 16_F09,F09,09F,2850.5 P0038_2,,,Leaf,CTAB
2021-07-09,plate 16,,plate 16_G09,G09,09G,2852,,,Leaf,CTAB
2021-07-09,plate 16,,plate 16_H09,H09,09H,2854,,,Leaf,CTAB
2021-07-09,plate 16,,plate 16_A10,A10,10A,2855,,,Leaf,CTAB
2021-07-09,plate 16,,plate 16_B10,B10,10B,2857,,,Leaf,CTAB
2021-07-09,plate 16,,plate 16_C10,C10,10C,2859,,,Leaf,CTAB
2021-07-09,plate 16,,plate 16_D10,D10,10D,2861,,,Leaf,CTAB
2021-07-09,plate 16,,plate 16_E10,E10,10E,2863,,,Leaf,CTAB
2021-07-09,plate 16,,plate 16_F10,F10,10F,2865,,,Leaf,CTAB
2021-07-09,plate 16,,plate 16_G10,G10,10G,2867,,,Leaf,CTAB
2021-07-09,plate 16,,plate 16_H10,H10,10H,2870,,,Leaf,CTAB
2021-07-09,plate 16,,plate 16_A11,A11,11A,2872,,,Leaf,CTAB
2021-07-09,plate 16,,plate 16_B11,B11,11B,2874,,,Leaf,CTAB
2021-07-09,plate 16,,plate 16_C11,C11,11C,2876,,,Leaf,CTAB
2021-07-09,plate 16,,plate 16_D11,D11,11D,2878,,,Leaf,CTAB
2021-07-09,plate 16,,plate 16_E11,E11,11E,2880,,,Leaf,CTAB
2021-07-09,plate 16,,plate 16_F11,F11,11F,2882,,,Leaf,CTAB
2021-07-09,plate 16,,plate 16_G11,G11,11G,2884,,,Leaf,CTAB
2021-07-09,plate 16,,plate 16_H11,H11,11H,BLANK_plate 16_H11,,,Leaf,CTAB
2021-07-09,plate 16,,plate 16_A12,A12,12A,2886,,,Leaf,CTAB
2021-07-09,plate 16,,plate 16_B12,B12,12B,2888,,,Leaf,CTAB
2021-07-09,plate 16,,plate 16_C12,C12,12C,2890,,,Leaf,CTAB
2021-07-09,plate 16,,plate 16_D12,D12,12D,2892,,,Leaf,CTAB
2021-07-09,plate 16,,plate 16_E12,E12,12E,2893,,,Leaf,CTAB
2021-07-09,plate 16,,plate 16_F12,F12,12F,2894,,,Leaf,CTAB
2021-07-09,plate 16,,plate 16_G12,G12,12G,2896,,,Leaf,CTAB
2021-07-09,plate 16,,plate 16_H12,H12,12H,BLANK_plate 16_H12,,,Leaf,CTAB
