date,plate_id,plate_name,sample_id,well_A01,well_01A,tissue_id,dna_person,notes,tissue_type,extraction
2021-07-12,plate 20,,plate 20_A01,A01,01A,3471,,,Leaf,CTAB
2021-07-12,plate 20,,plate 20_B01,B01,01B,3474,,,Leaf,CTAB
2021-07-12,plate 20,,plate 20_C01,C01,01C,3477,,,Leaf,CTAB
2021-07-12,plate 20,,plate 20_D01,D01,01D,3479,,,Leaf,CTAB
2021-07-12,plate 20,,plate 20_E01,E01,01E,3481,,,Leaf,CTAB
2021-07-12,plate 20,,plate 20_F01,F01,01F,3484,,,Leaf,CTAB
2021-07-12,plate 20,,plate 20_G01,G01,01G,3486,,,Leaf,CTAB
2021-07-12,plate 20,,plate 20_H01,H01,01H,3488,,,Leaf,CTAB
2021-07-12,plate 20,,plate 20_A02,A02,02A,3490,,,Leaf,CTAB
2021-07-12,plate 20,,plate 20_B02,B02,02B,3492,,,Leaf,CTAB
2021-07-12,plate 20,,plate 20_C02,C02,02C,3495,,,Leaf,CTAB
2021-07-12,plate 20,,plate 20_D02,D02,02D,3497,,,Leaf,CTAB
2021-07-12,plate 20,,plate 20_E02,E02,02E,3499,,,Leaf,CTAB
2021-07-12,plate 20,,plate 20_F02,F02,02F,3501,,,Leaf,CTAB
2021-07-12,plate 20,,plate 20_G02,G02,02G,3503,,,Leaf,CTAB
2021-07-12,plate 20,,plate 20_H02,H02,02H,3505,,,Leaf,CTAB
2021-07-12,plate 20,,plate 20_A03,A03,03A,3507,,,Leaf,CTAB
2021-07-12,plate 20,,plate 20_B03,B03,03B,3509,,,Leaf,CTAB
2021-07-12,plate 20,,plate 20_C03,C03,03C,3510,,,Leaf,CTAB
2021-07-12,plate 20,,plate 20_D03,D03,03D,3511.5 F2239P0040_2,,,Leaf,CTAB
2021-07-12,plate 20,,plate 20_E03,E03,03E,3513,,,Leaf,CTAB
2021-07-12,plate 20,,plate 20_F03,F03,03F,3515,,,Leaf,CTAB
2021-07-12,plate 20,,plate 20_G03,G03,03G,3517,,,Leaf,CTAB
2021-07-12,plate 20,,plate 20_H03,H03,03H,3518,,,Leaf,CTAB
2021-07-12,plate 20,,plate 20_A04,A04,04A,3520,,,Leaf,CTAB
2021-07-12,plate 20,,plate 20_B04,B04,04B,3522,,,Leaf,CTAB
2021-07-12,plate 20,,plate 20_C04,C04,04C,3524,,,Leaf,CTAB
2021-07-12,plate 20,,plate 20_D04,D04,04D,3527,,,Leaf,CTAB
2021-07-12,plate 20,,plate 20_E04,E04,04E,3529,,,Leaf,CTAB
2021-07-12,plate 20,,plate 20_F04,F04,04F,3530,,,Leaf,CTAB
2021-07-12,plate 20,,plate 20_G04,G04,04G,3532,,,Leaf,CTAB
2021-07-12,plate 20,,plate 20_H04,H04,04H,3534,,,Leaf,CTAB
2021-07-12,plate 20,,plate 20_A05,A05,05A,3536,,,Leaf,CTAB
2021-07-12,plate 20,,plate 20_B05,B05,05B,3538,,,Leaf,CTAB
2021-07-12,plate 20,,plate 20_C05,C05,05C,3540,,,Leaf,CTAB
2021-07-12,plate 20,,plate 20_D05,D05,05D,3541,,,Leaf,CTAB
2021-07-12,plate 20,,plate 20_E05,E05,05E,3543,,,Leaf,CTAB
2021-07-12,plate 20,,plate 20_F05,F05,05F,3574,,,Leaf,CTAB
2021-07-12,plate 20,,plate 20_G05,G05,05G,3550,,,Leaf,CTAB
2021-07-12,plate 20,,plate 20_H05,H05,05H,3552,,,Leaf,CTAB
2021-07-12,plate 20,,plate 20_A06,A06,06A,3554,,,Leaf,CTAB
2021-07-12,plate 20,,plate 20_B06,B06,06B,3556,,,Leaf,CTAB
2021-07-12,plate 20,,plate 20_C06,C06,06C,3567,,,Leaf,CTAB
2021-07-12,plate 20,,plate 20_D06,D06,06D,3570,,,Leaf,CTAB
2021-07-12,plate 20,,plate 20_E06,E06,06E,3574,,,Leaf,CTAB
2021-07-12,plate 20,,plate 20_F06,F06,06F,3576,,,Leaf,CTAB
2021-07-12,plate 20,,plate 20_G06,G06,06G,3577,,,Leaf,CTAB
2021-07-12,plate 20,,plate 20_H06,H06,06H,3579,,,Leaf,CTAB
2021-07-12,plate 20,,plate 20_A07,A07,07A,3582,,,Leaf,CTAB
2021-07-12,plate 20,,plate 20_B07,B07,07B,3583,,,Leaf,CTAB
2021-07-12,plate 20,,plate 20_C07,C07,07C,3585,,,Leaf,CTAB
2021-07-12,plate 20,,plate 20_D07,D07,07D,3587,,,Leaf,CTAB
2021-07-12,plate 20,,plate 20_E07,E07,07E,3589,,,Leaf,CTAB
2021-07-12,plate 20,,plate 20_F07,F07,07F,3591,,,Leaf,CTAB
2021-07-12,plate 20,,plate 20_G07,G07,07G,3593,,,Leaf,CTAB
2021-07-12,plate 20,,plate 20_H07,H07,07H,3595,,,Leaf,CTAB
2021-07-12,plate 20,,plate 20_A08,A08,08A,3598,,,Leaf,CTAB
2021-07-12,plate 20,,plate 20_B08,B08,08B,3600,,,Leaf,CTAB
2021-07-12,plate 20,,plate 20_C08,C08,08C,3602,,,Leaf,CTAB
2021-07-12,plate 20,,plate 20_D08,D08,08D,3604,,,Leaf,CTAB
2021-07-12,plate 20,,plate 20_E08,E08,08E,3607,,,Leaf,CTAB
2021-07-12,plate 20,,plate 20_F08,F08,08F,3608,,,Leaf,CTAB
2021-07-12,plate 20,,plate 20_G08,G08,08G,3610,,,Leaf,CTAB
2021-07-12,plate 20,,plate 20_H08,H08,08H,3612,,,Leaf,CTAB
2021-07-12,plate 20,,plate 20_A09,A09,09A,3614,,,Leaf,CTAB
2021-07-12,plate 20,,plate 20_B09,B09,09B,3644,,,Leaf,CTAB
2021-07-12,plate 20,,plate 20_C09,C09,09C,3646,,,Leaf,CTAB
2021-07-12,plate 20,,plate 20_D09,D09,09D,3648,,,Leaf,CTAB
2021-07-12,plate 20,,plate 20_E09,E09,09E,3652,,,Leaf,CTAB
2021-07-12,plate 20,,plate 20_F09,F09,09F,3655,,,Leaf,CTAB
2021-07-12,plate 20,,plate 20_G09,G09,09G,3657,,,Leaf,CTAB
2021-07-12,plate 20,,plate 20_H09,H09,09H,3661,,,Leaf,CTAB
2021-07-12,plate 20,,plate 20_A10,A10,10A,TMS18F1299P0012,,,Leaf,CTAB
2021-07-12,plate 20,,plate 20_B10,B10,10B,TMS15F1474P0007,,,Leaf,CTAB
2021-07-12,plate 20,,plate 20_C10,C10,10C,TMS18F1481P0029,,,Leaf,CTAB
2021-07-12,plate 20,,plate 20_D10,D10,10D,TMS18F1419P0037,,,Leaf,CTAB
2021-07-12,plate 20,,plate 20_E10,E10,10E,TMS15F1302P0020,,,Leaf,CTAB
2021-07-12,plate 20,,plate 20_F10,F10,10F,TMS18F1279P0006,,,Leaf,CTAB
2021-07-12,plate 20,,plate 20_G10,G10,10G,TMS18F1286P0003,,,Leaf,CTAB
2021-07-12,plate 20,,plate 20_H10,H10,10H,TMS18F1294P0011,,,Leaf,CTAB
2021-07-12,plate 20,,plate 20_A11,A11,11A,TMS18F1178P0025,,,Leaf,CTAB
2021-07-12,plate 20,,plate 20_B11,B11,11B,TMS18F1159P0011,,,Leaf,CTAB
2021-07-12,plate 20,,plate 20_C11,C11,11C,TMS14F1306P0015,,,Leaf,CTAB
2021-07-12,plate 20,,plate 20_D11,D11,11D,TMS18F1051P0039,,,Leaf,CTAB
2021-07-12,plate 20,,plate 20_E11,E11,11E,TMS14F1035P0004,,,Leaf,CTAB
2021-07-12,plate 20,,plate 20_F11,F11,11F,TMS18F1420P0006,,,Leaf,CTAB
2021-07-12,plate 20,,plate 20_G11,G11,11G,TMS18F1289P0004,,,Leaf,CTAB
2021-07-12,plate 20,,plate 20_H11,H11,11H,BLANK_plate 20_H11,,,Leaf,CTAB
2021-07-12,plate 20,,plate 20_A12,A12,12A,TMS18F1539P0086,,,Leaf,CTAB
2021-07-12,plate 20,,plate 20_B12,B12,12B,TMS15F1302P0027,,,Leaf,CTAB
2021-07-12,plate 20,,plate 20_C12,C12,12C,TMS13F1304P0003,,,Leaf,CTAB
2021-07-12,plate 20,,plate 20_D12,D12,12D,TMS18F1015P0015,,,Leaf,CTAB
2021-07-12,plate 20,,plate 20_E12,E12,12E,TMS18F1095P0041,,,Leaf,CTAB
2021-07-12,plate 20,,plate 20_F12,F12,12F,TMS18F1327P0021,,,Leaf,CTAB
2021-07-12,plate 20,,plate 20_G12,G12,12G,TMS18F1331P0005,,,Leaf,CTAB
2021-07-12,plate 20,,plate 20_H12,H12,12H,BLANK_plate 20_H12,,,Leaf,CTAB
