date,plate_id,plate_name,sample_id,well_A01,well_01A,tissue_id,dna_person,notes,tissue_type,extraction
2021-07-09,plate 19,,plate 19_A01,A01,01A,3264,,,Leaf,CTAB
2021-07-09,plate 19,,plate 19_B01,B01,01B,3266,,,Leaf,CTAB
2021-07-09,plate 19,,plate 19_C01,C01,01C,3268,,,Leaf,CTAB
2021-07-09,plate 19,,plate 19_D01,D01,01D,3269,,,Leaf,CTAB
2021-07-09,plate 19,,plate 19_E01,E01,01E,3271,,,Leaf,CTAB
2021-07-09,plate 19,,plate 19_F01,F01,01F,3273,,,Leaf,CTAB
2021-07-09,plate 19,,plate 19_G01,G01,01G,3284,,,Leaf,CTAB
2021-07-09,plate 19,,plate 19_H01,H01,01H,3286,,,Leaf,CTAB
2021-07-09,plate 19,,plate 19_A02,A02,02A,3287,,,Leaf,CTAB
2021-07-09,plate 19,,plate 19_B02,B02,02B,3288,,,Leaf,CTAB
2021-07-09,plate 19,,plate 19_C02,C02,02C,3291,,,Leaf,CTAB
2021-07-09,plate 19,,plate 19_D02,D02,02D,3293,,,Leaf,CTAB
2021-07-09,plate 19,,plate 19_E02,E02,02E,3295,,,Leaf,CTAB
2021-07-09,plate 19,,plate 19_F02,F02,02F,3299,,,Leaf,CTAB
2021-07-09,plate 19,,plate 19_G02,G02,02G,3301,,,Leaf,CTAB
2021-07-09,plate 19,,plate 19_H02,H02,02H,3305,,,Leaf,CTAB
2021-07-09,plate 19,,plate 19_A03,A03,03A,3306,,,Leaf,CTAB
2021-07-09,plate 19,,plate 19_B03,B03,03B,3308,,,Leaf,CTAB
2021-07-09,plate 19,,plate 19_C03,C03,03C,3309,,,Leaf,CTAB
2021-07-09,plate 19,,plate 19_D03,D03,03D,3313,,,Leaf,CTAB
2021-07-09,plate 19,,plate 19_E03,E03,03E,3320,,,Leaf,CTAB
2021-07-09,plate 19,,plate 19_F03,F03,03F,3322,,,Leaf,CTAB
2021-07-09,plate 19,,plate 19_G03,G03,03G,3324,,,Leaf,CTAB
2021-07-09,plate 19,,plate 19_H03,H03,03H,3326,,,Leaf,CTAB
2021-07-09,plate 19,,plate 19_A04,A04,04A,3328,,,Leaf,CTAB
2021-07-09,plate 19,,plate 19_B04,B04,04B,3331,,,Leaf,CTAB
2021-07-09,plate 19,,plate 19_C04,C04,04C,3334,,,Leaf,CTAB
2021-07-09,plate 19,,plate 19_D04,D04,04D,3336,,,Leaf,CTAB
2021-07-09,plate 19,,plate 19_E04,E04,04E,3339,,,Leaf,CTAB
2021-07-09,plate 19,,plate 19_F04,F04,04F,3341,,,Leaf,CTAB
2021-07-09,plate 19,,plate 19_G04,G04,04G,3343,,,Leaf,CTAB
2021-07-09,plate 19,,plate 19_H04,H04,04H,3345,,,Leaf,CTAB
2021-07-09,plate 19,,plate 19_A05,A05,05A,3347,,,Leaf,CTAB
2021-07-09,plate 19,,plate 19_B05,B05,05B,3349,,,Leaf,CTAB
2021-07-09,plate 19,,plate 19_C05,C05,05C,3351,,,Leaf,CTAB
2021-07-09,plate 19,,plate 19_D05,D05,05D,3353,,,Leaf,CTAB
2021-07-09,plate 19,,plate 19_E05,E05,05E,3355,,,Leaf,CTAB
2021-07-09,plate 19,,plate 19_F05,F05,05F,3357,,,Leaf,CTAB
2021-07-09,plate 19,,plate 19_G05,G05,05G,3360,,,Leaf,CTAB
2021-07-09,plate 19,,plate 19_H05,H05,05H,3362,,,Leaf,CTAB
2021-07-09,plate 19,,plate 19_A06,A06,06A,3364,,,Leaf,CTAB
2021-07-09,plate 19,,plate 19_B06,B06,06B,3366,,,Leaf,CTAB
2021-07-09,plate 19,,plate 19_C06,C06,06C,3367,,,Leaf,CTAB
2021-07-09,plate 19,,plate 19_D06,D06,06D,3374,,,Leaf,CTAB
2021-07-09,plate 19,,plate 19_E06,E06,06E,3377,,,Leaf,CTAB
2021-07-09,plate 19,,plate 19_F06,F06,06F,3379,,,Leaf,CTAB
2021-07-09,plate 19,,plate 19_G06,G06,06G,3382,,,Leaf,CTAB
2021-07-09,plate 19,,plate 19_H06,H06,06H,3384,,,Leaf,CTAB
2021-07-09,plate 19,,plate 19_A07,A07,07A,3386,,,Leaf,CTAB
2021-07-09,plate 19,,plate 19_B07,B07,07B,3388,,,Leaf,CTAB
2021-07-09,plate 19,,plate 19_C07,C07,07C,3390,,,Leaf,CTAB
2021-07-09,plate 19,,plate 19_D07,D07,07D,3392,,,Leaf,CTAB
2021-07-09,plate 19,,plate 19_E07,E07,07E,3394,,,Leaf,CTAB
2021-07-09,plate 19,,plate 19_F07,F07,07F,3396,,,Leaf,CTAB
2021-07-09,plate 19,,plate 19_G07,G07,07G,3398,,,Leaf,CTAB
2021-07-09,plate 19,,plate 19_H07,H07,07H,3399,,,Leaf,CTAB
2021-07-09,plate 19,,plate 19_A08,A08,08A,3400,,,Leaf,CTAB
2021-07-09,plate 19,,plate 19_B08,B08,08B,3402,,,Leaf,CTAB
2021-07-09,plate 19,,plate 19_C08,C08,08C,3404,,,Leaf,CTAB
2021-07-09,plate 19,,plate 19_D08,D08,08D,3406,,,Leaf,CTAB
2021-07-09,plate 19,,plate 19_E08,E08,08E,3408,,,Leaf,CTAB
2021-07-09,plate 19,,plate 19_F08,F08,08F,3410,,,Leaf,CTAB
2021-07-09,plate 19,,plate 19_G08,G08,08G,3412,,,Leaf,CTAB
2021-07-09,plate 19,,plate 19_H08,H08,08H,3414,,,Leaf,CTAB
2021-07-09,plate 19,,plate 19_A09,A09,09A,3417,,,Leaf,CTAB
2021-07-09,plate 19,,plate 19_B09,B09,09B,3418,,,Leaf,CTAB
2021-07-09,plate 19,,plate 19_C09,C09,09C,3420,,,Leaf,CTAB
2021-07-09,plate 19,,plate 19_D09,D09,09D,3422,,,Leaf,CTAB
2021-07-09,plate 19,,plate 19_E09,E09,09E,3424,,,Leaf,CTAB
2021-07-09,plate 19,,plate 19_F09,F09,09F,3426,,,Leaf,CTAB
2021-07-09,plate 19,,plate 19_G09,G09,09G,3428,,,Leaf,CTAB
2021-07-09,plate 19,,plate 19_H09,H09,09H,3431,,,Leaf,CTAB
2021-07-09,plate 19,,plate 19_A10,A10,10A,3433,,,Leaf,CTAB
2021-07-09,plate 19,,plate 19_B10,B10,10B,3433,,,Leaf,CTAB
2021-07-09,plate 19,,plate 19_C10,C10,10C,3435,,,Leaf,CTAB
2021-07-09,plate 19,,plate 19_D10,D10,10D,3436,,,Leaf,CTAB
2021-07-09,plate 19,,plate 19_E10,E10,10E,3438,,,Leaf,CTAB
2021-07-09,plate 19,,plate 19_F10,F10,10F,3440,,,Leaf,CTAB
2021-07-09,plate 19,,plate 19_G10,G10,10G,3442,,,Leaf,CTAB
2021-07-09,plate 19,,plate 19_H10,H10,10H,3444,,,Leaf,CTAB
2021-07-09,plate 19,,plate 19_A11,A11,11A,3446,,,Leaf,CTAB
2021-07-09,plate 19,,plate 19_B11,B11,11B,3448,,,Leaf,CTAB
2021-07-09,plate 19,,plate 19_C11,C11,11C,3450,,,Leaf,CTAB
2021-07-09,plate 19,,plate 19_D11,D11,11D,3453,,,Leaf,CTAB
2021-07-09,plate 19,,plate 19_E11,E11,11E,3455,,,Leaf,CTAB
2021-07-09,plate 19,,plate 19_F11,F11,11F,3456,,,Leaf,CTAB
2021-07-09,plate 19,,plate 19_G11,G11,11G,3457,,,Leaf,CTAB
2021-07-09,plate 19,,plate 19_H11,H11,11H,BLANK_plate 19_H11,,,Leaf,CTAB
2021-07-09,plate 19,,plate 19_A12,A12,12A,3459,,,Leaf,CTAB
2021-07-09,plate 19,,plate 19_B12,B12,12B,3461,,,Leaf,CTAB
2021-07-09,plate 19,,plate 19_C12,C12,12C,3463,,,Leaf,CTAB
2021-07-09,plate 19,,plate 19_D12,D12,12D,3465,,,Leaf,CTAB
2021-07-09,plate 19,,plate 19_E12,E12,12E,3467,,,Leaf,CTAB
2021-07-09,plate 19,,plate 19_F12,F12,12F,3468,,,Leaf,CTAB
2021-07-09,plate 19,,plate 19_G12,G12,12G,3469,,,Leaf,CTAB
2021-07-09,plate 19,,plate 19_H12,H12,12H,BLANK_plate 19_H12,,,Leaf,CTAB
