date,plate_id,plate_name,sample_id,well_A01,well_01A,tissue_id,dna_person,notes,tissue_type,extraction
2021-07-13,Plate 27,Seren Plate 27,Plate 27_A01,A01,01A,4854,,,Leaf,CTAB
2021-07-13,Plate 27,Seren Plate 27,Plate 27_B01,B01,01B,4856,,,Leaf,CTAB
2021-07-13,Plate 27,Seren Plate 27,Plate 27_C01,C01,01C,4858,,,Leaf,CTAB
2021-07-13,Plate 27,Seren Plate 27,Plate 27_D01,D01,01D,4860,,,Leaf,CTAB
2021-07-13,Plate 27,Seren Plate 27,Plate 27_E01,E01,01E,4863,,,Leaf,CTAB
2021-07-13,Plate 27,Seren Plate 27,Plate 27_F01,F01,01F,4865,,,Leaf,CTAB
2021-07-13,Plate 27,Seren Plate 27,Plate 27_G01,G01,01G,4867,,,Leaf,CTAB
2021-07-13,Plate 27,Seren Plate 27,Plate 27_H01,H01,01H,4869,,,Leaf,CTAB
2021-07-13,Plate 27,Seren Plate 27,Plate 27_A02,A02,02A,4871,,,Leaf,CTAB
2021-07-13,Plate 27,Seren Plate 27,Plate 27_B02,B02,02B,4873,,,Leaf,CTAB
2021-07-13,Plate 27,Seren Plate 27,Plate 27_C02,C02,02C,4875,,,Leaf,CTAB
2021-07-13,Plate 27,Seren Plate 27,Plate 27_D02,D02,02D,4877,,,Leaf,CTAB
2021-07-13,Plate 27,Seren Plate 27,Plate 27_E02,E02,02E,4879,,,Leaf,CTAB
2021-07-13,Plate 27,Seren Plate 27,Plate 27_F02,F02,02F,4881,,,Leaf,CTAB
2021-07-13,Plate 27,Seren Plate 27,Plate 27_G02,G02,02G,4883,,,Leaf,CTAB
2021-07-13,Plate 27,Seren Plate 27,Plate 27_H02,H02,02H,4885,,,Leaf,CTAB
2021-07-13,Plate 27,Seren Plate 27,Plate 27_A03,A03,03A,4887,,,Leaf,CTAB
2021-07-13,Plate 27,Seren Plate 27,Plate 27_B03,B03,03B,4889,,,Leaf,CTAB
2021-07-13,Plate 27,Seren Plate 27,Plate 27_C03,C03,03C,4891,,,Leaf,CTAB
2021-07-13,Plate 27,Seren Plate 27,Plate 27_D03,D03,03D,4893,,,Leaf,CTAB
2021-07-13,Plate 27,Seren Plate 27,Plate 27_E03,E03,03E,4895,,,Leaf,CTAB
2021-07-13,Plate 27,Seren Plate 27,Plate 27_F03,F03,03F,4897,,,Leaf,CTAB
2021-07-13,Plate 27,Seren Plate 27,Plate 27_G03,G03,03G,4899,,,Leaf,CTAB
2021-07-13,Plate 27,Seren Plate 27,Plate 27_H03,H03,03H,4901,,,Leaf,CTAB
2021-07-13,Plate 27,Seren Plate 27,Plate 27_A04,A04,04A,4903,,,Leaf,CTAB
2021-07-13,Plate 27,Seren Plate 27,Plate 27_B04,B04,04B,4905,,,Leaf,CTAB
2021-07-13,Plate 27,Seren Plate 27,Plate 27_C04,C04,04C,4907,,,Leaf,CTAB
2021-07-13,Plate 27,Seren Plate 27,Plate 27_D04,D04,04D,4909,,,Leaf,CTAB
2021-07-13,Plate 27,Seren Plate 27,Plate 27_E04,E04,04E,4912,,,Leaf,CTAB
2021-07-13,Plate 27,Seren Plate 27,Plate 27_F04,F04,04F,4913,,,Leaf,CTAB
2021-07-13,Plate 27,Seren Plate 27,Plate 27_G04,G04,04G,4915,,,Leaf,CTAB
2021-07-13,Plate 27,Seren Plate 27,Plate 27_H04,H04,04H,4917,,,Leaf,CTAB
2021-07-13,Plate 27,Seren Plate 27,Plate 27_A05,A05,05A,4919,,,Leaf,CTAB
2021-07-13,Plate 27,Seren Plate 27,Plate 27_B05,B05,05B,4921,,,Leaf,CTAB
2021-07-13,Plate 27,Seren Plate 27,Plate 27_C05,C05,05C,4923,,,Leaf,CTAB
2021-07-13,Plate 27,Seren Plate 27,Plate 27_D05,D05,05D,4925,,,Leaf,CTAB
2021-07-13,Plate 27,Seren Plate 27,Plate 27_E05,E05,05E,4927,,,Leaf,CTAB
2021-07-13,Plate 27,Seren Plate 27,Plate 27_F05,F05,05F,4929,,,Leaf,CTAB
2021-07-13,Plate 27,Seren Plate 27,Plate 27_G05,G05,05G,4931,,,Leaf,CTAB
2021-07-13,Plate 27,Seren Plate 27,Plate 27_H05,H05,05H,4933,,,Leaf,CTAB
2021-07-13,Plate 27,Seren Plate 27,Plate 27_A06,A06,06A,4935,,,Leaf,CTAB
2021-07-13,Plate 27,Seren Plate 27,Plate 27_B06,B06,06B,4937,,,Leaf,CTAB
2021-07-13,Plate 27,Seren Plate 27,Plate 27_C06,C06,06C,4939,,,Leaf,CTAB
2021-07-13,Plate 27,Seren Plate 27,Plate 27_D06,D06,06D,4956,,,Leaf,CTAB
2021-07-13,Plate 27,Seren Plate 27,Plate 27_E06,E06,06E,4958,,,Leaf,CTAB
2021-07-13,Plate 27,Seren Plate 27,Plate 27_F06,F06,06F,4960,,,Leaf,CTAB
2021-07-13,Plate 27,Seren Plate 27,Plate 27_G06,G06,06G,4962,,,Leaf,CTAB
2021-07-13,Plate 27,Seren Plate 27,Plate 27_H06,H06,06H,4964,,,Leaf,CTAB
2021-07-13,Plate 27,Seren Plate 27,Plate 27_A07,A07,07A,4966,,,Leaf,CTAB
2021-07-13,Plate 27,Seren Plate 27,Plate 27_B07,B07,07B,4968,,,Leaf,CTAB
2021-07-13,Plate 27,Seren Plate 27,Plate 27_C07,C07,07C,4970,,,Leaf,CTAB
2021-07-13,Plate 27,Seren Plate 27,Plate 27_D07,D07,07D,4972,,,Leaf,CTAB
2021-07-13,Plate 27,Seren Plate 27,Plate 27_E07,E07,07E,4974,,,Leaf,CTAB
2021-07-13,Plate 27,Seren Plate 27,Plate 27_F07,F07,07F,4976,,,Leaf,CTAB
2021-07-13,Plate 27,Seren Plate 27,Plate 27_G07,G07,07G,4978,,,Leaf,CTAB
2021-07-13,Plate 27,Seren Plate 27,Plate 27_H07,H07,07H,4980,,,Leaf,CTAB
2021-07-13,Plate 27,Seren Plate 27,Plate 27_A08,A08,08A,4982,,,Leaf,CTAB
2021-07-13,Plate 27,Seren Plate 27,Plate 27_B08,B08,08B,4984,,,Leaf,CTAB
2021-07-13,Plate 27,Seren Plate 27,Plate 27_C08,C08,08C,4986,,,Leaf,CTAB
2021-07-13,Plate 27,Seren Plate 27,Plate 27_D08,D08,08D,4987,,,Leaf,CTAB
2021-07-13,Plate 27,Seren Plate 27,Plate 27_E08,E08,08E,4989,,,Leaf,CTAB
2021-07-13,Plate 27,Seren Plate 27,Plate 27_F08,F08,08F,4991,,,Leaf,CTAB
2021-07-13,Plate 27,Seren Plate 27,Plate 27_G08,G08,08G,4993,,,Leaf,CTAB
2021-07-13,Plate 27,Seren Plate 27,Plate 27_H08,H08,08H,4995,,,Leaf,CTAB
2021-07-13,Plate 27,Seren Plate 27,Plate 27_A09,A09,09A,4997,,,Leaf,CTAB
2021-07-13,Plate 27,Seren Plate 27,Plate 27_B09,B09,09B,4999,,,Leaf,CTAB
2021-07-13,Plate 27,Seren Plate 27,Plate 27_C09,C09,09C,5001,,,Leaf,CTAB
2021-07-13,Plate 27,Seren Plate 27,Plate 27_D09,D09,09D,5003,,,Leaf,CTAB
2021-07-13,Plate 27,Seren Plate 27,Plate 27_E09,E09,09E,5005,,,Leaf,CTAB
2021-07-13,Plate 27,Seren Plate 27,Plate 27_F09,F09,09F,5007,,,Leaf,CTAB
2021-07-13,Plate 27,Seren Plate 27,Plate 27_G09,G09,09G,5009,,,Leaf,CTAB
2021-07-13,Plate 27,Seren Plate 27,Plate 27_H09,H09,09H,5011,,,Leaf,CTAB
2021-07-13,Plate 27,Seren Plate 27,Plate 27_A10,A10,10A,5013,,,Leaf,CTAB
2021-07-13,Plate 27,Seren Plate 27,Plate 27_B10,B10,10B,5015,,,Leaf,CTAB
2021-07-13,Plate 27,Seren Plate 27,Plate 27_C10,C10,10C,5017,,,Leaf,CTAB
2021-07-13,Plate 27,Seren Plate 27,Plate 27_D10,D10,10D,5020,,,Leaf,CTAB
2021-07-13,Plate 27,Seren Plate 27,Plate 27_E10,E10,10E,5022,,,Leaf,CTAB
2021-07-13,Plate 27,Seren Plate 27,Plate 27_F10,F10,10F,5038,,,Leaf,CTAB
2021-07-13,Plate 27,Seren Plate 27,Plate 27_G10,G10,10G,5039,,,Leaf,CTAB
2021-07-13,Plate 27,Seren Plate 27,Plate 27_H10,H10,10H,5040,,,Leaf,CTAB
2021-07-13,Plate 27,Seren Plate 27,Plate 27_A11,A11,11A,5012,,,Leaf,CTAB
2021-07-13,Plate 27,Seren Plate 27,Plate 27_B11,B11,11B,5010,,,Leaf,CTAB
2021-07-13,Plate 27,Seren Plate 27,Plate 27_C11,C11,11C,5000,,,Leaf,CTAB
2021-07-13,Plate 27,Seren Plate 27,Plate 27_D11,D11,11D,4996,,,Leaf,CTAB
2021-07-13,Plate 27,Seren Plate 27,Plate 27_E11,E11,11E,4992,,,Leaf,CTAB
2021-07-13,Plate 27,Seren Plate 27,Plate 27_F11,F11,11F,4990,,,Leaf,CTAB
2021-07-13,Plate 27,Seren Plate 27,Plate 27_G11,G11,11G,4985,,,Leaf,CTAB
2021-07-13,Plate 27,Seren Plate 27,Plate 27_H11,H11,11H,BLANK_Plate 27_H11,,,Leaf,CTAB
2021-07-13,Plate 27,Seren Plate 27,Plate 27_A12,A12,12A,4981,,,Leaf,CTAB
2021-07-13,Plate 27,Seren Plate 27,Plate 27_B12,B12,12B,4977,,,Leaf,CTAB
2021-07-13,Plate 27,Seren Plate 27,Plate 27_C12,C12,12C,4969,,,Leaf,CTAB
2021-07-13,Plate 27,Seren Plate 27,Plate 27_D12,D12,12D,4965,,,Leaf,CTAB
2021-07-13,Plate 27,Seren Plate 27,Plate 27_E12,E12,12E,4961,,,Leaf,CTAB
2021-07-13,Plate 27,Seren Plate 27,Plate 27_F12,F12,12F,4959,,,Leaf,CTAB
2021-07-13,Plate 27,Seren Plate 27,Plate 27_G12,G12,12G,4957,,,Leaf,CTAB
2021-07-13,Plate 27,Seren Plate 27,Plate 27_H12,H12,12H,BLANK_Plate 27_H12,,,Leaf,CTAB
