date,plate_id,plate_name,sample_id,well_A01,well_01A,tissue_id,dna_person,notes,tissue_type,extraction
2021-07-12,plate 22,,plate 22_A01,A01,01A,4897,,,Leaf,CTAB
2021-07-12,plate 22,,plate 22_B01,B01,01B,4899,,,Leaf,CTAB
2021-07-12,plate 22,,plate 22_C01,C01,01C,3901,,,Leaf,CTAB
2021-07-12,plate 22,,plate 22_D01,D01,01D,3903,,,Leaf,CTAB
2021-07-12,plate 22,,plate 22_E01,E01,01E,3905,,,Leaf,CTAB
2021-07-12,plate 22,,plate 22_F01,F01,01F,3908,,,Leaf,CTAB
2021-07-12,plate 22,,plate 22_G01,G01,01G,3909,,,Leaf,CTAB
2021-07-12,plate 22,,plate 22_H01,H01,01H,3910,,,Leaf,CTAB
2021-07-12,plate 22,,plate 22_A02,A02,02A,3912,,,Leaf,CTAB
2021-07-12,plate 22,,plate 22_B02,B02,02B,3914,,,Leaf,CTAB
2021-07-12,plate 22,,plate 22_C02,C02,02C,3917,,,Leaf,CTAB
2021-07-12,plate 22,,plate 22_D02,D02,02D,3919,,,Leaf,CTAB
2021-07-12,plate 22,,plate 22_E02,E02,02E,3921,,,Leaf,CTAB
2021-07-12,plate 22,,plate 22_F02,F02,02F,3922,,,Leaf,CTAB
2021-07-12,plate 22,,plate 22_G02,G02,02G,3923,,,Leaf,CTAB
2021-07-12,plate 22,,plate 22_H02,H02,02H,392,,,Leaf,CTAB
2021-07-12,plate 22,,plate 22_A03,A03,03A,3930,,,Leaf,CTAB
2021-07-12,plate 22,,plate 22_B03,B03,03B,3932,,,Leaf,CTAB
2021-07-12,plate 22,,plate 22_C03,C03,03C,3936,,,Leaf,CTAB
2021-07-12,plate 22,,plate 22_D03,D03,03D,3938,,,Leaf,CTAB
2021-07-12,plate 22,,plate 22_E03,E03,03E,3939,,,Leaf,CTAB
2021-07-12,plate 22,,plate 22_F03,F03,03F,3941,,,Leaf,CTAB
2021-07-12,plate 22,,plate 22_G03,G03,03G,3943,,,Leaf,CTAB
2021-07-12,plate 22,,plate 22_H03,H03,03H,3945,,,Leaf,CTAB
2021-07-12,plate 22,,plate 22_A04,A04,04A,3947,,,Leaf,CTAB
2021-07-12,plate 22,,plate 22_B04,B04,04B,3949,,,Leaf,CTAB
2021-07-12,plate 22,,plate 22_C04,C04,04C,3951,,,Leaf,CTAB
2021-07-12,plate 22,,plate 22_D04,D04,04D,3953,,,Leaf,CTAB
2021-07-12,plate 22,,plate 22_E04,E04,04E,3954,,,Leaf,CTAB
2021-07-12,plate 22,,plate 22_F04,F04,04F,3956,,,Leaf,CTAB
2021-07-12,plate 22,,plate 22_G04,G04,04G,3958,,,Leaf,CTAB
2021-07-12,plate 22,,plate 22_H04,H04,04H,3960,,,Leaf,CTAB
2021-07-12,plate 22,,plate 22_A05,A05,05A,3961,,,Leaf,CTAB
2021-07-12,plate 22,,plate 22_B05,B05,05B,3963,,,Leaf,CTAB
2021-07-12,plate 22,,plate 22_C05,C05,05C,3965,,,Leaf,CTAB
2021-07-12,plate 22,,plate 22_D05,D05,05D,3967,,,Leaf,CTAB
2021-07-12,plate 22,,plate 22_E05,E05,05E,3969,,,Leaf,CTAB
2021-07-12,plate 22,,plate 22_F05,F05,05F,3971,,,Leaf,CTAB
2021-07-12,plate 22,,plate 22_G05,G05,05G,3987,,,Leaf,CTAB
2021-07-12,plate 22,,plate 22_H05,H05,05H,3988,,,Leaf,CTAB
2021-07-12,plate 22,,plate 22_A06,A06,06A,3989,,,Leaf,CTAB
2021-07-12,plate 22,,plate 22_B06,B06,06B,3991,,,Leaf,CTAB
2021-07-12,plate 22,,plate 22_C06,C06,06C,3994,,,Leaf,CTAB
2021-07-12,plate 22,,plate 22_D06,D06,06D,3995,,,Leaf,CTAB
2021-07-12,plate 22,,plate 22_E06,E06,06E,3998,,,Leaf,CTAB
2021-07-12,plate 22,,plate 22_F06,F06,06F,4000,,,Leaf,CTAB
2021-07-12,plate 22,,plate 22_G06,G06,06G,4002,,,Leaf,CTAB
2021-07-12,plate 22,,plate 22_H06,H06,06H,4004,,,Leaf,CTAB
2021-07-12,plate 22,,plate 22_A07,A07,07A,4005,,,Leaf,CTAB
2021-07-12,plate 22,,plate 22_B07,B07,07B,4006,,,Leaf,CTAB
2021-07-12,plate 22,,plate 22_C07,C07,07C,4009,,,Leaf,CTAB
2021-07-12,plate 22,,plate 22_D07,D07,07D,4011,,,Leaf,CTAB
2021-07-12,plate 22,,plate 22_E07,E07,07E,4013,,,Leaf,CTAB
2021-07-12,plate 22,,plate 22_F07,F07,07F,4016,,,Leaf,CTAB
2021-07-12,plate 22,,plate 22_G07,G07,07G,4019,,,Leaf,CTAB
2021-07-12,plate 22,,plate 22_H07,H07,07H,4020,,,Leaf,CTAB
2021-07-12,plate 22,,plate 22_A08,A08,08A,4024,,,Leaf,CTAB
2021-07-12,plate 22,,plate 22_B08,B08,08B,4026,,,Leaf,CTAB
2021-07-12,plate 22,,plate 22_C08,C08,08C,4029,,,Leaf,CTAB
2021-07-12,plate 22,,plate 22_D08,D08,08D,4033,,,Leaf,CTAB
2021-07-12,plate 22,,plate 22_E08,E08,08E,4036,,,Leaf,CTAB
2021-07-12,plate 22,,plate 22_F08,F08,08F,4039,,,Leaf,CTAB
2021-07-12,plate 22,,plate 22_G08,G08,08G,4042,,,Leaf,CTAB
2021-07-12,plate 22,,plate 22_H08,H08,08H,4045,,,Leaf,CTAB
2021-07-12,plate 22,,plate 22_A09,A09,09A,4047,,,Leaf,CTAB
2021-07-12,plate 22,,plate 22_B09,B09,09B,4049,,,Leaf,CTAB
2021-07-12,plate 22,,plate 22_C09,C09,09C,4050,,,Leaf,CTAB
2021-07-12,plate 22,,plate 22_D09,D09,09D,4051,,,Leaf,CTAB
2021-07-12,plate 22,,plate 22_E09,E09,09E,4053,,,Leaf,CTAB
2021-07-12,plate 22,,plate 22_F09,F09,09F,4055,,,Leaf,CTAB
2021-07-12,plate 22,,plate 22_G09,G09,09G,4056,,,Leaf,CTAB
2021-07-12,plate 22,,plate 22_H09,H09,09H,4058,,,Leaf,CTAB
2021-07-12,plate 22,,plate 22_A10,A10,10A,4059,,,Leaf,CTAB
2021-07-12,plate 22,,plate 22_B10,B10,10B,4061,,,Leaf,CTAB
2021-07-12,plate 22,,plate 22_C10,C10,10C,4063,,,Leaf,CTAB
2021-07-12,plate 22,,plate 22_D10,D10,10D,4064,,,Leaf,CTAB
2021-07-12,plate 22,,plate 22_E10,E10,10E,TMS18F1269P0003,,,Leaf,CTAB
2021-07-12,plate 22,,plate 22_F10,F10,10F,TMS18F1047P0024,,,Leaf,CTAB
2021-07-12,plate 22,,plate 22_G10,G10,10G,TMS18F1163P0020,,,Leaf,CTAB
2021-07-12,plate 22,,plate 22_H10,H10,10H,TMS18F1309P0044,,,Leaf,CTAB
2021-07-12,plate 22,,plate 22_A11,A11,11A,TMS18F1033P0018,,,Leaf,CTAB
2021-07-12,plate 22,,plate 22_B11,B11,11B,TMS18F1562P0004,,,Leaf,CTAB
2021-07-12,plate 22,,plate 22_C11,C11,11C,TMS18F1298P0026,,,Leaf,CTAB
2021-07-12,plate 22,,plate 22_D11,D11,11D,TMS15F1329P0005,,,Leaf,CTAB
2021-07-12,plate 22,,plate 22_E11,E11,11E,TMS15F1100P0005,,,Leaf,CTAB
2021-07-12,plate 22,,plate 22_F11,F11,11F,TMS15F1279P0006,,,Leaf,CTAB
2021-07-12,plate 22,,plate 22_G11,G11,11G,TMS18F1288P0003,,,Leaf,CTAB
2021-07-12,plate 22,,plate 22_H11,H11,11H,BLANK_plate 22_H11,,,Leaf,CTAB
2021-07-12,plate 22,,plate 22_A12,A12,12A,TMS18F1157P0033,,,Leaf,CTAB
2021-07-12,plate 22,,plate 22_B12,B12,12B,705,,,Leaf,CTAB
2021-07-12,plate 22,,plate 22_C12,C12,12C,1011,,,Leaf,CTAB
2021-07-12,plate 22,,plate 22_D12,D12,12D,1009,,,Leaf,CTAB
2021-07-12,plate 22,,plate 22_E12,E12,12E,2655,,,Leaf,CTAB
2021-07-12,plate 22,,plate 22_F12,F12,12F,2507,,,Leaf,CTAB
2021-07-12,plate 22,,plate 22_G12,G12,12G,2635,,,Leaf,CTAB
2021-07-12,plate 22,,plate 22_H12,H12,12H,BLANK_plate 22_H12,,,Leaf,CTAB
