date,plate_id,plate_name,sample_id,well_A01,well_01A,tissue_id,dna_person,notes,tissue_type,extraction
2021-07-08,Plate 9,Seren Plate 9,Plate 9_A01,A01,01A,21.GS.C6.SN.Student2.IB-plant1374-TMS21F2087P0001,,,Leaf,CTAB
2021-07-08,Plate 9,Seren Plate 9,Plate 9_B01,B01,01B,21.GS.C6.SN.Student2.IB-plant1375-TMS21F2087P0002,,,Leaf,CTAB
2021-07-08,Plate 9,Seren Plate 9,Plate 9_C01,C01,01C,21.GS.C6.SN.Student2.IB-plant1378-TMS21F2087P0005,,,Leaf,CTAB
2021-07-08,Plate 9,Seren Plate 9,Plate 9_D01,D01,01D,21.GS.C6.SN.Student2.IB-plant1380-TMS21F2087P0007,,,Leaf,CTAB
2021-07-08,Plate 9,Seren Plate 9,Plate 9_E01,E01,01E,21.GS.C6.SN.Student2.IB-plant1382-TMS21F2087P0009,,,Leaf,CTAB
2021-07-08,Plate 9,Seren Plate 9,Plate 9_F01,F01,01F,21.GS.C6.SN.Student2.IB-plant1384-TMS21F2087P0011,,,Leaf,CTAB
2021-07-08,Plate 9,Seren Plate 9,Plate 9_G01,G01,01G,21.GS.C6.SN.Student2.IB-plant1385-TMS21F2087P0012,,,Leaf,CTAB
2021-07-08,Plate 9,Seren Plate 9,Plate 9_H01,H01,01H,21.GS.C6.SN.Student2.IB-plant1387-TMS21F2087P0014,,,Leaf,CTAB
2021-07-08,Plate 9,Seren Plate 9,Plate 9_A02,A02,02A,21.GS.C6.SN.Student2.IB-plant1389-TMS21F2087P0016,,,Leaf,CTAB
2021-07-08,Plate 9,Seren Plate 9,Plate 9_B02,B02,02B,21.GS.C6.SN.Student2.IB-plant1391-TMS21F2087P0018,,,Leaf,CTAB
2021-07-08,Plate 9,Seren Plate 9,Plate 9_C02,C02,02C,21.GS.C6.SN.Student2.IB-plant1392-TMS21F2087P0019,,,Leaf,CTAB
2021-07-08,Plate 9,Seren Plate 9,Plate 9_D02,D02,02D,1394,,,Leaf,CTAB
2021-07-08,Plate 9,Seren Plate 9,Plate 9_E02,E02,02E,21.GS.C6.SN.Student2.IB-plant1397-TMS21F2087P0024,,,Leaf,CTAB
2021-07-08,Plate 9,Seren Plate 9,Plate 9_F02,F02,02F,21.GS.C6.SN.Student2.IB-plant1399-TMS21F2087P0026,,,Leaf,CTAB
2021-07-08,Plate 9,Seren Plate 9,Plate 9_G02,G02,02G,21.GS.C6.SN.Student2.IB-plant1401-TMS21F2087P0028,,,Leaf,CTAB
2021-07-08,Plate 9,Seren Plate 9,Plate 9_H02,H02,02H,21.GS.C6.SN.Student2.IB-plant1403-TMS21F2087P0030,,,Leaf,CTAB
2021-07-08,Plate 9,Seren Plate 9,Plate 9_A03,A03,03A,21.GS.C6.SN.Student2.IB-plant1405-TMS21F2087P0032,,,Leaf,CTAB
2021-07-08,Plate 9,Seren Plate 9,Plate 9_B03,B03,03B,21.GS.C6.SN.Student2.IB-plant1408-TMS21F2087P0035,,,Leaf,CTAB
2021-07-08,Plate 9,Seren Plate 9,Plate 9_C03,C03,03C,21.GS.C6.SN.Student2.IB-plant1410-TMS21F2087P0037,,,Leaf,CTAB
2021-07-08,Plate 9,Seren Plate 9,Plate 9_D03,D03,03D,21.GS.C6.SN.Student2.IB-plant1412-TMS21F2087P0039,,,Leaf,CTAB
2021-07-08,Plate 9,Seren Plate 9,Plate 9_E03,E03,03E,21.GS.C6.SN.Student2.IB-plant1414-TMS21F2088P0002,,,Leaf,CTAB
2021-07-08,Plate 9,Seren Plate 9,Plate 9_F03,F03,03F,21.GS.C6.SN.Student2.IB-plant1416-TMS21F2088P0004,,,Leaf,CTAB
2021-07-08,Plate 9,Seren Plate 9,Plate 9_G03,G03,03G,21.GS.C6.SN.Student2.IB-plant1418-TMS21F2088P0006,,,Leaf,CTAB
2021-07-08,Plate 9,Seren Plate 9,Plate 9_H03,H03,03H,21.GS.C6.SN.Student2.IB-plant1420-TMS21F2088P0008,,,Leaf,CTAB
2021-07-08,Plate 9,Seren Plate 9,Plate 9_A04,A04,04A,21.GS.C6.SN.Student2.IB-plant1422-TMS21F2088P0010,,,Leaf,CTAB
2021-07-08,Plate 9,Seren Plate 9,Plate 9_B04,B04,04B,21.GS.C6.SN.Student2.IB-plant1424-TMS21F2088P0012,,,Leaf,CTAB
2021-07-08,Plate 9,Seren Plate 9,Plate 9_C04,C04,04C,21.GS.C6.SN.Student2.IB-plant1427-TMS21F2089P0001,,,Leaf,CTAB
2021-07-08,Plate 9,Seren Plate 9,Plate 9_D04,D04,04D,21.GS.C6.SN.Student2.IB-plant1429-TMS21F2090P0002,,,Leaf,CTAB
2021-07-08,Plate 9,Seren Plate 9,Plate 9_E04,E04,04E,21.GS.C6.SN.Student2.IB-plant1430-TMS21F2090P0003,,,Leaf,CTAB
2021-07-08,Plate 9,Seren Plate 9,Plate 9_F04,F04,04F,21.GS.C6.SN.Student2.IB-plant1431-TMS21F2090P0004,,,Leaf,CTAB
2021-07-08,Plate 9,Seren Plate 9,Plate 9_G04,G04,04G,21.GS.C6.SN.Student2.IB-plant1433-TMS21F2090P0006,,,Leaf,CTAB
2021-07-08,Plate 9,Seren Plate 9,Plate 9_H04,H04,04H,1436,,,Leaf,CTAB
2021-07-08,Plate 9,Seren Plate 9,Plate 9_A05,A05,05A,21.GS.C6.SN.Student2.IB-plant1438-TMS21F2090P0011,,,Leaf,CTAB
2021-07-08,Plate 9,Seren Plate 9,Plate 9_B05,B05,05B,21.GS.C6.SN.Student2.IB-plant1440-TMS21F2090P0013,,,Leaf,CTAB
2021-07-08,Plate 9,Seren Plate 9,Plate 9_C05,C05,05C,21.GS.C6.SN.Student2.IB-plant1442-TMS21F2090P0015,,,Leaf,CTAB
2021-07-08,Plate 9,Seren Plate 9,Plate 9_D05,D05,05D,21.GS.C6.SN.Student2.IB-plant1444-TMS21F2090P0017,,,Leaf,CTAB
2021-07-08,Plate 9,Seren Plate 9,Plate 9_E05,E05,05E,21.GS.C6.SN.Student2.IB-plant1446-TMS21F2090P0019,,,Leaf,CTAB
2021-07-08,Plate 9,Seren Plate 9,Plate 9_F05,F05,05F,21.GS.C6.SN.Student2.IB-plant1448-TMS21F2090P0021,,,Leaf,CTAB
2021-07-08,Plate 9,Seren Plate 9,Plate 9_G05,G05,05G,21.GS.C6.SN.Student2.IB-plant1451-TMS21F2090P0024,,,Leaf,CTAB
2021-07-08,Plate 9,Seren Plate 9,Plate 9_H05,H05,05H,21.GS.C6.SN.Student2.IB-plant1453-TMS21F2090P0026,,,Leaf,CTAB
2021-07-08,Plate 9,Seren Plate 9,Plate 9_A06,A06,06A,21.GS.C6.SN.Student2.IB-plant1455-TMS21F2090P0028,,,Leaf,CTAB
2021-07-08,Plate 9,Seren Plate 9,Plate 9_B06,B06,06B,21.GS.C6.SN.Student2.IB-plant1456-TMS21F2090P0029,,,Leaf,CTAB
2021-07-08,Plate 9,Seren Plate 9,Plate 9_C06,C06,06C,1457,,,Leaf,CTAB
2021-07-08,Plate 9,Seren Plate 9,Plate 9_D06,D06,06D,21.GS.C6.SN.Student2.IB-plant1459-TMS21F2090P0032,,,Leaf,CTAB
2021-07-08,Plate 9,Seren Plate 9,Plate 9_E06,E06,06E,21.GS.C6.SN.Student2.IB-plant1463-TMS21F2091P0001,,,Leaf,CTAB
2021-07-08,Plate 9,Seren Plate 9,Plate 9_F06,F06,06F,1465,,,Leaf,CTAB
2021-07-08,Plate 9,Seren Plate 9,Plate 9_G06,G06,06G,21.GS.C6.SN.Student2.IB-plant1467-TMS21F2091P0005,,,Leaf,CTAB
2021-07-08,Plate 9,Seren Plate 9,Plate 9_H06,H06,06H,21.GS.C6.SN.Student2.IB-plant1468-TMS21F2091P0006,,,Leaf,CTAB
2021-07-08,Plate 9,Seren Plate 9,Plate 9_A07,A07,07A,11812364,,,Leaf,CTAB
2021-07-08,Plate 9,Seren Plate 9,Plate 9_B07,B07,07B,1472,,,Leaf,CTAB
2021-07-08,Plate 9,Seren Plate 9,Plate 9_C07,C07,07C,21.GS.C6.SN.Student2.IB-plant1473-TMS21F2091P0011,,,Leaf,CTAB
2021-07-08,Plate 9,Seren Plate 9,Plate 9_D07,D07,07D,21.GS.C6.SN.Student2.IB-plant1477-TMS21F2092P0001,,,Leaf,CTAB
2021-07-08,Plate 9,Seren Plate 9,Plate 9_E07,E07,07E,1479,,,Leaf,CTAB
2021-07-08,Plate 9,Seren Plate 9,Plate 9_F07,F07,07F,21.GS.C6.SN.Student2.IB-plant1481-TMS21F2092P0005,,,Leaf,CTAB
2021-07-08,Plate 9,Seren Plate 9,Plate 9_G07,G07,07G,21.GS.C6.SN.Student2.IB-plant1483-TMS21F2092P0007,,,Leaf,CTAB
2021-07-08,Plate 9,Seren Plate 9,Plate 9_H07,H07,07H,21.GS.C6.SN.Student2.IB-plant1485-TMS21F2092P0009,,,Leaf,CTAB
2021-07-08,Plate 9,Seren Plate 9,Plate 9_A08,A08,08A,21.GS.C6.SN.Student2.IB-plant1487-TMS21F2092P0011,,,Leaf,CTAB
2021-07-08,Plate 9,Seren Plate 9,Plate 9_B08,B08,08B,21.GS.C6.SN.Student2.IB-plant1489-TMS21F2092P0013,,,Leaf,CTAB
2021-07-08,Plate 9,Seren Plate 9,Plate 9_C08,C08,08C,21.GS.C6.SN.Student2.IB-plant1491-TMS21F2092P0015,,,Leaf,CTAB
2021-07-08,Plate 9,Seren Plate 9,Plate 9_D08,D08,08D,01318911,,,Leaf,CTAB
2021-07-08,Plate 9,Seren Plate 9,Plate 9_E08,E08,08E,21.GS.C6.SN.Student2.IB-plant1494-TMS21F2092P0018,,,Leaf,CTAB
2021-07-08,Plate 9,Seren Plate 9,Plate 9_F08,F08,08F,21.GS.C6.SN.Student2.IB-plant1498-TMS21F2093P0002,,,Leaf,CTAB
2021-07-08,Plate 9,Seren Plate 9,Plate 9_G08,G08,08G,1500,,,Leaf,CTAB
2021-07-08,Plate 9,Seren Plate 9,Plate 9_H08,H08,08H,21.GS.C6.SN.Student2.IB-plant1502-TMS21F2093P0006,,,Leaf,CTAB
2021-07-08,Plate 9,Seren Plate 9,Plate 9_A09,A09,09A,08955625,,,Leaf,CTAB
2021-07-08,Plate 9,Seren Plate 9,Plate 9_B09,B09,09B,21.GS.C6.SN.Student2.IB-plant1506-TMS21F2093P0010,,,Leaf,CTAB
2021-07-08,Plate 9,Seren Plate 9,Plate 9_C09,C09,09C,21.GS.C6.SN.Student2.IB-plant1508-TMS21F2093P0012,,,Leaf,CTAB
2021-07-08,Plate 9,Seren Plate 9,Plate 9_D09,D09,09D,21.GS.C6.SN.Student2.IB-plant1509-TMS21F2093P0013,,,Leaf,CTAB
2021-07-08,Plate 9,Seren Plate 9,Plate 9_E09,E09,09E,21.GS.C6.SN.Student2.IB-plant1511-TMS21F2094P0001,,,Leaf,CTAB
2021-07-08,Plate 9,Seren Plate 9,Plate 9_F09,F09,09F,21.GS.C6.SN.Student2.IB-plant1513-TMS21F2094P0003,,,Leaf,CTAB
2021-07-08,Plate 9,Seren Plate 9,Plate 9_G09,G09,09G,21.GS.C6.SN.Student2.IB-plant1515-TMS21F2095P0001,,,Leaf,CTAB
2021-07-08,Plate 9,Seren Plate 9,Plate 9_H09,H09,09H,21.GS.C6.SN.Student2.IB-plant1517-TMS21F2095P0003,,,Leaf,CTAB
2021-07-08,Plate 9,Seren Plate 9,Plate 9_A10,A10,10A,21.GS.C6.SN.Student2.IB-plant1520-TMS21F2095P0006,,,Leaf,CTAB
2021-07-08,Plate 9,Seren Plate 9,Plate 9_B10,B10,10B,1523,,,Leaf,CTAB
2021-07-08,Plate 9,Seren Plate 9,Plate 9_C10,C10,10C,21.GS.C6.SN.Student2.IB-plant1525-TMS21F2097P0004,,,Leaf,CTAB
2021-07-08,Plate 9,Seren Plate 9,Plate 9_D10,D10,10D,21.GS.C6.SN.Student2.IB-plant1528-TMS21F2097P0007,,,Leaf,CTAB
2021-07-08,Plate 9,Seren Plate 9,Plate 9_E10,E10,10E,21.GS.C6.SN.Student2.IB-plant1529-TMS21F2097P0008,,,Leaf,CTAB
2021-07-08,Plate 9,Seren Plate 9,Plate 9_F10,F10,10F,21.GS.C6.SN.Student2.IB-plant1531-TMS21F2097P0010,,,Leaf,CTAB
2021-07-08,Plate 9,Seren Plate 9,Plate 9_G10,G10,10G,21.GS.C6.SN.Student2.IB-plant1532-TMS21F2097P0011,,,Leaf,CTAB
2021-07-08,Plate 9,Seren Plate 9,Plate 9_H10,H10,10H,21.GS.C6.SN.Student2.IB-plant1535-TMS21F2097P0014,,,Leaf,CTAB
2021-07-08,Plate 9,Seren Plate 9,Plate 9_A11,A11,11A,21.GS.C6.SN.Student2.IB-plant1538-TMS21F2098P0001,,,Leaf,CTAB
2021-07-08,Plate 9,Seren Plate 9,Plate 9_B11,B11,11B,21.GS.C6.SN.Student2.IB-plant1539-TMS21F2098P0002,,,Leaf,CTAB
2021-07-08,Plate 9,Seren Plate 9,Plate 9_C11,C11,11C,21.GS.C6.SN.Student2.IB-plant1541-TMS21F2098P0004,,,Leaf,CTAB
2021-07-08,Plate 9,Seren Plate 9,Plate 9_D11,D11,11D,21.GS.C6.SN.Student2.IB-plant1543-TMS21F2098P0006,,,Leaf,CTAB
2021-07-08,Plate 9,Seren Plate 9,Plate 9_E11,E11,11E,21.GS.C6.SN.Student2.IB-plant1547-TMS21F2100P0001,,,Leaf,CTAB
2021-07-08,Plate 9,Seren Plate 9,Plate 9_F11,F11,11F,21.GS.C6.SN.Student2.IB-plant1549-TMS21F2100P0003,,,Leaf,CTAB
2021-07-08,Plate 9,Seren Plate 9,Plate 9_G11,G11,11G,21.GS.C6.SN.Student2.IB-plant1551-TMS21F2101P0001,,,Leaf,CTAB
2021-07-08,Plate 9,Seren Plate 9,Plate 9_H11,H11,11H,BLANK_Plate 9_H11,,,Leaf,CTAB
2021-07-08,Plate 9,Seren Plate 9,Plate 9_A12,A12,12A,21.GS.C6.SN.Student2.IB-plant1552-TMS21F2101P0002,,,Leaf,CTAB
2021-07-08,Plate 9,Seren Plate 9,Plate 9_B12,B12,12B,21.GS.C6.SN.Student2.IB-plant1553-TMS21F2102P0001,,,Leaf,CTAB
2021-07-08,Plate 9,Seren Plate 9,Plate 9_C12,C12,12C,21.GS.C6.SN.Student2.IB-plant1555-TMS21F2102P0003,,,Leaf,CTAB
2021-07-08,Plate 9,Seren Plate 9,Plate 9_D12,D12,12D,21.GS.C6.SN.Student2.IB-plant1556-TMS21F2102P0004,,,Leaf,CTAB
2021-07-08,Plate 9,Seren Plate 9,Plate 9_E12,E12,12E,21.GS.C6.SN.Student2.IB-plant1557-TMS21F2102P0005,,,Leaf,CTAB
2021-07-08,Plate 9,Seren Plate 9,Plate 9_F12,F12,12F,21.GS.C6.SN.Student2.IB-plant1558-TMS21F2102P0006,,,Leaf,CTAB
2021-07-08,Plate 9,Seren Plate 9,Plate 9_G12,G12,12G,21.GS.C6.SN.Student2.IB-plant1559-TMS21F2102P0007,,,Leaf,CTAB
2021-07-08,Plate 9,Seren Plate 9,Plate 9_H12,H12,12H,BLANK_Plate 9_H12,,,Leaf,CTAB
